method,block_length,R,core,cutoff,n_segments,n_distinct_segments,adp_h3,adp_c3,adp_v3,adp_h2,adp_c2,adp_v2,adp_k
block,25.0,30,0.0,0.4722771813941788,263,263,0.6719569748652342,0.5258274560243681,0.5899783258808822,0.67206798961392,0.5258235713950639,0.5900186661661302,3
block,25.0,30,0.2,0.4722771813941788,263,263,0.5755478670916514,0.5759943967091516,0.5757710453257678,0.7751028811221712,0.6012200540772272,0.6771774039152699,3
block,25.0,30,0.4,0.4722771813941788,263,263,0.5261576594182497,0.5961182616519055,0.5589573533541676,0.8646845275310605,0.6630570803940014,0.7505656654403753,3
block,25.0,30,0.6,0.4722771813941788,263,263,0.4631400803668551,0.5645137304430223,0.5088268670546375,0.9143058440101532,0.689517960271986,0.786159051815313,3
block,25.0,30,0.8,0.4722771813941788,263,263,0.3786764694076321,0.4648067699837178,0.4173441234972443,0.9500395875740552,0.6973693710478203,0.8043279189294702,3
block,40.0,30,0.0,0.5693376596977755,176,176,0.6761155698522358,0.6900669832182778,0.6830200408374824,0.6762250610705307,0.6900629518671983,0.6830739307528049,2
block,40.0,30,0.2,0.5693376596977755,176,176,0.5727481204219615,0.7475994983413006,0.6485961748534874,0.7655869255844681,0.7747588724668195,0.7701455919723448,2
block,40.0,30,0.4,0.5693376596977755,176,176,0.5121618160591459,0.7568193807239353,0.6109058029274919,0.8322610335564846,0.8371110775550974,0.8346790101143846,2
block,40.0,30,0.6,0.5693376596977755,176,176,0.4405984027318206,0.7004442591075178,0.540934413912211,0.8724565017745682,0.8751914406418384,0.8738218312203871,2
block,40.0,30,0.8,0.5693376596977755,176,176,0.3504656096044003,0.5610712979343933,0.4314387993197977,0.903201842634124,0.9045977509556756,0.9038992578634693,2
block,50.0,30,0.0,0.6189257477820522,172,172,0.711129935458511,0.7104291205529218,0.7107793552582214,0.711248794556569,0.7104263124072306,0.7108373155664707,2
block,50.0,30,0.2,0.6189257477820522,172,172,0.6034332471907076,0.7709674554252286,0.6769894605265003,0.8162136600568705,0.8149154314238827,0.815564029105123,2
block,50.0,30,0.4,0.6189257477820522,172,172,0.5414879745088798,0.7832048114315631,0.6402933441909048,0.9039575751435928,0.9031952143464048,0.9035762339412228,2
block,50.0,30,0.6,0.6189257477820522,172,172,0.464924126770497,0.7234595071056471,0.5660693567410113,0.9486217925346964,0.9483011887955292,0.9484614635720896,2
block,50.0,30,0.8,0.6189257477820522,172,172,0.3688657439297297,0.5780194489914547,0.450343031345369,0.9762080795520988,0.976116356617076,0.9761622159299512,2
block,60.0,30,0.0,0.6642016793399874,156,156,0.8001585433220318,0.5980320448910497,0.6844852968313541,0.8002906900286284,0.5980282850662935,0.6845311798473632,3
block,60.0,30,0.2,0.6642016793399874,156,156,0.7017203564873188,0.6707296447375163,0.6858751065492815,0.8877833261933686,0.7047727958265304,0.785762621785531,3
block,60.0,30,0.4,0.6642016793399874,156,156,0.640275064128508,0.6928348649369395,0.6655188411790559,0.9468354317094716,0.8070543732221023,0.8713747850453794,3
block,60.0,30,0.6,0.6642016793399874,156,156,0.5439463195531176,0.6332348408807017,0.5852043384434139,0.9750917360176512,0.8659926558696136,0.9173096962978808,3
block,60.0,30,0.8,0.6642016793399874,156,156,0.422279337668621,0.4950517201119745,0.4557789921260817,0.9872085851138986,0.9066393707143008,0.9452101660188544,3
block,75.0,30,0.0,0.712100035942774,134,134,0.7972268792064933,0.6132091172593006,0.693213718422645,0.7973586234871236,0.6132054318922759,0.6932611634668951,3
block,75.0,30,0.2,0.712100035942774,134,134,0.6900305798921831,0.6787815436821913,0.6843598389296182,0.8923282758288903,0.7232309938713212,0.7989301016569522,3
block,75.0,30,0.4,0.712100035942774,134,134,0.6218126405379351,0.6924699846283524,0.6552420025799851,0.9501095549570234,0.8181437230946224,0.8792022933465874,3
block,75.0,30,0.6,0.712100035942774,134,134,0.529749098439947,0.6346835567852702,0.5774881707291619,0.9774322506428768,0.874243754725809,0.922962805927795,3
block,75.0,30,0.8,0.712100035942774,134,134,0.4133118646660872,0.4986626904372388,0.4519933265038774,0.988783004915885,0.91445364521849,0.9501668887172636,3
block,100.0,30,0.0,0.7756073602156153,112,112,0.4774176487819742,0.5110820348763989,0.4936766039668737,0.4774887406332505,0.5110740689189286,0.4937108925814382,2
block,100.0,30,0.2,0.7756073602156153,112,112,0.3937560022846982,0.5390814027621157,0.4550986847423543,0.5333760464768895,0.5658704553234809,0.549142973453516,2
block,100.0,30,0.4,0.7756073602156153,112,112,0.3483973663725085,0.5399850619129604,0.4235324055520798,0.5747908024805919,0.603078115360395,0.5885947895150784,2
block,100.0,30,0.6,0.7756073602156153,112,112,0.3009850974499912,0.5018772260005099,0.3762975577842217,0.6015914100605587,0.6261309982925491,0.613615956803655,2
block,100.0,30,0.8,0.7756073602156153,112,112,0.2355881109928612,0.3955923171178873,0.2953096850358592,0.611350712608955,0.6330941363902876,0.6220324697265693,2
block,200.0,30,0.0,0.822881374831947,98,98,0.4284469944183279,0.4293451104639146,0.4288955822733343,0.428515399693778,0.4293399330602076,0.4289272701241245,2
block,200.0,30,0.2,0.822881374831947,98,98,0.3537389887056781,0.4533434733646954,0.3973949858679095,0.4796647396986058,0.4797838871735688,0.4797243060380253,2
block,200.0,30,0.4,0.822881374831947,98,98,0.30487492837463,0.4423294636051455,0.3609592368088152,0.5105374368675075,0.5106010773654809,0.5105692551333584,2
block,200.0,30,0.6,0.822881374831947,98,98,0.2554717501314131,0.3987609794821373,0.3114248514365618,0.5228342573487818,0.5232832016037848,0.5230586331434374,2
block,200.0,30,0.8,0.822881374831947,98,98,0.2036413887954483,0.3200941992204763,0.2489211303038002,0.5403834815848934,0.5416640835319576,0.54102302476302,2
fixed_quantile,,30,0.0,0.6599319629092446,157,157,0.8071545993339775,0.5942625140531325,0.6845381247991975,0.8072880112282471,0.594258775681066,0.6845836181215436,3
fixed_quantile,,30,0.2,0.6599319629092446,157,157,0.7094242961202964,0.6679788090035788,0.6880780138186489,0.890966615433707,0.6977111257188044,0.7825845407529358,3
fixed_quantile,,30,0.4,0.6599319629092446,157,157,0.6467896033489441,0.6894446043145364,0.6674362916294557,0.946957243333636,0.7972558054364797,0.8656822746283327,3
fixed_quantile,,30,0.6,0.6599319629092446,157,157,0.5500055599364398,0.6307380629063011,0.5876117977699367,0.9753251167870504,0.8580311501760687,0.9129260327984424,3
fixed_quantile,,30,0.8,0.6599319629092446,157,157,0.4278889180587562,0.4941456559526717,0.4586367063636866,0.9868065433272696,0.9037064179344528,0.9434300898623756,3
full_shuffle,1.0,30,0.0,0.1064628585070636,466,466,0.6211113676160351,0.6202945299608549,0.6207026800512994,0.6212136630130525,0.6202907394067013,0.6207518581631742,2
full_shuffle,1.0,30,0.2,0.1064628585070636,466,466,0.5196466999468248,0.6636997655467292,0.582905181160095,0.7100020896736636,0.7088599186514115,0.7094305444438911,2
full_shuffle,1.0,30,0.4,0.1064628585070636,466,466,0.4645891210952304,0.6717570705667337,0.5492886398425052,0.7835022499207791,0.7825949880498284,0.7830483561906054,2
full_shuffle,1.0,30,0.6,0.1064628585070636,466,466,0.404663985848578,0.6294820907637729,0.4926358811962106,0.8305258167624362,0.8299619600882381,0.83024379269011,2
full_shuffle,1.0,30,0.8,0.1064628585070636,466,466,0.3279000175057479,0.513655859123402,0.4002770817147175,0.8702437491876679,0.8699558338532569,0.8700997677027231,2
