method,scheme,block_length,q,cutoff,cutoff_obs_quantile,n_segments,tau_int
block_pointwise,circular,1.0,0.5,0.106890663683357,0.1414482273777242,467,1675.7441614766456
block_pointwise,circular,5.0,0.5,0.2298989178183009,0.4316661645073817,494,1675.7441614766456
block_pointwise,circular,10.0,0.5,0.3166761843304694,0.5786481872049815,412,1675.7441614766456
block_pointwise,circular,25.0,0.5,0.4722771813941788,0.7541227277292357,263,1675.7441614766456
block_pointwise,circular,40.0,0.5,0.5693376596977755,0.8163302199457668,176,1675.7441614766465
block_pointwise,circular,50.0,0.5,0.6189257477820522,0.8398413176659636,172,1675.7441614766456
block_pointwise,circular,60.0,0.5,0.6642016793399874,0.8610324394898061,156,1675.7441614766465
block_pointwise,circular,75.0,0.5,0.712100035942774,0.8807271266445716,134,1675.7441614766465
block_pointwise,circular,100.0,0.5,0.7756073602156153,0.9063975092899468,112,1675.7441614766456
block_pointwise,circular,200.0,0.5,0.822881374831947,0.9201667168825952,98,1675.7441614766456
block_pointwise,circular,400.0,0.5,0.5971465189207725,0.8284222155267651,172,1675.7441614766456
block_pointwise,circular,800.0,0.5,0.3837679227675295,0.6676006829366274,320,1675.7441614766456
block_pointwise,circular,1600.0,0.5,0.3149045939679864,0.5758160088380034,412,1675.7441614766456
block_pointwise,moving,1.0,0.5,0.106890663683357,0.1414482273777242,467,1675.7441614766456
block_pointwise,moving,5.0,0.5,0.2297859686219855,0.4314753439791102,494,1675.7441614766456
block_pointwise,moving,10.0,0.5,0.3166811162182696,0.5786682735763784,412,1675.7441614766456
block_pointwise,moving,25.0,0.5,0.4718747138968621,0.753731043486994,266,1675.7441614766456
block_pointwise,moving,40.0,0.5,0.5695312357174498,0.8163904790599578,176,1675.7441614766465
block_pointwise,moving,50.0,0.5,0.6200750800319617,0.8403936928793814,172,1675.7441614766456
block_pointwise,moving,60.0,0.5,0.6643024959732893,0.8610726122326002,156,1675.7441614766465
block_pointwise,moving,75.0,0.5,0.7118158479447602,0.8806568243446822,134,1675.7441614766465
block_pointwise,moving,100.0,0.5,0.7752278123031193,0.9063171638043588,112,1675.7441614766456
block_pointwise,moving,200.0,0.5,0.8269176720041989,0.9213116400522244,98,1675.7441614766456
block_pointwise,moving,400.0,0.5,0.5947231992575257,0.8272873355428342,174,1675.7441614766456
block_pointwise,moving,800.0,0.5,0.3742287312581217,0.6559505875263634,342,1675.7441614766456
block_pointwise,moving,1600.0,0.5,0.3121008753355229,0.57167821633022,419,1675.7441614766456
fixed_quantile,-,,0.86,0.6599319629092446,0.8593954002209501,157,1675.7441614766456
resample_pointwise,full_shuffle,1.0,0.5,0.1064628585070636,0.1401626996083157,466,1675.7441614766456
