sigma,transition_length,w,R,method,scheme,block_length,q,cutoff,n_predicted_cps,median_signed_error,median_abs_error,f1_tau5,precision_tau5,recall_tau5,f1_tau10,precision_tau10,recall_tau10,f1_tau25,precision_tau25,recall_tau25
0,1,25,30,fixed_quantile,-,,0.95,85.44003745317531,36,-4.5,4.5,0.972972972972973,1.0,0.9473684210526315,0.972972972972973,1.0,0.9473684210526315,0.972972972972973,1.0,0.9473684210526315
0,1,25,30,resample_pointwise,-,1.0,0.5,28.284271247461902,36,-21.5,21.5,0.0,0.0,0.0,0.0,0.0,0.0,0.972972972972973,1.0,0.9473684210526315
0,1,25,30,block_pointwise,circular,1.0,0.5,28.284271247461902,36,-21.5,21.5,0.0,0.0,0.0,0.0,0.0,0.0,0.972972972972973,1.0,0.9473684210526315
0,1,25,30,block_pointwise,circular,5.0,0.5,44.721359549995796,36,-18.5,18.5,0.0,0.0,0.0,0.0,0.0,0.0,0.972972972972973,1.0,0.9473684210526315
0,1,25,30,block_pointwise,circular,10.0,0.5,56.568542494923804,36,-15.5,15.5,0.0,0.0,0.0,0.0,0.0,0.0,0.972972972972973,1.0,0.9473684210526315
0,1,25,30,block_pointwise,circular,25.0,0.5,57.445626465380286,36,-14.5,14.5,0.0,0.0,0.0,0.0,0.0,0.0,0.972972972972973,1.0,0.9473684210526315
0,1,25,30,block_pointwise,circular,50.0,0.5,36.05551275463989,36,-19.5,19.5,0.0,0.0,0.0,0.0,0.0,0.0,0.972972972972973,1.0,0.9473684210526315
0,6,25,30,fixed_quantile,-,,0.95,82.11490207542808,36,-2.5,2.5,0.972972972972973,1.0,0.9473684210526315,0.972972972972973,1.0,0.9473684210526315,0.972972972972973,1.0,0.9473684210526315
0,6,25,30,resample_pointwise,-,1.0,0.5,28.71393034605971,36,-17.5,17.5,0.0,0.0,0.0,0.0,0.0,0.0,0.972972972972973,1.0,0.9473684210526315
0,6,25,30,block_pointwise,circular,1.0,0.5,28.57142857142856,36,-17.5,17.5,0.0,0.0,0.0,0.0,0.0,0.0,0.972972972972973,1.0,0.9473684210526315
0,6,25,30,block_pointwise,circular,5.0,0.5,44.721359549995796,36,-14.5,14.5,0.0,0.0,0.0,0.0,0.0,0.0,0.972972972972973,1.0,0.9473684210526315
0,6,25,30,block_pointwise,circular,10.0,0.5,53.60475154083918,36,-12.5,12.5,0.0,0.0,0.0,0.0,0.0,0.0,0.972972972972973,1.0,0.9473684210526315
0,6,25,30,block_pointwise,circular,25.0,0.5,56.568542494923804,36,-11.5,11.5,0.0,0.0,0.0,0.0,0.0,0.0,0.972972972972973,1.0,0.9473684210526315
0,6,25,30,block_pointwise,circular,50.0,0.5,34.64101615137755,36,-16.5,16.5,0.0,0.0,0.0,0.0,0.0,0.0,0.972972972972973,1.0,0.9473684210526315
0,11,25,30,fixed_quantile,-,,0.95,81.27456893491073,36,0.5,0.5,0.972972972972973,1.0,0.9473684210526315,0.972972972972973,1.0,0.9473684210526315,0.972972972972973,1.0,0.9473684210526315
0,11,25,30,resample_pointwise,-,1.0,0.5,28.284271247461902,36,-14.0,14.0,0.0,0.0,0.0,0.0,0.0,0.0,0.972972972972973,1.0,0.9473684210526315
0,11,25,30,block_pointwise,circular,1.0,0.5,28.284271247461902,36,-14.0,14.0,0.0,0.0,0.0,0.0,0.0,0.0,0.972972972972973,1.0,0.9473684210526315
0,11,25,30,block_pointwise,circular,5.0,0.5,44.721359549995796,36,-11.5,11.5,0.0,0.0,0.0,0.0,0.0,0.0,0.972972972972973,1.0,0.9473684210526315
0,11,25,30,block_pointwise,circular,10.0,0.5,52.91502622129181,36,-9.5,9.5,0.0,0.0,0.0,0.972972972972973,1.0,0.9473684210526315,0.972972972972973,1.0,0.9473684210526315
0,11,25,30,block_pointwise,circular,25.0,0.5,56.568542494923804,36,-8.5,8.5,0.0,0.0,0.0,0.972972972972973,1.0,0.9473684210526315,0.972972972972973,1.0,0.9473684210526315
0,11,25,30,block_pointwise,circular,50.0,0.5,34.64101615137755,36,-13.5,13.5,0.0,0.0,0.0,0.0,0.0,0.0,0.972972972972973,1.0,0.9473684210526315
0,17,25,30,fixed_quantile,-,,0.95,75.88978362901855,36,2.5,2.5,0.972972972972973,1.0,0.9473684210526315,0.972972972972973,1.0,0.9473684210526315,0.972972972972973,1.0,0.9473684210526315
0,17,25,30,resample_pointwise,-,1.0,0.5,27.284509239574803,36,-8.0,8.0,0.0,0.0,0.0,0.972972972972973,1.0,0.9473684210526315,0.972972972972973,1.0,0.9473684210526315
0,17,25,30,block_pointwise,circular,1.0,0.5,26.943012562182453,36,-8.0,8.0,0.0,0.0,0.0,0.972972972972973,1.0,0.9473684210526315,0.972972972972973,1.0,0.9473684210526315
0,17,25,30,block_pointwise,circular,5.0,0.5,44.721359549995796,36,-7.5,7.5,0.0,0.0,0.0,0.972972972972973,1.0,0.9473684210526315,0.972972972972973,1.0,0.9473684210526315
0,17,25,30,block_pointwise,circular,10.0,0.5,52.84498644708493,36,-5.5,5.5,0.4864864864864865,0.5,0.47368421052631576,0.972972972972973,1.0,0.9473684210526315,0.972972972972973,1.0,0.9473684210526315
0,17,25,30,block_pointwise,circular,25.0,0.5,52.91502622129181,36,-5.5,5.5,0.4864864864864865,0.5,0.47368421052631576,0.972972972972973,1.0,0.9473684210526315,0.972972972972973,1.0,0.9473684210526315
0,17,25,30,block_pointwise,circular,50.0,0.5,29.18650119236375,36,-8.0,8.0,0.0,0.0,0.0,0.972972972972973,1.0,0.9473684210526315,0.972972972972973,1.0,0.9473684210526315
0,22,25,30,fixed_quantile,-,,0.95,72.95025106491936,36,5.0,5.0,0.7297297297297298,0.75,0.7105263157894737,0.972972972972973,1.0,0.9473684210526315,0.972972972972973,1.0,0.9473684210526315
0,22,25,30,resample_pointwise,-,1.0,0.5,25.839405144528055,36,-3.0,3.0,0.972972972972973,1.0,0.9473684210526315,0.972972972972973,1.0,0.9473684210526315,0.972972972972973,1.0,0.9473684210526315
0,22,25,30,block_pointwise,circular,1.0,0.5,25.9998545873496,36,-3.0,3.0,0.972972972972973,1.0,0.9473684210526315,0.972972972972973,1.0,0.9473684210526315,0.972972972972973,1.0,0.9473684210526315
0,22,25,30,block_pointwise,circular,5.0,0.5,43.746995576018335,36,-3.0,3.0,0.972972972972973,1.0,0.9473684210526315,0.972972972972973,1.0,0.9473684210526315,0.972972972972973,1.0,0.9473684210526315
0,22,25,30,block_pointwise,circular,10.0,0.5,49.97163642445156,36,-3.0,3.0,0.972972972972973,1.0,0.9473684210526315,0.972972972972973,1.0,0.9473684210526315,0.972972972972973,1.0,0.9473684210526315
0,22,25,30,block_pointwise,circular,25.0,0.5,52.91502622129181,36,-2.5,2.5,0.972972972972973,1.0,0.9473684210526315,0.972972972972973,1.0,0.9473684210526315,0.972972972972973,1.0,0.9473684210526315
0,22,25,30,block_pointwise,circular,50.0,0.5,34.487881765307726,36,-3.0,3.0,0.972972972972973,1.0,0.9473684210526315,0.972972972972973,1.0,0.9473684210526315,0.972972972972973,1.0,0.9473684210526315
0,27,25,30,fixed_quantile,-,,0.95,67.3780076758533,36,7.5,7.5,0.0,0.0,0.0,0.972972972972973,1.0,0.9473684210526315,0.972972972972973,1.0,0.9473684210526315
0,27,25,30,resample_pointwise,-,1.0,0.5,24.969368989926522,36,-1.0,1.0,0.972972972972973,1.0,0.9473684210526315,0.972972972972973,1.0,0.9473684210526315,0.972972972972973,1.0,0.9473684210526315
0,27,25,30,block_pointwise,circular,1.0,0.5,24.71263413143743,36,-1.0,1.0,0.972972972972973,1.0,0.9473684210526315,0.972972972972973,1.0,0.9473684210526315,0.972972972972973,1.0,0.9473684210526315
0,27,25,30,block_pointwise,circular,5.0,0.5,41.833001326703794,36,-1.0,1.0,0.972972972972973,1.0,0.9473684210526315,0.972972972972973,1.0,0.9473684210526315,0.972972972972973,1.0,0.9473684210526315
0,27,25,30,block_pointwise,circular,10.0,0.5,48.99500182755005,36,-0.5,0.5,0.972972972972973,1.0,0.9473684210526315,0.972972972972973,1.0,0.9473684210526315,0.972972972972973,1.0,0.9473684210526315
0,27,25,30,block_pointwise,circular,25.0,0.5,52.91502622129181,36,0.5,0.5,0.972972972972973,1.0,0.9473684210526315,0.972972972972973,1.0,0.9473684210526315,0.972972972972973,1.0,0.9473684210526315
0,27,25,30,block_pointwise,circular,50.0,0.5,30.050977097089444,36,-1.0,1.0,0.972972972972973,1.0,0.9473684210526315,0.972972972972973,1.0,0.9473684210526315,0.972972972972973,1.0,0.9473684210526315
0,32,25,30,fixed_quantile,-,,0.95,63.030303030303195,36,10.0,10.0,0.0,0.0,0.0,0.7297297297297298,0.75,0.7105263157894737,0.972972972972973,1.0,0.9473684210526315
0,32,25,30,resample_pointwise,-,1.0,0.5,23.929802451393737,36,-1.0,1.0,0.972972972972973,1.0,0.9473684210526315,0.972972972972973,1.0,0.9473684210526315,0.972972972972973,1.0,0.9473684210526315
0,32,25,30,block_pointwise,circular,1.0,0.5,24.014076068071493,36,-1.0,1.0,0.972972972972973,1.0,0.9473684210526315,0.972972972972973,1.0,0.9473684210526315,0.972972972972973,1.0,0.9473684210526315
0,32,25,30,block_pointwise,circular,5.0,0.5,41.37667682108687,36,-0.5,0.5,0.972972972972973,1.0,0.9473684210526315,0.972972972972973,1.0,0.9473684210526315,0.972972972972973,1.0,0.9473684210526315
0,32,25,30,block_pointwise,circular,10.0,0.5,48.98979485566356,36,2.5,2.5,0.972972972972973,1.0,0.9473684210526315,0.972972972972973,1.0,0.9473684210526315,0.972972972972973,1.0,0.9473684210526315
0,32,25,30,block_pointwise,circular,25.0,0.5,52.91502622129181,36,4.5,4.5,0.972972972972973,1.0,0.9473684210526315,0.972972972972973,1.0,0.9473684210526315,0.972972972972973,1.0,0.9473684210526315
0,32,25,30,block_pointwise,circular,50.0,0.5,33.49821480105586,36,-1.0,1.0,0.972972972972973,1.0,0.9473684210526315,0.972972972972973,1.0,0.9473684210526315,0.972972972972973,1.0,0.9473684210526315
0,37,25,30,fixed_quantile,-,,0.95,57.399798275823755,36,12.5,12.5,0.0,0.0,0.0,0.0,0.0,0.0,0.972972972972973,1.0,0.9473684210526315
0,37,25,30,resample_pointwise,-,1.0,0.5,23.115990795787123,36,-1.0,1.0,0.972972972972973,1.0,0.9473684210526315,0.972972972972973,1.0,0.9473684210526315,0.972972972972973,1.0,0.9473684210526315
0,37,25,30,block_pointwise,circular,1.0,0.5,23.318818859869072,36,-1.0,1.0,0.972972972972973,1.0,0.9473684210526315,0.972972972972973,1.0,0.9473684210526315,0.972972972972973,1.0,0.9473684210526315
0,37,25,30,block_pointwise,circular,5.0,0.5,40.055363348295685,36,1.5,1.5,0.972972972972973,1.0,0.9473684210526315,0.972972972972973,1.0,0.9473684210526315,0.972972972972973,1.0,0.9473684210526315
0,37,25,30,block_pointwise,circular,10.0,0.5,48.98979485566356,36,6.5,6.5,0.0,0.0,0.0,0.972972972972973,1.0,0.9473684210526315,0.972972972972973,1.0,0.9473684210526315
0,37,25,30,block_pointwise,circular,25.0,0.5,51.205684829281935,36,7.5,7.5,0.0,0.0,0.0,0.972972972972973,1.0,0.9473684210526315,0.972972972972973,1.0,0.9473684210526315
0,37,25,30,block_pointwise,circular,50.0,0.5,32.410114354401365,36,-1.0,1.0,0.972972972972973,1.0,0.9473684210526315,0.972972972972973,1.0,0.9473684210526315,0.972972972972973,1.0,0.9473684210526315
0,43,25,30,fixed_quantile,-,,0.95,52.34185152903555,36,15.0,15.0,0.0,0.0,0.0,0.0,0.0,0.0,0.972972972972973,1.0,0.9473684210526315
0,43,25,30,resample_pointwise,-,1.0,0.5,22.300539221883902,36,-1.0,1.0,0.972972972972973,1.0,0.9473684210526315,0.972972972972973,1.0,0.9473684210526315,0.972972972972973,1.0,0.9473684210526315
0,43,25,30,block_pointwise,circular,1.0,0.5,22.305171175246006,36,-1.0,1.0,0.972972972972973,1.0,0.9473684210526315,0.972972972972973,1.0,0.9473684210526315,0.972972972972973,1.0,0.9473684210526315
0,43,25,30,block_pointwise,circular,5.0,0.5,39.64199292802752,36,4.5,4.5,0.972972972972973,1.0,0.9473684210526315,0.972972972972973,1.0,0.9473684210526315,0.972972972972973,1.0,0.9473684210526315
0,43,25,30,block_pointwise,circular,10.0,0.5,48.3637218044358,36,10.5,10.5,0.0,0.0,0.0,0.4864864864864865,0.5,0.47368421052631576,0.972972972972973,1.0,0.9473684210526315
0,43,25,30,block_pointwise,circular,25.0,0.5,51.164133873655274,36,13.5,13.5,0.0,0.0,0.0,0.0,0.0,0.0,0.972972972972973,1.0,0.9473684210526315
0,43,25,30,block_pointwise,circular,50.0,0.5,31.241527777162847,36,-0.5,0.5,0.972972972972973,1.0,0.9473684210526315,0.972972972972973,1.0,0.9473684210526315,0.972972972972973,1.0,0.9473684210526315
0,48,25,30,fixed_quantile,-,,0.95,48.34452229899676,36,17.5,17.5,0.0,0.0,0.0,0.0,0.0,0.0,0.972972972972973,1.0,0.9473684210526315
0,48,25,30,resample_pointwise,-,1.0,0.5,21.732537978733276,36,-1.0,1.0,0.972972972972973,1.0,0.9473684210526315,0.972972972972973,1.0,0.9473684210526315,0.972972972972973,1.0,0.9473684210526315
0,48,25,30,block_pointwise,circular,1.0,0.5,21.42759958923534,36,-1.0,1.0,0.972972972972973,1.0,0.9473684210526315,0.972972972972973,1.0,0.9473684210526315,0.972972972972973,1.0,0.9473684210526315
0,48,25,30,block_pointwise,circular,5.0,0.5,39.074038785176235,36,6.5,6.5,0.0,0.0,0.0,0.972972972972973,1.0,0.9473684210526315,0.972972972972973,1.0,0.9473684210526315
0,48,25,30,block_pointwise,circular,10.0,0.5,47.56371906360554,36,15.5,15.5,0.0,0.0,0.0,0.0,0.0,0.0,0.972972972972973,1.0,0.9473684210526315
0,48,25,30,block_pointwise,circular,25.0,0.5,48.98979485566356,36,18.5,18.5,0.0,0.0,0.0,0.0,0.0,0.0,0.972972972972973,1.0,0.9473684210526315
0,48,25,30,block_pointwise,circular,50.0,0.5,28.284271247461902,36,-0.5,0.5,0.972972972972973,1.0,0.9473684210526315,0.972972972972973,1.0,0.9473684210526315,0.972972972972973,1.0,0.9473684210526315
0,53,25,30,fixed_quantile,-,,0.95,45.25495524179536,36,20.5,20.5,0.0,0.0,0.0,0.0,0.0,0.0,0.972972972972973,1.0,0.9473684210526315
0,53,25,30,resample_pointwise,-,1.0,0.5,20.91199142739715,36,-1.0,1.0,0.972972972972973,1.0,0.9473684210526315,0.972972972972973,1.0,0.9473684210526315,0.972972972972973,1.0,0.9473684210526315
0,53,25,30,block_pointwise,circular,1.0,0.5,21.000359262718213,36,-1.0,1.0,0.972972972972973,1.0,0.9473684210526315,0.972972972972973,1.0,0.9473684210526315,0.972972972972973,1.0,0.9473684210526315
0,53,25,30,block_pointwise,circular,5.0,0.5,38.2728992109554,36,9.5,9.5,0.0,0.0,0.0,0.972972972972973,1.0,0.9473684210526315,0.972972972972973,1.0,0.9473684210526315
0,53,25,30,block_pointwise,circular,10.0,0.5,47.380634795873604,0,,,0.0,0.0,0.0,0.0,0.0,0.0,0.0,0.0,0.0
0,53,25,30,block_pointwise,circular,25.0,0.5,48.487408742727894,0,,,0.0,0.0,0.0,0.0,0.0,0.0,0.0,0.0,0.0
0,53,25,30,block_pointwise,circular,50.0,0.5,28.284271247461902,36,1.5,1.5,0.972972972972973,1.0,0.9473684210526315,0.972972972972973,1.0,0.9473684210526315,0.972972972972973,1.0,0.9473684210526315
0,58,25,30,fixed_quantile,-,,0.95,41.98329375951844,36,22.5,22.5,0.0,0.0,0.0,0.0,0.0,0.0,0.972972972972973,1.0,0.9473684210526315
0,58,25,30,resample_pointwise,-,1.0,0.5,20.54695926873454,36,-1.0,1.0,0.972972972972973,1.0,0.9473684210526315,0.972972972972973,1.0,0.9473684210526315,0.972972972972973,1.0,0.9473684210526315
0,58,25,30,block_pointwise,circular,1.0,0.5,20.40948233693614,36,-1.0,1.0,0.972972972972973,1.0,0.9473684210526315,0.972972972972973,1.0,0.9473684210526315,0.972972972972973,1.0,0.9473684210526315
0,58,25,30,block_pointwise,circular,5.0,0.5,37.14301498525359,36,12.5,12.5,0.0,0.0,0.0,0.0,0.0,0.0,0.972972972972973,1.0,0.9473684210526315
0,58,25,30,block_pointwise,circular,10.0,0.5,45.66782378083607,0,,,0.0,0.0,0.0,0.0,0.0,0.0,0.0,0.0,0.0
0,58,25,30,block_pointwise,circular,25.0,0.5,48.01728113481291,0,,,0.0,0.0,0.0,0.0,0.0,0.0,0.0,0.0,0.0
0,58,25,30,block_pointwise,circular,50.0,0.5,28.574280629555314,36,3.5,3.5,0.972972972972973,1.0,0.9473684210526315,0.972972972972973,1.0,0.9473684210526315,0.972972972972973,1.0,0.9473684210526315
0,64,25,30,fixed_quantile,-,,0.95,38.46153846153844,112,26.0,26.0,0.0,0.0,0.0,0.0,0.0,0.0,0.37333333333333335,0.25,0.7368421052631579
0,64,25,30,resample_pointwise,-,1.0,0.5,19.96209425637985,36,-1.0,1.0,0.972972972972973,1.0,0.9473684210526315,0.972972972972973,1.0,0.9473684210526315,0.972972972972973,1.0,0.9473684210526315
0,64,25,30,block_pointwise,circular,1.0,0.5,20.216578819661706,36,-1.0,1.0,0.972972972972973,1.0,0.9473684210526315,0.972972972972973,1.0,0.9473684210526315,0.972972972972973,1.0,0.9473684210526315
0,64,25,30,block_pointwise,circular,5.0,0.5,36.75281255025935,36,17.5,17.5,0.0,0.0,0.0,0.0,0.0,0.0,0.972972972972973,1.0,0.9473684210526315
0,64,25,30,block_pointwise,circular,10.0,0.5,45.29195231261023,0,,,0.0,0.0,0.0,0.0,0.0,0.0,0.0,0.0,0.0
0,64,25,30,block_pointwise,circular,25.0,0.5,46.216367909236375,0,,,0.0,0.0,0.0,0.0,0.0,0.0,0.0,0.0,0.0
0,64,25,30,block_pointwise,circular,50.0,0.5,29.244531162172358,36,6.5,6.5,0.0,0.0,0.0,0.972972972972973,1.0,0.9473684210526315,0.972972972972973,1.0,0.9473684210526315
0,69,25,30,fixed_quantile,-,,0.95,35.71428571428568,150,29.0,29.0,0.0,0.0,0.0,0.0,0.0,0.0,0.39361702127659576,0.24666666666666667,0.9736842105263158
0,69,25,30,resample_pointwise,-,1.0,0.5,19.55004045092111,36,-0.5,0.5,0.972972972972973,1.0,0.9473684210526315,0.972972972972973,1.0,0.9473684210526315,0.972972972972973,1.0,0.9473684210526315
0,69,25,30,block_pointwise,circular,1.0,0.5,19.541687517213276,36,-0.5,0.5,0.972972972972973,1.0,0.9473684210526315,0.972972972972973,1.0,0.9473684210526315,0.972972972972973,1.0,0.9473684210526315
0,69,25,30,block_pointwise,circular,5.0,0.5,36.07248937619802,0,,,0.0,0.0,0.0,0.0,0.0,0.0,0.0,0.0,0.0
0,69,25,30,block_pointwise,circular,10.0,0.5,44.812990078392374,0,,,0.0,0.0,0.0,0.0,0.0,0.0,0.0,0.0,0.0
0,69,25,30,block_pointwise,circular,25.0,0.5,46.288359712761036,0,,,0.0,0.0,0.0,0.0,0.0,0.0,0.0,0.0,0.0
0,69,25,30,block_pointwise,circular,50.0,0.5,28.284271247461902,36,8.5,8.5,0.0,0.0,0.0,0.972972972972973,1.0,0.9473684210526315,0.972972972972973,1.0,0.9473684210526315
0,74,25,30,fixed_quantile,-,,0.95,33.33333333333332,0,,,0.0,0.0,0.0,0.0,0.0,0.0,0.0,0.0,0.0
0,74,25,30,resample_pointwise,-,1.0,0.5,19.20185176255431,36,0.5,0.5,0.972972972972973,1.0,0.9473684210526315,0.972972972972973,1.0,0.9473684210526315,0.972972972972973,1.0,0.9473684210526315
0,74,25,30,block_pointwise,circular,1.0,0.5,19.131358783131194,36,0.5,0.5,0.972972972972973,1.0,0.9473684210526315,0.972972972972973,1.0,0.9473684210526315,0.972972972972973,1.0,0.9473684210526315
0,74,25,30,block_pointwise,circular,5.0,0.5,35.51375320445118,0,,,0.0,0.0,0.0,0.0,0.0,0.0,0.0,0.0,0.0
0,74,25,30,block_pointwise,circular,10.0,0.5,44.37016014295094,0,,,0.0,0.0,0.0,0.0,0.0,0.0,0.0,0.0,0.0
0,74,25,30,block_pointwise,circular,25.0,0.5,46.63236834836696,0,,,0.0,0.0,0.0,0.0,0.0,0.0,0.0,0.0,0.0
0,74,25,30,block_pointwise,circular,50.0,0.5,28.32133078412365,36,10.5,10.5,0.0,0.0,0.0,0.4864864864864865,0.5,0.47368421052631576,0.972972972972973,1.0,0.9473684210526315
0,79,25,30,fixed_quantile,-,,0.95,31.25,0,,,0.0,0.0,0.0,0.0,0.0,0.0,0.0,0.0,0.0
0,79,25,30,resample_pointwise,-,1.0,0.5,18.764994004795206,36,1.5,1.5,0.972972972972973,1.0,0.9473684210526315,0.972972972972973,1.0,0.9473684210526315,0.972972972972973,1.0,0.9473684210526315
0,79,25,30,block_pointwise,circular,1.0,0.5,18.736661922551733,36,1.5,1.5,0.972972972972973,1.0,0.9473684210526315,0.972972972972973,1.0,0.9473684210526315,0.972972972972973,1.0,0.9473684210526315
0,79,25,30,block_pointwise,circular,5.0,0.5,35.34119409414458,0,,,0.0,0.0,0.0,0.0,0.0,0.0,0.0,0.0,0.0
0,79,25,30,block_pointwise,circular,10.0,0.5,44.16375774316815,0,,,0.0,0.0,0.0,0.0,0.0,0.0,0.0,0.0,0.0
0,79,25,30,block_pointwise,circular,25.0,0.5,45.037484388007286,0,,,0.0,0.0,0.0,0.0,0.0,0.0,0.0,0.0,0.0
0,79,25,30,block_pointwise,circular,50.0,0.5,27.962027823460872,36,13.5,13.5,0.0,0.0,0.0,0.0,0.0,0.0,0.972972972972973,1.0,0.9473684210526315
0,84,25,30,fixed_quantile,-,,0.95,29.411764705882362,0,,,0.0,0.0,0.0,0.0,0.0,0.0,0.0,0.0,0.0
0,84,25,30,resample_pointwise,-,1.0,0.5,18.626914336955068,36,2.5,2.5,0.972972972972973,1.0,0.9473684210526315,0.972972972972973,1.0,0.9473684210526315,0.972972972972973,1.0,0.9473684210526315
0,84,25,30,block_pointwise,circular,1.0,0.5,18.524088871307782,36,2.5,2.5,0.972972972972973,1.0,0.9473684210526315,0.972972972972973,1.0,0.9473684210526315,0.972972972972973,1.0,0.9473684210526315
0,84,25,30,block_pointwise,circular,5.0,0.5,35.247027409080474,0,,,0.0,0.0,0.0,0.0,0.0,0.0,0.0,0.0,0.0
0,84,25,30,block_pointwise,circular,10.0,0.5,44.62252290129726,0,,,0.0,0.0,0.0,0.0,0.0,0.0,0.0,0.0,0.0
0,84,25,30,block_pointwise,circular,25.0,0.5,45.376090832994024,0,,,0.0,0.0,0.0,0.0,0.0,0.0,0.0,0.0,0.0
0,84,25,30,block_pointwise,circular,50.0,0.5,27.904930050212776,36,17.5,17.5,0.0,0.0,0.0,0.0,0.0,0.0,0.972972972972973,1.0,0.9473684210526315
0,90,25,30,fixed_quantile,-,,0.95,27.47252747252752,151,35.0,35.0,0.0,0.0,0.0,0.0,0.0,0.0,0.2962962962962963,0.18543046357615894,0.7368421052631579
0,90,25,30,resample_pointwise,-,1.0,0.5,18.2946406783796,36,3.5,3.5,0.972972972972973,1.0,0.9473684210526315,0.972972972972973,1.0,0.9473684210526315,0.972972972972973,1.0,0.9473684210526315
0,90,25,30,block_pointwise,circular,1.0,0.5,18.262929591685527,36,3.5,3.5,0.972972972972973,1.0,0.9473684210526315,0.972972972972973,1.0,0.9473684210526315,0.972972972972973,1.0,0.9473684210526315
0,90,25,30,block_pointwise,circular,5.0,0.5,34.44559790376326,0,,,0.0,0.0,0.0,0.0,0.0,0.0,0.0,0.0,0.0
0,90,25,30,block_pointwise,circular,10.0,0.5,42.89432030386969,0,,,0.0,0.0,0.0,0.0,0.0,0.0,0.0,0.0,0.0
0,90,25,30,block_pointwise,circular,25.0,0.5,44.721359549995796,0,,,0.0,0.0,0.0,0.0,0.0,0.0,0.0,0.0,0.0
0,90,25,30,block_pointwise,circular,50.0,0.5,27.63206424645082,0,,,0.0,0.0,0.0,0.0,0.0,0.0,0.0,0.0,0.0
0,95,25,30,fixed_quantile,-,,0.95,26.041666666666682,0,,,0.0,0.0,0.0,0.0,0.0,0.0,0.0,0.0,0.0
0,95,25,30,resample_pointwise,-,1.0,0.5,17.963238878999867,36,4.5,4.5,0.972972972972973,1.0,0.9473684210526315,0.972972972972973,1.0,0.9473684210526315,0.972972972972973,1.0,0.9473684210526315
0,95,25,30,block_pointwise,circular,1.0,0.5,17.966258885292056,36,4.5,4.5,0.972972972972973,1.0,0.9473684210526315,0.972972972972973,1.0,0.9473684210526315,0.972972972972973,1.0,0.9473684210526315
0,95,25,30,block_pointwise,circular,5.0,0.5,34.27637365979386,0,,,0.0,0.0,0.0,0.0,0.0,0.0,0.0,0.0,0.0
0,95,25,30,block_pointwise,circular,10.0,0.5,42.92602042005255,0,,,0.0,0.0,0.0,0.0,0.0,0.0,0.0,0.0,0.0
0,95,25,30,block_pointwise,circular,25.0,0.5,44.721359549995796,0,,,0.0,0.0,0.0,0.0,0.0,0.0,0.0,0.0,0.0
0,95,25,30,block_pointwise,circular,50.0,0.5,26.683751037746614,0,,,0.0,0.0,0.0,0.0,0.0,0.0,0.0,0.0,0.0
5,1,25,30,fixed_quantile,-,,0.95,83.60324736987045,36,-3.5,3.5,0.8918918918918918,0.9166666666666666,0.868421052631579,0.972972972972973,1.0,0.9473684210526315,0.972972972972973,1.0,0.9473684210526315
5,1,25,30,resample_pointwise,-,1.0,0.5,26.05907667006358,36,-21.0,21.0,0.0,0.0,0.0,0.0,0.0,0.0,0.972972972972973,1.0,0.9473684210526315
5,1,25,30,block_pointwise,circular,1.0,0.5,26.341014683478758,36,-21.0,21.0,0.0,0.0,0.0,0.0,0.0,0.0,0.972972972972973,1.0,0.9473684210526315
5,1,25,30,block_pointwise,circular,5.0,0.5,41.287125897016445,36,-18.0,18.0,0.0,0.0,0.0,0.0,0.0,0.0,0.972972972972973,1.0,0.9473684210526315
5,1,25,30,block_pointwise,circular,10.0,0.5,51.6172583070897,36,-16.0,16.0,0.02702702702702703,0.027777777777777776,0.02631578947368421,0.02702702702702703,0.027777777777777776,0.02631578947368421,0.972972972972973,1.0,0.9473684210526315
5,1,25,30,block_pointwise,circular,25.0,0.5,54.86705981693551,36,-14.0,14.0,0.02702702702702703,0.027777777777777776,0.02631578947368421,0.02702702702702703,0.027777777777777776,0.02631578947368421,0.972972972972973,1.0,0.9473684210526315
5,1,25,30,block_pointwise,circular,50.0,0.5,34.73495520719844,36,-20.0,20.0,0.0,0.0,0.0,0.0,0.0,0.0,0.972972972972973,1.0,0.9473684210526315
0,100,25,30,fixed_quantile,-,,0.95,24.752475247524686,74,25.5,25.5,0.0,0.0,0.0,0.0,0.0,0.0,0.6607142857142857,0.5,0.9736842105263158
0,100,25,30,resample_pointwise,-,1.0,0.5,17.936375252420845,36,5.5,5.5,0.4864864864864865,0.5,0.47368421052631576,0.972972972972973,1.0,0.9473684210526315,0.972972972972973,1.0,0.9473684210526315
0,100,25,30,block_pointwise,circular,1.0,0.5,17.723601949715295,36,5.5,5.5,0.4864864864864865,0.5,0.47368421052631576,0.972972972972973,1.0,0.9473684210526315,0.972972972972973,1.0,0.9473684210526315
0,100,25,30,block_pointwise,circular,5.0,0.5,33.77326266809162,0,,,0.0,0.0,0.0,0.0,0.0,0.0,0.0,0.0,0.0
0,100,25,30,block_pointwise,circular,10.0,0.5,42.27595239972645,0,,,0.0,0.0,0.0,0.0,0.0,0.0,0.0,0.0,0.0
0,100,25,30,block_pointwise,circular,25.0,0.5,44.721359549995796,0,,,0.0,0.0,0.0,0.0,0.0,0.0,0.0,0.0,0.0
0,100,25,30,block_pointwise,circular,50.0,0.5,26.07741109336355,0,,,0.0,0.0,0.0,0.0,0.0,0.0,0.0,0.0,0.0
5,6,25,30,fixed_quantile,-,,0.95,81.00349313513254,36,-1.0,1.0,0.972972972972973,1.0,0.9473684210526315,0.972972972972973,1.0,0.9473684210526315,0.972972972972973,1.0,0.9473684210526315
5,6,25,30,resample_pointwise,-,1.0,0.5,25.480828986693467,36,-18.0,18.0,0.0,0.0,0.0,0.0,0.0,0.0,0.972972972972973,1.0,0.9473684210526315
5,6,25,30,block_pointwise,circular,1.0,0.5,25.552482749090366,36,-18.0,18.0,0.0,0.0,0.0,0.0,0.0,0.0,0.972972972972973,1.0,0.9473684210526315
5,6,25,30,block_pointwise,circular,5.0,0.5,40.752066264178325,36,-15.0,15.0,0.0,0.0,0.0,0.02702702702702703,0.027777777777777776,0.02631578947368421,0.972972972972973,1.0,0.9473684210526315
5,6,25,30,block_pointwise,circular,10.0,0.5,50.79099801392608,36,-12.0,12.0,0.02702702702702703,0.027777777777777776,0.02631578947368421,0.05405405405405406,0.05555555555555555,0.05263157894736842,0.972972972972973,1.0,0.9473684210526315
5,6,25,30,block_pointwise,circular,25.0,0.5,53.72367336052014,36,-12.0,12.0,0.02702702702702703,0.027777777777777776,0.02631578947368421,0.18918918918918917,0.19444444444444445,0.18421052631578946,0.972972972972973,1.0,0.9473684210526315
5,6,25,30,block_pointwise,circular,50.0,0.5,31.642070680572303,36,-17.0,17.0,0.0,0.0,0.0,0.0,0.0,0.0,0.972972972972973,1.0,0.9473684210526315
5,11,25,30,fixed_quantile,-,,0.95,79.09825609318204,36,0.0,1.0,0.972972972972973,1.0,0.9473684210526315,0.972972972972973,1.0,0.9473684210526315,0.972972972972973,1.0,0.9473684210526315
5,11,25,30,resample_pointwise,-,1.0,0.5,25.170317995449246,36,-14.0,14.0,0.0,0.0,0.0,0.0,0.0,0.0,0.972972972972973,1.0,0.9473684210526315
5,11,25,30,block_pointwise,circular,1.0,0.5,24.90140905178307,36,-14.0,14.0,0.0,0.0,0.0,0.0,0.0,0.0,0.972972972972973,1.0,0.9473684210526315
5,11,25,30,block_pointwise,circular,5.0,0.5,40.52228813032866,36,-12.0,12.0,0.0,0.0,0.0,0.21621621621621623,0.2222222222222222,0.21052631578947367,0.972972972972973,1.0,0.9473684210526315
5,11,25,30,block_pointwise,circular,10.0,0.5,49.027338608452226,36,-9.0,9.0,0.02702702702702703,0.027777777777777776,0.02631578947368421,0.8918918918918918,0.9166666666666666,0.868421052631579,0.972972972972973,1.0,0.9473684210526315
5,11,25,30,block_pointwise,circular,25.0,0.5,53.1515116946355,36,-8.0,8.0,0.02702702702702703,0.027777777777777776,0.02631578947368421,0.972972972972973,1.0,0.9473684210526315,0.972972972972973,1.0,0.9473684210526315
5,11,25,30,block_pointwise,circular,50.0,0.5,30.119252679834034,36,-13.5,13.5,0.0,0.0,0.0,0.0,0.0,0.0,0.972972972972973,1.0,0.9473684210526315
5,17,25,30,fixed_quantile,-,,0.95,75.92448015777292,36,3.0,3.0,0.972972972972973,1.0,0.9473684210526315,0.972972972972973,1.0,0.9473684210526315,0.972972972972973,1.0,0.9473684210526315
5,17,25,30,resample_pointwise,-,1.0,0.5,23.873710921543953,36,-8.0,8.0,0.0,0.0,0.0,0.8378378378378377,0.8611111111111112,0.8157894736842105,0.972972972972973,1.0,0.9473684210526315
5,17,25,30,block_pointwise,circular,1.0,0.5,24.131587170602273,36,-8.0,8.0,0.0,0.0,0.0,0.8378378378378377,0.8611111111111112,0.8157894736842105,0.972972972972973,1.0,0.9473684210526315
5,17,25,30,block_pointwise,circular,5.0,0.5,40.20867298984811,36,-7.0,7.0,0.02702702702702703,0.027777777777777776,0.02631578947368421,0.972972972972973,1.0,0.9473684210526315,0.972972972972973,1.0,0.9473684210526315
5,17,25,30,block_pointwise,circular,10.0,0.5,48.420562559488545,36,-6.0,6.0,0.2972972972972973,0.3055555555555556,0.2894736842105263,0.972972972972973,1.0,0.9473684210526315,0.972972972972973,1.0,0.9473684210526315
5,17,25,30,block_pointwise,circular,25.0,0.5,51.48984445814327,36,-5.0,5.0,0.6756756756756757,0.6944444444444444,0.6578947368421053,0.972972972972973,1.0,0.9473684210526315,0.972972972972973,1.0,0.9473684210526315
5,17,25,30,block_pointwise,circular,50.0,0.5,30.309308749240728,36,-8.0,8.0,0.0,0.0,0.0,0.972972972972973,1.0,0.9473684210526315,0.972972972972973,1.0,0.9473684210526315
5,22,25,30,fixed_quantile,-,,0.95,71.22204044087768,36,5.0,5.0,0.5675675675675677,0.5833333333333334,0.5526315789473685,0.972972972972973,1.0,0.9473684210526315,0.972972972972973,1.0,0.9473684210526315
5,22,25,30,resample_pointwise,-,1.0,0.5,23.20686090582329,36,-4.0,4.0,0.7567567567567567,0.7777777777777778,0.7368421052631579,0.972972972972973,1.0,0.9473684210526315,0.972972972972973,1.0,0.9473684210526315
5,22,25,30,block_pointwise,circular,1.0,0.5,23.262145997321262,36,-4.0,4.0,0.7567567567567567,0.7777777777777778,0.7368421052631579,0.972972972972973,1.0,0.9473684210526315,0.972972972972973,1.0,0.9473684210526315
5,22,25,30,block_pointwise,circular,5.0,0.5,39.587166673811225,36,-3.5,3.5,0.8918918918918918,0.9166666666666666,0.868421052631579,0.972972972972973,1.0,0.9473684210526315,0.972972972972973,1.0,0.9473684210526315
5,22,25,30,block_pointwise,circular,10.0,0.5,47.75724372184621,36,-3.0,3.0,0.972972972972973,1.0,0.9473684210526315,0.972972972972973,1.0,0.9473684210526315,0.972972972972973,1.0,0.9473684210526315
5,22,25,30,block_pointwise,circular,25.0,0.5,50.239842993613614,36,-2.0,2.0,0.972972972972973,1.0,0.9473684210526315,0.972972972972973,1.0,0.9473684210526315,0.972972972972973,1.0,0.9473684210526315
5,22,25,30,block_pointwise,circular,50.0,0.5,28.188847865591832,36,-4.0,4.0,0.7837837837837838,0.8055555555555556,0.7631578947368421,0.972972972972973,1.0,0.9473684210526315,0.972972972972973,1.0,0.9473684210526315
5,27,25,30,fixed_quantile,-,,0.95,67.08212377781162,36,7.5,7.5,0.0,0.0,0.0,0.9459459459459458,0.9722222222222222,0.9210526315789473,0.972972972972973,1.0,0.9473684210526315
5,27,25,30,resample_pointwise,-,1.0,0.5,22.25596125370063,36,-1.0,1.0,0.8108108108108109,0.8333333333333334,0.7894736842105263,0.972972972972973,1.0,0.9473684210526315,0.972972972972973,1.0,0.9473684210526315
5,27,25,30,block_pointwise,circular,1.0,0.5,22.097140651748443,36,-1.0,1.0,0.8108108108108109,0.8333333333333334,0.7894736842105263,0.972972972972973,1.0,0.9473684210526315,0.972972972972973,1.0,0.9473684210526315
5,27,25,30,block_pointwise,circular,5.0,0.5,38.48511128000555,36,0.0,1.0,0.972972972972973,1.0,0.9473684210526315,0.972972972972973,1.0,0.9473684210526315,0.972972972972973,1.0,0.9473684210526315
5,27,25,30,block_pointwise,circular,10.0,0.5,46.985603955560215,36,0.0,1.0,0.972972972972973,1.0,0.9473684210526315,0.972972972972973,1.0,0.9473684210526315,0.972972972972973,1.0,0.9473684210526315
5,27,25,30,block_pointwise,circular,25.0,0.5,50.01853579806957,36,1.0,1.0,0.972972972972973,1.0,0.9473684210526315,0.972972972972973,1.0,0.9473684210526315,0.972972972972973,1.0,0.9473684210526315
5,27,25,30,block_pointwise,circular,50.0,0.5,29.135777906993866,36,-1.0,1.0,0.8108108108108109,0.8333333333333334,0.7894736842105263,0.972972972972973,1.0,0.9473684210526315,0.972972972972973,1.0,0.9473684210526315
5,32,25,30,fixed_quantile,-,,0.95,62.51486970321639,36,10.0,10.0,0.0,0.0,0.0,0.6486486486486486,0.6666666666666666,0.631578947368421,0.972972972972973,1.0,0.9473684210526315
5,32,25,30,resample_pointwise,-,1.0,0.5,21.649652960559123,36,0.0,2.0,0.8108108108108109,0.8333333333333334,0.7894736842105263,0.972972972972973,1.0,0.9473684210526315,0.972972972972973,1.0,0.9473684210526315
5,32,25,30,block_pointwise,circular,1.0,0.5,21.505382811730996,36,0.0,2.0,0.8108108108108109,0.8333333333333334,0.7894736842105263,0.972972972972973,1.0,0.9473684210526315,0.972972972972973,1.0,0.9473684210526315
5,32,25,30,block_pointwise,circular,5.0,0.5,38.2743643817702,36,1.0,1.0,0.918918918918919,0.9444444444444444,0.8947368421052632,0.972972972972973,1.0,0.9473684210526315,0.972972972972973,1.0,0.9473684210526315
5,32,25,30,block_pointwise,circular,10.0,0.5,46.330625410558035,36,3.0,3.0,0.8918918918918918,0.9166666666666666,0.868421052631579,0.972972972972973,1.0,0.9473684210526315,0.972972972972973,1.0,0.9473684210526315
5,32,25,30,block_pointwise,circular,25.0,0.5,49.59058389651951,36,4.0,4.0,0.7567567567567567,0.7777777777777778,0.7368421052631579,0.972972972972973,1.0,0.9473684210526315,0.972972972972973,1.0,0.9473684210526315
5,32,25,30,block_pointwise,circular,50.0,0.5,29.734704603222326,36,0.0,1.5,0.9459459459459458,0.9722222222222222,0.9210526315789473,0.972972972972973,1.0,0.9473684210526315,0.972972972972973,1.0,0.9473684210526315
5,37,25,30,fixed_quantile,-,,0.95,56.606185437352906,36,13.0,13.0,0.0,0.0,0.0,0.05405405405405406,0.05555555555555555,0.05263157894736842,0.972972972972973,1.0,0.9473684210526315
5,37,25,30,resample_pointwise,-,1.0,0.5,20.807619874666635,36,-1.5,2.0,0.8108108108108109,0.8333333333333334,0.7894736842105263,0.972972972972973,1.0,0.9473684210526315,0.972972972972973,1.0,0.9473684210526315
5,37,25,30,block_pointwise,circular,1.0,0.5,20.924508823436405,36,-1.5,2.0,0.8108108108108109,0.8333333333333334,0.7894736842105263,0.972972972972973,1.0,0.9473684210526315,0.972972972972973,1.0,0.9473684210526315
5,37,25,30,block_pointwise,circular,5.0,0.5,37.14286205081263,36,2.0,2.0,0.918918918918919,0.9444444444444444,0.8947368421052632,0.9459459459459458,0.9722222222222222,0.9210526315789473,0.972972972972973,1.0,0.9473684210526315
5,37,25,30,block_pointwise,circular,10.0,0.5,45.8169951054102,36,6.0,6.0,0.2972972972972973,0.3055555555555556,0.2894736842105263,0.8918918918918918,0.9166666666666666,0.868421052631579,0.972972972972973,1.0,0.9473684210526315
5,37,25,30,block_pointwise,circular,25.0,0.5,48.69015558489707,36,7.0,7.0,0.05405405405405406,0.05555555555555555,0.05263157894736842,0.8648648648648649,0.8888888888888888,0.8421052631578947,0.972972972972973,1.0,0.9473684210526315
5,37,25,30,block_pointwise,circular,50.0,0.5,28.748242163695764,36,-1.0,1.0,0.972972972972973,1.0,0.9473684210526315,0.972972972972973,1.0,0.9473684210526315,0.972972972972973,1.0,0.9473684210526315
5,43,25,30,fixed_quantile,-,,0.95,51.907328772345686,36,16.0,16.0,0.0,0.0,0.0,0.0,0.0,0.0,0.972972972972973,1.0,0.9473684210526315
5,43,25,30,resample_pointwise,-,1.0,0.5,20.335781297472323,36,-1.0,2.0,0.8108108108108109,0.8333333333333334,0.7894736842105263,0.9459459459459458,0.9722222222222222,0.9210526315789473,0.972972972972973,1.0,0.9473684210526315
5,43,25,30,block_pointwise,circular,1.0,0.5,20.404206166996932,36,-1.0,2.0,0.8108108108108109,0.8333333333333334,0.7894736842105263,0.9459459459459458,0.9722222222222222,0.9210526315789473,0.972972972972973,1.0,0.9473684210526315
5,43,25,30,block_pointwise,circular,5.0,0.5,36.67815849381132,36,5.0,5.0,0.5405405405405405,0.5555555555555556,0.5263157894736842,0.8648648648648649,0.8888888888888888,0.8421052631578947,0.972972972972973,1.0,0.9473684210526315
5,43,25,30,block_pointwise,circular,10.0,0.5,45.50522156769381,36,10.0,10.0,0.0,0.0,0.0,0.5945945945945946,0.6111111111111112,0.5789473684210527,0.972972972972973,1.0,0.9473684210526315
5,43,25,30,block_pointwise,circular,25.0,0.5,47.75700793484796,36,12.0,12.0,0.0,0.0,0.0,0.27027027027027023,0.2777777777777778,0.2631578947368421,0.972972972972973,1.0,0.9473684210526315
5,43,25,30,block_pointwise,circular,50.0,0.5,28.771389663388,36,1.0,1.0,0.8918918918918918,0.9166666666666666,0.868421052631579,0.9459459459459458,0.9722222222222222,0.9210526315789473,0.972972972972973,1.0,0.9473684210526315
5,48,25,30,fixed_quantile,-,,0.95,47.92887884633215,36,19.0,19.0,0.0,0.0,0.0,0.0,0.0,0.0,0.918918918918919,0.9444444444444444,0.8947368421052632
5,48,25,30,resample_pointwise,-,1.0,0.5,19.734863134898376,36,-1.0,2.0,0.918918918918919,0.9444444444444444,0.8947368421052632,0.972972972972973,1.0,0.9473684210526315,0.972972972972973,1.0,0.9473684210526315
5,48,25,30,block_pointwise,circular,1.0,0.5,19.68589343295409,36,-1.0,2.0,0.918918918918919,0.9444444444444444,0.8947368421052632,0.972972972972973,1.0,0.9473684210526315,0.972972972972973,1.0,0.9473684210526315
5,48,25,30,block_pointwise,circular,5.0,0.5,36.12855999673154,36,6.5,6.5,0.3243243243243243,0.3333333333333333,0.3157894736842105,0.8378378378378377,0.8611111111111112,0.8157894736842105,0.972972972972973,1.0,0.9473684210526315
5,48,25,30,block_pointwise,circular,10.0,0.5,44.68542415029596,36,14.0,14.0,0.0,0.0,0.0,0.02702702702702703,0.027777777777777776,0.02631578947368421,0.9459459459459458,0.9722222222222222,0.9210526315789473
5,48,25,30,block_pointwise,circular,25.0,0.5,47.21412390963647,36,18.0,18.0,0.0,0.0,0.0,0.02702702702702703,0.027777777777777776,0.02631578947368421,0.918918918918919,0.9444444444444444,0.8947368421052632
5,48,25,30,block_pointwise,circular,50.0,0.5,30.021269730802302,36,3.0,3.0,0.6756756756756757,0.6944444444444444,0.6578947368421053,0.9459459459459458,0.9722222222222222,0.9210526315789473,0.972972972972973,1.0,0.9473684210526315
5,53,25,30,fixed_quantile,-,,0.95,44.79153642062795,44,21.0,21.0,0.0,0.0,0.0,0.0,0.0,0.0,0.7073170731707317,0.6590909090909091,0.7631578947368421
5,53,25,30,resample_pointwise,-,1.0,0.5,19.445642980896757,36,1.0,1.5,0.918918918918919,0.9444444444444444,0.8947368421052632,0.972972972972973,1.0,0.9473684210526315,0.972972972972973,1.0,0.9473684210526315
5,53,25,30,block_pointwise,circular,1.0,0.5,19.53436056431154,36,1.0,1.5,0.918918918918919,0.9444444444444444,0.8947368421052632,0.972972972972973,1.0,0.9473684210526315,0.972972972972973,1.0,0.9473684210526315
5,53,25,30,block_pointwise,circular,5.0,0.5,35.61025740800888,36,10.0,10.0,0.0,0.0,0.0,0.5675675675675677,0.5833333333333334,0.5526315789473685,0.972972972972973,1.0,0.9473684210526315
5,53,25,30,block_pointwise,circular,10.0,0.5,44.24737712840564,40,20.5,20.5,0.0,0.0,0.0,0.0,0.0,0.0,0.7435897435897436,0.725,0.7631578947368421
5,53,25,30,block_pointwise,circular,25.0,0.5,47.11876875505488,16,20.0,20.0,0.0,0.0,0.0,0.0,0.0,0.0,0.3333333333333333,0.5625,0.23684210526315788
5,53,25,30,block_pointwise,circular,50.0,0.5,29.655376239289268,36,5.0,5.0,0.5135135135135136,0.5277777777777778,0.5,0.918918918918919,0.9444444444444444,0.8947368421052632,0.972972972972973,1.0,0.9473684210526315
5,58,25,30,fixed_quantile,-,,0.95,42.24197747657689,48,22.5,22.5,0.0,0.0,0.0,0.0,0.0,0.0,0.6511627906976745,0.5833333333333334,0.7368421052631579
5,58,25,30,resample_pointwise,-,1.0,0.5,19.263074481249312,36,1.0,2.0,0.8918918918918918,0.9166666666666666,0.868421052631579,0.972972972972973,1.0,0.9473684210526315,0.972972972972973,1.0,0.9473684210526315
5,58,25,30,block_pointwise,circular,1.0,0.5,19.042823288018354,36,1.0,2.0,0.8918918918918918,0.9166666666666666,0.868421052631579,0.972972972972973,1.0,0.9473684210526315,0.972972972972973,1.0,0.9473684210526315
5,58,25,30,block_pointwise,circular,5.0,0.5,35.42248474403273,36,14.0,14.0,0.0,0.0,0.0,0.24324324324324326,0.25,0.23684210526315788,0.918918918918919,0.9444444444444444,0.8947368421052632
5,58,25,30,block_pointwise,circular,10.0,0.5,44.25985477192477,9,24.0,24.0,0.0,0.0,0.0,0.0,0.0,0.0,0.1702127659574468,0.4444444444444444,0.10526315789473684
5,58,25,30,block_pointwise,circular,25.0,0.5,46.67647048568803,0,,,0.0,0.0,0.0,0.0,0.0,0.0,0.0,0.0,0.0
5,58,25,30,block_pointwise,circular,50.0,0.5,28.208286329434518,36,6.0,6.0,0.4594594594594595,0.4722222222222222,0.4473684210526316,0.8108108108108109,0.8333333333333334,0.7894736842105263,0.972972972972973,1.0,0.9473684210526315
5,64,25,30,fixed_quantile,-,,0.95,38.0915643635394,54,25.0,25.0,0.0,0.0,0.0,0.0,0.0,0.0,0.4565217391304348,0.3888888888888889,0.5526315789473685
5,64,25,30,resample_pointwise,-,1.0,0.5,18.759546845451787,36,1.0,2.0,0.8648648648648649,0.8888888888888888,0.8421052631578947,0.9459459459459458,0.9722222222222222,0.9210526315789473,0.972972972972973,1.0,0.9473684210526315
5,64,25,30,block_pointwise,circular,1.0,0.5,18.62471077940789,36,1.0,2.0,0.8648648648648649,0.8888888888888888,0.8421052631578947,0.9459459459459458,0.9722222222222222,0.9210526315789473,0.972972972972973,1.0,0.9473684210526315
5,64,25,30,block_pointwise,circular,5.0,0.5,34.64509284997846,36,16.0,16.0,0.0,0.0,0.0,0.05405405405405406,0.05555555555555555,0.05263157894736842,0.8108108108108109,0.8333333333333334,0.7894736842105263
5,64,25,30,block_pointwise,circular,10.0,0.5,43.06550888846594,0,,,0.0,0.0,0.0,0.0,0.0,0.0,0.0,0.0,0.0
5,64,25,30,block_pointwise,circular,25.0,0.5,45.865388838313066,0,,,0.0,0.0,0.0,0.0,0.0,0.0,0.0,0.0,0.0
5,64,25,30,block_pointwise,circular,50.0,0.5,29.448311420031786,36,9.0,9.0,0.0,0.0,0.0,0.6216216216216216,0.6388888888888888,0.6052631578947368,0.9459459459459458,0.9722222222222222,0.9210526315789473
5,69,25,30,fixed_quantile,-,,0.95,35.88066082147833,53,25.0,25.0,0.0,0.0,0.0,0.0,0.0,0.0,0.3516483516483517,0.3018867924528302,0.42105263157894735
5,69,25,30,resample_pointwise,-,1.0,0.5,18.424116358350282,36,2.0,2.0,0.7567567567567567,0.7777777777777778,0.7368421052631579,0.9459459459459458,0.9722222222222222,0.9210526315789473,0.972972972972973,1.0,0.9473684210526315
5,69,25,30,block_pointwise,circular,1.0,0.5,18.139688001248608,36,2.0,2.0,0.7837837837837838,0.8055555555555556,0.7631578947368421,0.9459459459459458,0.9722222222222222,0.9210526315789473,0.972972972972973,1.0,0.9473684210526315
5,69,25,30,block_pointwise,circular,5.0,0.5,34.05698122829347,49,22.0,22.0,0.0,0.0,0.0,0.0,0.0,0.0,0.6206896551724138,0.5510204081632653,0.7105263157894737
5,69,25,30,block_pointwise,circular,10.0,0.5,42.24221306568515,0,,,0.0,0.0,0.0,0.0,0.0,0.0,0.0,0.0,0.0
5,69,25,30,block_pointwise,circular,25.0,0.5,44.66941964305229,0,,,0.0,0.0,0.0,0.0,0.0,0.0,0.0,0.0,0.0
5,69,25,30,block_pointwise,circular,50.0,0.5,27.414035640753347,36,11.0,11.0,0.02702702702702703,0.027777777777777776,0.02631578947368421,0.43243243243243246,0.4444444444444444,0.42105263157894735,0.918918918918919,0.9444444444444444,0.8947368421052632
5,74,25,30,fixed_quantile,-,,0.95,33.19673901923055,69,26.0,26.0,0.0,0.0,0.0,0.0,0.0,0.0,0.35514018691588783,0.2753623188405797,0.5
5,74,25,30,resample_pointwise,-,1.0,0.5,17.866478847515776,36,3.0,3.0,0.6756756756756757,0.6944444444444444,0.6578947368421053,0.8918918918918918,0.9166666666666666,0.868421052631579,0.9459459459459458,0.9722222222222222,0.9210526315789473
5,74,25,30,block_pointwise,circular,1.0,0.5,17.87271765969307,36,3.0,3.0,0.6756756756756757,0.6944444444444444,0.6578947368421053,0.8918918918918918,0.9166666666666666,0.868421052631579,0.9459459459459458,0.9722222222222222,0.9210526315789473
5,74,25,30,block_pointwise,circular,5.0,0.5,33.64745627346525,52,26.0,26.0,0.0,0.0,0.0,0.0,0.0,0.0,0.3333333333333333,0.28846153846153844,0.39473684210526316
5,74,25,30,block_pointwise,circular,10.0,0.5,42.028701901247345,0,,,0.0,0.0,0.0,0.0,0.0,0.0,0.0,0.0,0.0
5,74,25,30,block_pointwise,circular,25.0,0.5,43.9608482557239,0,,,0.0,0.0,0.0,0.0,0.0,0.0,0.0,0.0,0.0
5,74,25,30,block_pointwise,circular,50.0,0.5,27.41036898012785,36,13.0,13.0,0.0,0.0,0.0,0.21621621621621623,0.2222222222222222,0.21052631578947367,0.7567567567567567,0.7777777777777778,0.7368421052631579
5,79,25,30,fixed_quantile,-,,0.95,31.507808055061233,74,29.5,29.5,0.0,0.0,0.0,0.0,0.0,0.0,0.3035714285714286,0.22972972972972974,0.4473684210526316
5,79,25,30,resample_pointwise,-,1.0,0.5,17.676239570871882,36,4.0,4.0,0.6756756756756757,0.6944444444444444,0.6578947368421053,0.8648648648648649,0.8888888888888888,0.8421052631578947,0.972972972972973,1.0,0.9473684210526315
5,79,25,30,block_pointwise,circular,1.0,0.5,17.488739259224147,36,4.0,4.0,0.6756756756756757,0.6944444444444444,0.6578947368421053,0.8648648648648649,0.8888888888888888,0.8421052631578947,0.972972972972973,1.0,0.9473684210526315
5,79,25,30,block_pointwise,circular,5.0,0.5,32.8016692387996,17,27.0,27.0,0.0,0.0,0.0,0.0,0.0,0.0,0.1818181818181818,0.29411764705882354,0.13157894736842105
5,79,25,30,block_pointwise,circular,10.0,0.5,41.21454201956924,0,,,0.0,0.0,0.0,0.0,0.0,0.0,0.0,0.0,0.0
5,79,25,30,block_pointwise,circular,25.0,0.5,45.280373111023636,0,,,0.0,0.0,0.0,0.0,0.0,0.0,0.0,0.0,0.0
5,79,25,30,block_pointwise,circular,50.0,0.5,26.82222782522349,40,15.0,15.0,0.0,0.0,0.0,0.10256410256410256,0.1,0.10526315789473684,0.717948717948718,0.7,0.7368421052631579
5,84,25,30,fixed_quantile,-,,0.95,30.109634913152668,57,34.0,34.0,0.0,0.0,0.0,0.0,0.0,0.0,0.1263157894736842,0.10526315789473684,0.15789473684210525
5,84,25,30,resample_pointwise,-,1.0,0.5,17.29427248717633,36,6.0,6.0,0.43243243243243246,0.4444444444444444,0.42105263157894735,0.8378378378378377,0.8611111111111112,0.8157894736842105,0.9459459459459458,0.9722222222222222,0.9210526315789473
5,84,25,30,block_pointwise,circular,1.0,0.5,17.425597493630406,36,6.0,6.0,0.43243243243243246,0.4444444444444444,0.42105263157894735,0.8378378378378377,0.8611111111111112,0.8157894736842105,0.9459459459459458,0.9722222222222222,0.9210526315789473
5,84,25,30,block_pointwise,circular,5.0,0.5,32.87373612746076,0,,,0.0,0.0,0.0,0.0,0.0,0.0,0.0,0.0,0.0
5,84,25,30,block_pointwise,circular,10.0,0.5,41.32129102722665,0,,,0.0,0.0,0.0,0.0,0.0,0.0,0.0,0.0,0.0
5,84,25,30,block_pointwise,circular,25.0,0.5,44.04298551476394,0,,,0.0,0.0,0.0,0.0,0.0,0.0,0.0,0.0,0.0
5,84,25,30,block_pointwise,circular,50.0,0.5,26.87366515934621,40,25.0,25.0,0.0,0.0,0.0,0.02564102564102564,0.025,0.02631578947368421,0.48717948717948717,0.475,0.5
5,90,25,30,fixed_quantile,-,,0.95,28.391556884130832,64,28.0,28.0,0.0,0.0,0.0,0.0,0.0,0.0,0.2745098039215686,0.21875,0.3684210526315789
5,90,25,30,resample_pointwise,-,1.0,0.5,17.058948468213906,36,5.0,5.0,0.5135135135135136,0.5277777777777778,0.5,0.7837837837837838,0.8055555555555556,0.7631578947368421,0.9459459459459458,0.9722222222222222,0.9210526315789473
5,90,25,30,block_pointwise,circular,1.0,0.5,17.00336173146382,36,5.0,5.0,0.5405405405405405,0.5555555555555556,0.5263157894736842,0.7837837837837838,0.8055555555555556,0.7631578947368421,0.9459459459459458,0.9722222222222222,0.9210526315789473
5,90,25,30,block_pointwise,circular,5.0,0.5,32.35490607042142,0,,,0.0,0.0,0.0,0.0,0.0,0.0,0.0,0.0,0.0
5,90,25,30,block_pointwise,circular,10.0,0.5,40.64977673173238,0,,,0.0,0.0,0.0,0.0,0.0,0.0,0.0,0.0,0.0
5,90,25,30,block_pointwise,circular,25.0,0.5,43.73064892008725,0,,,0.0,0.0,0.0,0.0,0.0,0.0,0.0,0.0,0.0
5,90,25,30,block_pointwise,circular,50.0,0.5,27.07946424590741,81,27.0,27.0,0.0,0.0,0.0,0.0,0.0,0.0,0.38655462184873945,0.2839506172839506,0.6052631578947368
5,95,25,30,fixed_quantile,-,,0.95,27.081043871172415,69,31.0,31.0,0.0,0.0,0.0,0.0,0.0,0.0,0.2616822429906542,0.2028985507246377,0.3684210526315789
5,95,25,30,resample_pointwise,-,1.0,0.5,16.907248753089412,36,8.0,8.0,0.24324324324324326,0.25,0.23684210526315788,0.6756756756756757,0.6944444444444444,0.6578947368421053,0.8918918918918918,0.9166666666666666,0.868421052631579
5,95,25,30,block_pointwise,circular,1.0,0.5,16.91929365213635,36,8.0,8.0,0.24324324324324326,0.25,0.23684210526315788,0.6756756756756757,0.6944444444444444,0.6578947368421053,0.8918918918918918,0.9166666666666666,0.868421052631579
5,95,25,30,block_pointwise,circular,5.0,0.5,32.309939567001976,0,,,0.0,0.0,0.0,0.0,0.0,0.0,0.0,0.0,0.0
5,95,25,30,block_pointwise,circular,10.0,0.5,40.520483154931256,0,,,0.0,0.0,0.0,0.0,0.0,0.0,0.0,0.0,0.0
5,95,25,30,block_pointwise,circular,25.0,0.5,43.94853525868867,0,,,0.0,0.0,0.0,0.0,0.0,0.0,0.0,0.0,0.0
5,95,25,30,block_pointwise,circular,50.0,0.5,26.21691689321197,93,30.0,30.0,0.0,0.0,0.0,0.0,0.0,0.0,0.27480916030534347,0.1935483870967742,0.47368421052631576
5,100,25,30,fixed_quantile,-,,0.95,25.659606194241036,71,34.0,34.0,0.0,0.0,0.0,0.0,0.0,0.0,0.22018348623853212,0.16901408450704225,0.3157894736842105
5,100,25,30,resample_pointwise,-,1.0,0.5,16.712675226556676,36,8.0,8.0,0.21621621621621623,0.2222222222222222,0.21052631578947367,0.6216216216216216,0.6388888888888888,0.6052631578947368,0.8378378378378377,0.8611111111111112,0.8157894736842105
5,100,25,30,block_pointwise,circular,1.0,0.5,16.911280059949625,36,8.0,8.0,0.18918918918918917,0.19444444444444445,0.18421052631578946,0.6216216216216216,0.6388888888888888,0.6052631578947368,0.8378378378378377,0.8611111111111112,0.8157894736842105
5,100,25,30,block_pointwise,circular,5.0,0.5,31.59498889727403,0,,,0.0,0.0,0.0,0.0,0.0,0.0,0.0,0.0,0.0
5,100,25,30,block_pointwise,circular,10.0,0.5,40.24068688590366,0,,,0.0,0.0,0.0,0.0,0.0,0.0,0.0,0.0,0.0
5,100,25,30,block_pointwise,circular,25.0,0.5,42.97681151969877,0,,,0.0,0.0,0.0,0.0,0.0,0.0,0.0,0.0,0.0
5,100,25,30,block_pointwise,circular,50.0,0.5,25.636324194443347,71,34.0,34.0,0.0,0.0,0.0,0.0,0.0,0.0,0.22018348623853212,0.16901408450704225,0.3157894736842105
20,6,25,30,fixed_quantile,-,,0.95,78.99973404599905,36,-1.0,1.5,0.972972972972973,1.0,0.9473684210526315,0.972972972972973,1.0,0.9473684210526315,0.972972972972973,1.0,0.9473684210526315
20,6,25,30,resample_pointwise,-,1.0,0.5,20.720541769637006,43,-17.0,17.0,0.0,0.0,0.0,0.09876543209876543,0.09302325581395349,0.10526315789473684,0.9382716049382717,0.8837209302325582,1.0
20,6,25,30,block_pointwise,circular,1.0,0.5,20.66639369777912,43,-17.0,17.0,0.0,0.0,0.0,0.09876543209876543,0.09302325581395349,0.10526315789473684,0.9382716049382717,0.8837209302325582,1.0
20,6,25,30,block_pointwise,circular,5.0,0.5,33.48231357630033,36,-14.0,14.0,0.08108108108108107,0.08333333333333333,0.07894736842105263,0.24324324324324326,0.25,0.23684210526315788,0.972972972972973,1.0,0.9473684210526315
20,6,25,30,block_pointwise,circular,10.0,0.5,43.756029385702305,36,-11.0,11.0,0.21621621621621623,0.2222222222222222,0.21052631578947367,0.4594594594594595,0.4722222222222222,0.4473684210526316,0.972972972972973,1.0,0.9473684210526315
20,6,25,30,block_pointwise,circular,25.0,0.5,46.60024088927493,36,-10.0,10.0,0.24324324324324326,0.25,0.23684210526315788,0.5135135135135136,0.5277777777777778,0.5,0.972972972972973,1.0,0.9473684210526315
20,6,25,30,block_pointwise,circular,50.0,0.5,27.67790068702228,36,-15.0,15.0,0.02702702702702703,0.027777777777777776,0.02631578947368421,0.13513513513513511,0.1388888888888889,0.13157894736842105,0.972972972972973,1.0,0.9473684210526315
20,1,25,30,fixed_quantile,-,,0.95,80.87533125433025,36,-2.0,2.0,0.8378378378378377,0.8611111111111112,0.8157894736842105,0.972972972972973,1.0,0.9473684210526315,0.972972972972973,1.0,0.9473684210526315
20,1,25,30,resample_pointwise,-,1.0,0.5,20.701047013880768,45,-20.0,20.0,0.024096385542168672,0.022222222222222223,0.02631578947368421,0.048192771084337345,0.044444444444444446,0.05263157894736842,0.891566265060241,0.8222222222222222,0.9736842105263158
20,1,25,30,block_pointwise,circular,1.0,0.5,20.58476322638213,47,-21.0,21.0,0.023529411764705882,0.02127659574468085,0.02631578947368421,0.047058823529411764,0.0425531914893617,0.05263157894736842,0.8705882352941177,0.7872340425531915,0.9736842105263158
20,1,25,30,block_pointwise,circular,5.0,0.5,33.5910282363298,36,-15.5,15.5,0.08108108108108107,0.08333333333333333,0.07894736842105263,0.18918918918918917,0.19444444444444445,0.18421052631578946,0.972972972972973,1.0,0.9473684210526315
20,1,25,30,block_pointwise,circular,10.0,0.5,43.40256875775438,36,-12.5,12.5,0.13513513513513511,0.1388888888888889,0.13157894736842105,0.37837837837837834,0.3888888888888889,0.3684210526315789,0.972972972972973,1.0,0.9473684210526315
20,1,25,30,block_pointwise,circular,25.0,0.5,47.36518013944273,36,-12.0,12.0,0.18918918918918917,0.19444444444444445,0.18421052631578946,0.4594594594594595,0.4722222222222222,0.4473684210526316,0.972972972972973,1.0,0.9473684210526315
20,1,25,30,block_pointwise,circular,50.0,0.5,28.145421230399876,36,-17.0,17.0,0.08108108108108107,0.08333333333333333,0.07894736842105263,0.10810810810810811,0.1111111111111111,0.10526315789473684,0.972972972972973,1.0,0.9473684210526315
20,11,25,30,fixed_quantile,-,,0.95,74.75221654344175,38,0.0,2.0,0.9210526315789473,0.9210526315789473,0.9210526315789473,0.9473684210526315,0.9473684210526315,0.9473684210526315,0.9473684210526315,0.9473684210526315,0.9473684210526315
20,11,25,30,resample_pointwise,-,1.0,0.5,19.97692324282503,56,-14.0,14.0,0.10638297872340426,0.08928571428571429,0.13157894736842105,0.2127659574468085,0.17857142857142858,0.2631578947368421,0.7659574468085106,0.6428571428571429,0.9473684210526315
20,11,25,30,block_pointwise,circular,1.0,0.5,19.886408570752092,56,-14.0,14.0,0.10638297872340426,0.08928571428571429,0.13157894736842105,0.2127659574468085,0.17857142857142858,0.2631578947368421,0.7659574468085106,0.6428571428571429,0.9473684210526315
20,11,25,30,block_pointwise,circular,5.0,0.5,32.46515056968664,36,-10.0,10.0,0.21621621621621623,0.2222222222222222,0.21052631578947367,0.5675675675675677,0.5833333333333334,0.5526315789473685,0.972972972972973,1.0,0.9473684210526315
20,11,25,30,block_pointwise,circular,10.0,0.5,42.16483262028885,36,-7.0,7.0,0.35135135135135137,0.3611111111111111,0.34210526315789475,0.8378378378378377,0.8611111111111112,0.8157894736842105,0.972972972972973,1.0,0.9473684210526315
20,11,25,30,block_pointwise,circular,25.0,0.5,44.97706971474943,37,-6.0,6.0,0.45333333333333337,0.4594594594594595,0.4473684210526316,0.9066666666666667,0.918918918918919,0.8947368421052632,0.9599999999999999,0.972972972972973,0.9473684210526315
20,11,25,30,block_pointwise,circular,50.0,0.5,24.450641946503076,36,-12.0,12.0,0.13513513513513511,0.1388888888888889,0.13157894736842105,0.2972972972972973,0.3055555555555556,0.2894736842105263,0.972972972972973,1.0,0.9473684210526315
20,17,25,30,fixed_quantile,-,,0.95,72.7374339446387,36,4.0,4.0,0.6486486486486486,0.6666666666666666,0.631578947368421,0.972972972972973,1.0,0.9473684210526315,0.972972972972973,1.0,0.9473684210526315
20,17,25,30,resample_pointwise,-,1.0,0.5,19.55973030981105,60,-10.0,10.0,0.24489795918367346,0.2,0.3157894736842105,0.6326530612244898,0.5166666666666667,0.8157894736842105,0.7346938775510204,0.6,0.9473684210526315
20,17,25,30,block_pointwise,circular,1.0,0.5,19.611174181948652,58,-10.0,10.0,0.25,0.20689655172413793,0.3157894736842105,0.6458333333333334,0.5344827586206896,0.8157894736842105,0.75,0.6206896551724138,0.9473684210526315
20,17,25,30,block_pointwise,circular,5.0,0.5,32.062926496160806,36,-6.0,6.0,0.43243243243243246,0.4444444444444444,0.42105263157894735,0.9459459459459458,0.9722222222222222,0.9210526315789473,0.972972972972973,1.0,0.9473684210526315
20,17,25,30,block_pointwise,circular,10.0,0.5,41.7060094772864,36,-4.0,4.0,0.6216216216216216,0.6388888888888888,0.6052631578947368,0.972972972972973,1.0,0.9473684210526315,0.972972972972973,1.0,0.9473684210526315
20,17,25,30,block_pointwise,circular,25.0,0.5,45.16572766877229,36,-2.5,3.0,0.7027027027027027,0.7222222222222222,0.6842105263157895,0.972972972972973,1.0,0.9473684210526315,0.972972972972973,1.0,0.9473684210526315
20,17,25,30,block_pointwise,circular,50.0,0.5,26.31016263764404,36,-7.0,7.0,0.35135135135135137,0.3611111111111111,0.34210526315789475,0.8918918918918918,0.9166666666666666,0.868421052631579,0.972972972972973,1.0,0.9473684210526315
20,22,25,30,fixed_quantile,-,,0.95,69.63701246364695,37,6.0,6.0,0.4266666666666667,0.43243243243243246,0.42105263157894735,0.8266666666666665,0.8378378378378378,0.8157894736842105,0.9599999999999999,0.972972972972973,0.9473684210526315
20,22,25,30,resample_pointwise,-,1.0,0.5,19.857588986005645,42,-5.0,5.5,0.525,0.5,0.5526315789473685,0.825,0.7857142857142857,0.868421052631579,0.9,0.8571428571428571,0.9473684210526315
20,22,25,30,block_pointwise,circular,1.0,0.5,19.798886753046126,42,-5.0,5.5,0.525,0.5,0.5526315789473685,0.825,0.7857142857142857,0.868421052631579,0.9,0.8571428571428571,0.9473684210526315
20,22,25,30,block_pointwise,circular,5.0,0.5,31.95688447743748,36,-2.0,3.0,0.7297297297297298,0.75,0.7105263157894737,0.972972972972973,1.0,0.9473684210526315,0.972972972972973,1.0,0.9473684210526315
20,22,25,30,block_pointwise,circular,10.0,0.5,41.38914437012714,36,0.0,2.0,0.8648648648648649,0.8888888888888888,0.8421052631578947,0.972972972972973,1.0,0.9473684210526315,0.972972972972973,1.0,0.9473684210526315
20,22,25,30,block_pointwise,circular,25.0,0.5,44.984689171601,36,0.0,2.0,0.8378378378378377,0.8611111111111112,0.8157894736842105,0.972972972972973,1.0,0.9473684210526315,0.972972972972973,1.0,0.9473684210526315
20,22,25,30,block_pointwise,circular,50.0,0.5,25.462575979165397,36,-3.0,4.0,0.6216216216216216,0.6388888888888888,0.6052631578947368,0.918918918918919,0.9444444444444444,0.8947368421052632,0.972972972972973,1.0,0.9473684210526315
20,27,25,30,fixed_quantile,-,,0.95,64.06934062379104,40,9.0,9.0,0.1794871794871795,0.175,0.18421052631578946,0.6666666666666667,0.65,0.6842105263157895,0.9743589743589743,0.95,1.0
20,27,25,30,resample_pointwise,-,1.0,0.5,19.60460901307752,62,-7.0,7.0,0.5200000000000001,0.41935483870967744,0.6842105263157895,0.7000000000000001,0.5645161290322581,0.9210526315789473,0.72,0.5806451612903226,0.9473684210526315
20,27,25,30,block_pointwise,circular,1.0,0.5,19.717022136033034,62,-7.0,7.0,0.5200000000000001,0.41935483870967744,0.6842105263157895,0.7000000000000001,0.5645161290322581,0.9210526315789473,0.72,0.5806451612903226,0.9473684210526315
20,27,25,30,block_pointwise,circular,5.0,0.5,31.40409661228224,36,-0.5,2.0,0.918918918918919,0.9444444444444444,0.8947368421052632,0.972972972972973,1.0,0.9473684210526315,0.972972972972973,1.0,0.9473684210526315
20,27,25,30,block_pointwise,circular,10.0,0.5,41.07195067139942,36,1.0,2.0,0.8918918918918918,0.9166666666666666,0.868421052631579,0.9459459459459458,0.9722222222222222,0.9210526315789473,0.972972972972973,1.0,0.9473684210526315
20,27,25,30,block_pointwise,circular,25.0,0.5,44.297816313935854,36,1.5,2.0,0.8918918918918918,0.9166666666666666,0.868421052631579,0.9459459459459458,0.9722222222222222,0.9210526315789473,0.972972972972973,1.0,0.9473684210526315
20,27,25,30,block_pointwise,circular,50.0,0.5,27.324345365069632,36,-1.5,3.0,0.8378378378378377,0.8611111111111112,0.8157894736842105,0.972972972972973,1.0,0.9473684210526315,0.972972972972973,1.0,0.9473684210526315
20,32,25,30,fixed_quantile,-,,0.95,59.44572793102306,37,10.0,10.0,0.02666666666666667,0.02702702702702703,0.02631578947368421,0.5066666666666666,0.5135135135135135,0.5,0.88,0.8918918918918919,0.868421052631579
20,32,25,30,resample_pointwise,-,1.0,0.5,18.904903612124446,68,-7.0,7.5,0.47169811320754723,0.36764705882352944,0.6578947368421053,0.679245283018868,0.5294117647058824,0.9473684210526315,0.7169811320754718,0.5588235294117647,1.0
20,32,25,30,block_pointwise,circular,1.0,0.5,19.177271915563736,63,-6.0,7.0,0.4950495049504951,0.3968253968253968,0.6578947368421053,0.7128712871287128,0.5714285714285714,0.9473684210526315,0.7524752475247524,0.6031746031746031,1.0
20,32,25,30,block_pointwise,circular,5.0,0.5,30.8202289887462,36,1.5,2.0,0.7837837837837838,0.8055555555555556,0.7631578947368421,0.918918918918919,0.9444444444444444,0.8947368421052632,0.972972972972973,1.0,0.9473684210526315
20,32,25,30,block_pointwise,circular,10.0,0.5,39.552866264889744,36,4.0,4.0,0.5675675675675677,0.5833333333333334,0.5526315789473685,0.8918918918918918,0.9166666666666666,0.868421052631579,0.972972972972973,1.0,0.9473684210526315
20,32,25,30,block_pointwise,circular,25.0,0.5,43.23518090816382,36,5.5,5.5,0.4864864864864865,0.5,0.47368421052631576,0.8648648648648649,0.8888888888888888,0.8421052631578947,0.972972972972973,1.0,0.9473684210526315
20,32,25,30,block_pointwise,circular,50.0,0.5,26.354909314387783,40,0.0,3.5,0.6923076923076923,0.675,0.7105263157894737,0.8717948717948718,0.85,0.8947368421052632,0.9230769230769231,0.9,0.9473684210526315
20,37,25,30,fixed_quantile,-,,0.95,55.64968781906089,48,13.0,13.0,0.0,0.0,0.0,0.20930232558139536,0.1875,0.23684210526315788,0.8139534883720931,0.7291666666666666,0.9210526315789473
20,37,25,30,resample_pointwise,-,1.0,0.5,19.1989603066421,70,-7.0,12.5,0.40740740740740744,0.3142857142857143,0.5789473684210527,0.5925925925925926,0.45714285714285713,0.8421052631578947,0.7037037037037037,0.5428571428571428,1.0
20,37,25,30,block_pointwise,circular,1.0,0.5,19.159213011667163,70,-7.0,12.5,0.40740740740740744,0.3142857142857143,0.5789473684210527,0.5925925925925926,0.45714285714285713,0.8421052631578947,0.7037037037037037,0.5428571428571428,1.0
20,37,25,30,block_pointwise,circular,5.0,0.5,30.887705980378946,36,5.0,5.0,0.5405405405405405,0.5555555555555556,0.5263157894736842,0.7567567567567567,0.7777777777777778,0.7368421052631579,0.972972972972973,1.0,0.9473684210526315
20,37,25,30,block_pointwise,circular,10.0,0.5,40.211432814413236,38,7.0,7.0,0.34210526315789475,0.34210526315789475,0.34210526315789475,0.6578947368421053,0.6578947368421053,0.6578947368421053,0.9736842105263158,0.9736842105263158,0.9736842105263158
20,37,25,30,block_pointwise,circular,25.0,0.5,43.97574145046981,37,10.0,10.0,0.21333333333333335,0.21621621621621623,0.21052631578947367,0.5333333333333333,0.5405405405405406,0.5263157894736842,0.9599999999999999,0.972972972972973,0.9473684210526315
20,37,25,30,block_pointwise,circular,50.0,0.5,27.4181283899705,41,3.0,5.0,0.5316455696202531,0.5121951219512195,0.5526315789473685,0.7341772151898733,0.7073170731707317,0.7631578947368421,0.9113924050632912,0.8780487804878049,0.9473684210526315
20,43,25,30,fixed_quantile,-,,0.95,50.89627982286973,40,17.0,17.0,0.0,0.0,0.0,0.15384615384615385,0.15,0.15789473684210525,0.8461538461538461,0.825,0.868421052631579
20,43,25,30,resample_pointwise,-,1.0,0.5,18.49567414074008,70,-7.0,11.0,0.4444444444444445,0.34285714285714286,0.631578947368421,0.6296296296296297,0.4857142857142857,0.8947368421052632,0.7037037037037037,0.5428571428571428,1.0
20,43,25,30,block_pointwise,circular,1.0,0.5,18.659424570212604,69,-7.0,11.0,0.4485981308411215,0.34782608695652173,0.631578947368421,0.6355140186915887,0.4927536231884058,0.8947368421052632,0.7102803738317757,0.5507246376811594,1.0
20,43,25,30,block_pointwise,circular,5.0,0.5,30.42665413739688,36,5.0,5.0,0.5135135135135136,0.5277777777777778,0.5,0.7837837837837838,0.8055555555555556,0.7631578947368421,0.972972972972973,1.0,0.9473684210526315
20,43,25,30,block_pointwise,circular,10.0,0.5,39.44596861118705,38,9.0,9.0,0.2631578947368421,0.2631578947368421,0.2631578947368421,0.6578947368421053,0.6578947368421053,0.6578947368421053,0.9473684210526315,0.9473684210526315,0.9473684210526315
20,43,25,30,block_pointwise,circular,25.0,0.5,41.832562567662265,39,10.0,10.0,0.07792207792207792,0.07692307692307693,0.07894736842105263,0.5194805194805194,0.5128205128205128,0.5263157894736842,0.935064935064935,0.9230769230769231,0.9473684210526315
20,43,25,30,block_pointwise,circular,50.0,0.5,25.73584463879719,39,2.0,3.0,0.5974025974025974,0.5897435897435898,0.6052631578947368,0.8311688311688312,0.8205128205128205,0.8421052631578947,0.935064935064935,0.9230769230769231,0.9473684210526315
20,53,25,30,fixed_quantile,-,,0.95,46.0146453970116,50,19.5,19.5,0.0,0.0,0.0,0.04545454545454545,0.04,0.05263157894736842,0.5,0.44,0.5789473684210527
20,53,25,30,resample_pointwise,-,1.0,0.5,18.661650542284427,64,-2.0,12.5,0.3333333333333333,0.265625,0.4473684210526316,0.5294117647058824,0.421875,0.7105263157894737,0.7058823529411765,0.5625,0.9473684210526315
20,53,25,30,block_pointwise,circular,1.0,0.5,18.717836789745384,65,-2.0,14.0,0.3300970873786408,0.26153846153846155,0.4473684210526316,0.5048543689320388,0.4,0.6842105263157895,0.6990291262135921,0.5538461538461539,0.9473684210526315
20,53,25,30,block_pointwise,circular,5.0,0.5,30.238687933593383,42,7.5,7.5,0.35,0.3333333333333333,0.3684210526315789,0.5,0.47619047619047616,0.5263157894736842,0.8,0.7619047619047619,0.8421052631578947
20,53,25,30,block_pointwise,circular,10.0,0.5,38.85583841736921,47,15.0,15.0,0.07058823529411763,0.06382978723404255,0.07894736842105263,0.18823529411764706,0.1702127659574468,0.21052631578947367,0.7764705882352942,0.7021276595744681,0.868421052631579
20,53,25,30,block_pointwise,circular,25.0,0.5,41.748350436205456,49,17.0,17.0,0.0,0.0,0.0,0.13793103448275865,0.12244897959183673,0.15789473684210525,0.6436781609195403,0.5714285714285714,0.7368421052631579
20,53,25,30,block_pointwise,circular,50.0,0.5,23.821819522470925,40,5.5,7.0,0.41025641025641024,0.4,0.42105263157894735,0.6410256410256411,0.625,0.6578947368421053,0.8974358974358975,0.875,0.9210526315789473
20,48,25,30,fixed_quantile,-,,0.95,47.62894502597555,44,19.0,19.0,0.024390243902439025,0.022727272727272728,0.02631578947368421,0.024390243902439025,0.022727272727272728,0.02631578947368421,0.6829268292682926,0.6363636363636364,0.7368421052631579
20,48,25,30,resample_pointwise,-,1.0,0.5,18.35641929215783,67,-5.0,16.0,0.3238095238095238,0.2537313432835821,0.4473684210526316,0.4761904761904762,0.373134328358209,0.6578947368421053,0.6666666666666666,0.5223880597014925,0.9210526315789473
20,48,25,30,block_pointwise,circular,1.0,0.5,18.565004840661555,69,-4.0,16.0,0.3364485981308411,0.2608695652173913,0.47368421052631576,0.48598130841121495,0.37681159420289856,0.6842105263157895,0.6542056074766355,0.5072463768115942,0.9210526315789473
20,48,25,30,block_pointwise,circular,5.0,0.5,30.563397546026547,39,7.0,7.0,0.33766233766233766,0.3333333333333333,0.34210526315789475,0.6233766233766234,0.6153846153846154,0.631578947368421,0.935064935064935,0.9230769230769231,0.9473684210526315
20,48,25,30,block_pointwise,circular,10.0,0.5,38.517881529354554,40,15.0,15.0,0.07692307692307693,0.075,0.07894736842105263,0.23076923076923078,0.225,0.23684210526315788,0.7435897435897436,0.725,0.7631578947368421
20,48,25,30,block_pointwise,circular,25.0,0.5,41.91757875331178,43,16.0,16.0,0.04938271604938271,0.046511627906976744,0.05263157894736842,0.14814814814814817,0.13953488372093023,0.15789473684210525,0.7160493827160495,0.6744186046511628,0.7631578947368421
20,48,25,30,block_pointwise,circular,50.0,0.5,25.38975061203319,37,6.0,7.0,0.3466666666666667,0.35135135135135137,0.34210526315789475,0.64,0.6486486486486487,0.631578947368421,0.9066666666666667,0.918918918918919,0.8947368421052632
20,58,25,30,fixed_quantile,-,,0.95,43.123674932650836,53,19.0,19.0,0.0,0.0,0.0,0.02197802197802198,0.018867924528301886,0.02631578947368421,0.5274725274725274,0.4528301886792453,0.631578947368421
20,58,25,30,resample_pointwise,-,1.0,0.5,18.64033729465822,85,-4.0,20.0,0.2764227642276423,0.2,0.4473684210526316,0.4065040650406504,0.29411764705882354,0.6578947368421053,0.6016260162601627,0.43529411764705883,0.9736842105263158
20,58,25,30,block_pointwise,circular,1.0,0.5,18.540021287386768,84,-4.5,20.0,0.2786885245901639,0.20238095238095238,0.4473684210526316,0.39344262295081966,0.2857142857142857,0.631578947368421,0.6065573770491804,0.44047619047619047,0.9736842105263158
20,58,25,30,block_pointwise,circular,5.0,0.5,29.867563548181614,49,12.0,12.0,0.20689655172413793,0.1836734693877551,0.23684210526315788,0.41379310344827586,0.3673469387755102,0.47368421052631576,0.7586206896551724,0.673469387755102,0.868421052631579
20,58,25,30,block_pointwise,circular,10.0,0.5,38.058130063375714,53,18.0,18.0,0.02197802197802198,0.018867924528301886,0.02631578947368421,0.17582417582417584,0.1509433962264151,0.21052631578947367,0.6813186813186812,0.5849056603773585,0.8157894736842105
20,58,25,30,block_pointwise,circular,25.0,0.5,41.81757070424836,53,20.0,20.0,0.0,0.0,0.0,0.08791208791208792,0.07547169811320754,0.10526315789473684,0.5274725274725274,0.4528301886792453,0.631578947368421
20,58,25,30,block_pointwise,circular,50.0,0.5,25.461873406360485,37,13.0,13.0,0.21333333333333335,0.21621621621621623,0.21052631578947367,0.45333333333333337,0.4594594594594595,0.4473684210526316,0.88,0.8918918918918919,0.868421052631579
20,64,25,30,fixed_quantile,-,,0.95,39.560993045317005,58,21.5,21.5,0.0,0.0,0.0,0.0625,0.05172413793103448,0.07894736842105263,0.4166666666666667,0.3448275862068966,0.5263157894736842
20,64,25,30,resample_pointwise,-,1.0,0.5,18.27472042011827,57,4.0,18.0,0.2526315789473684,0.21052631578947367,0.3157894736842105,0.4631578947368421,0.38596491228070173,0.5789473684210527,0.5894736842105264,0.49122807017543857,0.7368421052631579
20,64,25,30,block_pointwise,circular,1.0,0.5,18.36913099521469,57,4.0,18.0,0.2526315789473684,0.21052631578947367,0.3157894736842105,0.4631578947368421,0.38596491228070173,0.5789473684210527,0.5894736842105264,0.49122807017543857,0.7368421052631579
20,64,25,30,block_pointwise,circular,5.0,0.5,29.92564403485464,52,15.5,15.5,0.15555555555555556,0.1346153846153846,0.18421052631578946,0.35555555555555557,0.3076923076923077,0.42105263157894735,0.6222222222222222,0.5384615384615384,0.7368421052631579
20,64,25,30,block_pointwise,circular,10.0,0.5,38.10700288892565,69,21.0,21.0,0.018691588785046728,0.014492753623188406,0.02631578947368421,0.07476635514018691,0.057971014492753624,0.10526315789473684,0.4485981308411215,0.34782608695652173,0.631578947368421
20,64,25,30,block_pointwise,circular,25.0,0.5,41.609452068829754,50,22.0,22.0,0.0,0.0,0.0,0.04545454545454545,0.04,0.05263157894736842,0.34090909090909094,0.3,0.39473684210526316
20,64,25,30,block_pointwise,circular,50.0,0.5,25.994910036656222,56,8.0,8.0,0.2978723404255319,0.25,0.3684210526315789,0.44680851063829785,0.375,0.5526315789473685,0.6595744680851064,0.5535714285714286,0.8157894736842105
20,69,25,30,fixed_quantile,-,,0.95,37.25660393209243,59,24.0,24.0,0.0,0.0,0.0,0.041237113402061855,0.03389830508474576,0.05263157894736842,0.3711340206185567,0.3050847457627119,0.47368421052631576
20,69,25,30,resample_pointwise,-,1.0,0.5,18.223151394302974,111,-12.0,25.0,0.24161073825503354,0.16216216216216217,0.47368421052631576,0.30872483221476504,0.2072072072072072,0.6052631578947368,0.42953020134228187,0.2882882882882883,0.8421052631578947
20,69,25,30,block_pointwise,circular,1.0,0.5,18.183366205685907,111,-12.0,23.0,0.24161073825503354,0.16216216216216217,0.47368421052631576,0.30872483221476504,0.2072072072072072,0.6052631578947368,0.42953020134228187,0.2882882882882883,0.8421052631578947
20,69,25,30,block_pointwise,circular,5.0,0.5,29.1097863120972,72,18.0,18.0,0.05454545454545455,0.041666666666666664,0.07894736842105263,0.20000000000000004,0.1527777777777778,0.2894736842105263,0.5272727272727273,0.4027777777777778,0.7631578947368421
20,69,25,30,block_pointwise,circular,10.0,0.5,37.2611098669524,59,24.0,24.0,0.0,0.0,0.0,0.041237113402061855,0.03389830508474576,0.05263157894736842,0.3711340206185567,0.3050847457627119,0.47368421052631576
20,69,25,30,block_pointwise,circular,25.0,0.5,40.962280742498024,26,22.5,22.5,0.0,0.0,0.0,0.03125,0.038461538461538464,0.02631578947368421,0.34375,0.4230769230769231,0.2894736842105263
20,69,25,30,block_pointwise,circular,50.0,0.5,26.792729368836135,67,13.0,13.0,0.1333333333333333,0.1044776119402985,0.18421052631578946,0.30476190476190473,0.23880597014925373,0.42105263157894735,0.5523809523809524,0.43283582089552236,0.7631578947368421
20,74,25,30,fixed_quantile,-,,0.95,36.211829964750514,69,25.0,25.0,0.018691588785046728,0.014492753623188406,0.02631578947368421,0.056074766355140186,0.043478260869565216,0.07894736842105263,0.37383177570093457,0.2898550724637681,0.5263157894736842
20,74,25,30,resample_pointwise,-,1.0,0.5,17.722059300780824,73,0.0,25.0,0.16216216216216214,0.1232876712328767,0.23684210526315788,0.2882882882882883,0.2191780821917808,0.42105263157894735,0.48648648648648646,0.3698630136986301,0.7105263157894737
20,74,25,30,block_pointwise,circular,1.0,0.5,17.804823371140913,72,0.0,27.5,0.16363636363636364,0.125,0.23684210526315788,0.2909090909090909,0.2222222222222222,0.42105263157894735,0.49090909090909096,0.375,0.7105263157894737
20,74,25,30,block_pointwise,circular,5.0,0.5,28.597869069245803,69,21.0,24.0,0.037383177570093455,0.028985507246376812,0.05263157894736842,0.11214953271028037,0.08695652173913043,0.15789473684210525,0.5046728971962617,0.391304347826087,0.7105263157894737
20,74,25,30,block_pointwise,circular,10.0,0.5,36.60509195366282,68,24.0,24.0,0.0,0.0,0.0,0.056603773584905655,0.04411764705882353,0.07894736842105263,0.3584905660377359,0.27941176470588236,0.5
20,74,25,30,block_pointwise,circular,25.0,0.5,39.75468204105147,24,26.0,26.0,0.0,0.0,0.0,0.03225806451612904,0.041666666666666664,0.02631578947368421,0.22580645161290325,0.2916666666666667,0.18421052631578946
20,74,25,30,block_pointwise,circular,50.0,0.5,24.97227811024482,72,16.0,18.0,0.12727272727272726,0.09722222222222222,0.18421052631578946,0.16363636363636364,0.125,0.23684210526315788,0.509090909090909,0.3888888888888889,0.7368421052631579
20,79,25,30,fixed_quantile,-,,0.95,35.09995314171878,61,26.0,26.0,0.0,0.0,0.0,0.0202020202020202,0.01639344262295082,0.02631578947368421,0.2828282828282828,0.22950819672131148,0.3684210526315789
20,79,25,30,resample_pointwise,-,1.0,0.5,17.819179598419986,88,-1.0,22.5,0.15873015873015872,0.11363636363636363,0.2631578947368421,0.28571428571428575,0.20454545454545456,0.47368421052631576,0.49206349206349215,0.3522727272727273,0.8157894736842105
20,79,25,30,block_pointwise,circular,1.0,0.5,17.768686099404917,88,-1.0,22.5,0.15873015873015872,0.11363636363636363,0.2631578947368421,0.28571428571428575,0.20454545454545456,0.47368421052631576,0.49206349206349215,0.3522727272727273,0.8157894736842105
20,79,25,30,block_pointwise,circular,5.0,0.5,28.8766121133251,78,20.0,21.0,0.01724137931034483,0.01282051282051282,0.02631578947368421,0.1206896551724138,0.08974358974358974,0.18421052631578946,0.4655172413793104,0.34615384615384615,0.7105263157894737
20,79,25,30,block_pointwise,circular,10.0,0.5,37.03974902899106,41,29.0,29.0,0.0,0.0,0.0,0.02531645569620253,0.024390243902439025,0.02631578947368421,0.2278481012658228,0.21951219512195122,0.23684210526315788
20,79,25,30,block_pointwise,circular,25.0,0.5,40.700924298869694,20,24.5,24.5,0.0,0.0,0.0,0.034482758620689655,0.05,0.02631578947368421,0.20689655172413793,0.3,0.15789473684210525
20,79,25,30,block_pointwise,circular,50.0,0.5,25.035714674765444,75,19.0,20.0,0.017699115044247787,0.013333333333333334,0.02631578947368421,0.19469026548672566,0.14666666666666667,0.2894736842105263,0.4778761061946902,0.36,0.7105263157894737
20,84,25,30,fixed_quantile,-,,0.95,34.01843348834041,53,28.0,28.0,0.0,0.0,0.0,0.06593406593406592,0.05660377358490566,0.07894736842105263,0.21978021978021978,0.18867924528301888,0.2631578947368421
20,84,25,30,resample_pointwise,-,1.0,0.5,18.072811058277246,101,-30.0,36.0,0.15827338129496404,0.10891089108910891,0.2894736842105263,0.2446043165467626,0.16831683168316833,0.4473684210526316,0.41726618705035967,0.2871287128712871,0.7631578947368421
20,84,25,30,block_pointwise,circular,1.0,0.5,17.894446179175297,101,-37.0,40.0,0.14388489208633093,0.09900990099009901,0.2631578947368421,0.23021582733812948,0.15841584158415842,0.42105263157894735,0.3884892086330935,0.26732673267326734,0.7105263157894737
20,84,25,30,block_pointwise,circular,5.0,0.5,28.635054685292268,89,24.0,24.0,0.031496062992125984,0.02247191011235955,0.05263157894736842,0.07874015748031496,0.056179775280898875,0.13157894736842105,0.42519685039370075,0.30337078651685395,0.7105263157894737
20,84,25,30,block_pointwise,circular,10.0,0.5,36.74046465456695,36,32.5,32.5,0.0,0.0,0.0,0.02702702702702703,0.027777777777777776,0.02631578947368421,0.21621621621621623,0.2222222222222222,0.21052631578947367
20,84,25,30,block_pointwise,circular,25.0,0.5,40.311618477825526,13,29.0,29.0,0.0,0.0,0.0,0.0,0.0,0.0,0.1568627450980392,0.3076923076923077,0.10526315789473684
20,84,25,30,block_pointwise,circular,50.0,0.5,25.76643822380358,90,21.0,22.0,0.04687500000000001,0.03333333333333333,0.07894736842105263,0.15625,0.1111111111111111,0.2631578947368421,0.46875,0.3333333333333333,0.7894736842105263
20,90,25,30,fixed_quantile,-,,0.95,33.26447386646542,68,28.0,28.0,0.0,0.0,0.0,0.0,0.0,0.0,0.339622641509434,0.2647058823529412,0.47368421052631576
20,90,25,30,resample_pointwise,-,1.0,0.5,18.002422441046892,91,4.0,22.0,0.17054263565891473,0.12087912087912088,0.2894736842105263,0.31007751937984496,0.21978021978021978,0.5263157894736842,0.41860465116279066,0.2967032967032967,0.7105263157894737
20,90,25,30,block_pointwise,circular,1.0,0.5,18.10362642917103,89,5.0,22.0,0.1732283464566929,0.12359550561797752,0.2894736842105263,0.31496062992125984,0.2247191011235955,0.5263157894736842,0.42519685039370075,0.30337078651685395,0.7105263157894737
20,90,25,30,block_pointwise,circular,5.0,0.5,28.82598933742928,111,28.0,28.0,0.04026845637583893,0.02702702702702703,0.07894736842105263,0.12080536912751677,0.08108108108108109,0.23684210526315788,0.348993288590604,0.23423423423423423,0.6842105263157895
20,90,25,30,block_pointwise,circular,10.0,0.5,36.71162224499411,32,37.0,37.0,0.0,0.0,0.0,0.0,0.0,0.0,0.14285714285714285,0.15625,0.13157894736842105
20,90,25,30,block_pointwise,circular,25.0,0.5,40.70656106890963,7,28.0,28.0,0.0,0.0,0.0,0.0,0.0,0.0,0.08888888888888889,0.2857142857142857,0.05263157894736842
20,90,25,30,block_pointwise,circular,50.0,0.5,25.69855235066528,96,28.0,28.0,0.04477611940298507,0.03125,0.07894736842105263,0.16417910447761194,0.11458333333333333,0.2894736842105263,0.3731343283582089,0.2604166666666667,0.6578947368421053
20,95,25,30,fixed_quantile,-,,0.95,31.40585366698254,77,32.0,32.0,0.017391304347826087,0.012987012987012988,0.02631578947368421,0.017391304347826087,0.012987012987012988,0.02631578947368421,0.22608695652173916,0.16883116883116883,0.34210526315789475
20,95,25,30,resample_pointwise,-,1.0,0.5,17.893144785549993,107,-3.0,29.0,0.12413793103448276,0.08411214953271028,0.23684210526315788,0.1793103448275862,0.12149532710280374,0.34210526315789475,0.3862068965517241,0.2616822429906542,0.7368421052631579
20,95,25,30,block_pointwise,circular,1.0,0.5,17.87436335011179,108,-3.0,28.5,0.1232876712328767,0.08333333333333333,0.23684210526315788,0.1780821917808219,0.12037037037037036,0.34210526315789475,0.3835616438356165,0.25925925925925924,0.7368421052631579
20,95,25,30,block_pointwise,circular,5.0,0.5,28.75799944533238,121,31.0,31.0,0.025157232704402517,0.01652892561983471,0.05263157894736842,0.06289308176100629,0.04132231404958678,0.13157894736842105,0.25157232704402516,0.1652892561983471,0.5263157894736842
20,95,25,30,block_pointwise,circular,10.0,0.5,36.543401599861205,16,25.0,25.0,0.0,0.0,0.0,0.037037037037037035,0.0625,0.02631578947368421,0.14814814814814814,0.25,0.10526315789473684
20,95,25,30,block_pointwise,circular,25.0,0.5,41.02530457892867,0,,,0.0,0.0,0.0,0.0,0.0,0.0,0.0,0.0,0.0
20,95,25,30,block_pointwise,circular,50.0,0.5,25.454948306341933,108,27.5,27.5,0.0410958904109589,0.027777777777777776,0.07894736842105263,0.0684931506849315,0.046296296296296294,0.13157894736842105,0.410958904109589,0.2777777777777778,0.7894736842105263
20,100,25,30,fixed_quantile,-,,0.95,30.618742360676624,72,30.0,30.0,0.01818181818181818,0.013888888888888888,0.02631578947368421,0.01818181818181818,0.013888888888888888,0.02631578947368421,0.20000000000000004,0.1527777777777778,0.2894736842105263
20,100,25,30,resample_pointwise,-,1.0,0.5,17.89531506267069,135,7.0,27.0,0.1271676300578035,0.08148148148148149,0.2894736842105263,0.254335260115607,0.16296296296296298,0.5789473684210527,0.3352601156069364,0.21481481481481482,0.7631578947368421
20,100,25,30,block_pointwise,circular,1.0,0.5,17.90998806408888,134,7.0,27.0,0.12790697674418605,0.08208955223880597,0.2894736842105263,0.2558139534883721,0.16417910447761194,0.5789473684210527,0.3372093023255814,0.21641791044776118,0.7631578947368421
20,100,25,30,block_pointwise,circular,5.0,0.5,28.11994085997828,83,28.0,28.0,0.01652892561983471,0.012048192771084338,0.02631578947368421,0.09917355371900825,0.07228915662650602,0.15789473684210525,0.2809917355371901,0.20481927710843373,0.4473684210526316
20,100,25,30,block_pointwise,circular,10.0,0.5,35.82770200655001,15,27.0,27.0,0.0,0.0,0.0,0.0,0.0,0.0,0.1509433962264151,0.26666666666666666,0.10526315789473684
20,100,25,30,block_pointwise,circular,25.0,0.5,39.31849415745464,6,26.5,26.5,0.0,0.0,0.0,0.0,0.0,0.0,0.09090909090909091,0.3333333333333333,0.05263157894736842
20,100,25,30,block_pointwise,circular,50.0,0.5,24.063845493302196,111,30.0,31.0,0.053691275167785234,0.036036036036036036,0.10526315789473684,0.16107382550335572,0.10810810810810811,0.3157894736842105,0.348993288590604,0.23423423423423423,0.6842105263157895
