window_setting,sigma,1-10,11-25,26-50,51-75,76-100
oracle,0,0.972972972972973,0.972972972972973,0.972972972972973,0.972972972972973,0.8571863802102958
oracle,5,0.9120770970343683,0.972972972972973,0.9532417795947208,0.9129353494059376,0.8227244639589074
oracle,20,0.859062101068379,0.9493702105466811,0.8705390377069694,0.7892658641169078,0.7661564050145809
w10,0,0.972972972972973,0.972972972972973,0.7891891891891892,0.6789189189189189,0.7189189189189189
w10,5,0.972972972972973,0.972972972972973,0.9902702702702704,0.9989189189189189,0.9978378378378379
w10,20,0.9605651603020025,0.9586883885233769,0.8844708787175932,0.7380729429355033,0.6919290458338129
w25,0,0.972972972972973,0.972972972972973,0.972972972972973,0.8648648648648648,0.6481853281853281
w25,5,0.972972972972973,0.972972972972973,0.972972972972973,0.9528659752189164,0.9724221364221364
w25,20,0.97012012012012,0.9651565851565852,0.9517248340777753,0.9437265500794914,0.9617038633890631
w50,0,0.972972972972973,0.972972972972973,0.972972972972973,0.972972972972973,0.972972972972973
w50,5,0.972972972972973,0.972972972972973,0.9672072072072072,0.9649197769197769,0.9623268983268983
w50,20,0.9614114114114114,0.9337106854753914,0.9069688114393998,0.8948269912387559,0.8875121806298277
w100,0,0.972972972972973,0.972972972972973,0.972972972972973,0.972972972972973,0.972972972972973
w100,5,0.972972972972973,0.9672672672672673,0.9459921770510006,0.9178374616021675,0.9204151898269545
w100,20,0.9271744149044613,0.9003823246470305,0.8192096801574981,0.799518109276272,0.8039466355254813
