estimator,window_setting,f1_tau5,f1_tau10,f1_tau25,f1_tau50
gradient,oracle,0.21036604712890014,0.3079382132802719,0.6013630057644183,0.8751265252368823
gradient,w10,0.2425821118783271,0.38130364338684175,0.566980202039954,0.638540213258414
gradient,w25,0.21127141593662466,0.31821756716466054,0.6563881513173081,0.7997932071461423
gradient,w50,0.21048745786297218,0.3095458824785222,0.5984323871587552,0.9201316549650519
gradient,w100,0.2135504030055795,0.3132006513468917,0.5961078804957188,0.8947598505774821
run_edge,oracle,0.23198057874945982,0.33619814441165974,0.6399137928025704,0.8756359191314419
run_edge,w10,0.263446942286012,0.3986137631586555,0.546815900539267,0.6099134639181905
run_edge,w25,0.22752923657727625,0.34612919677104675,0.6761788665470505,0.7891958270603441
run_edge,w50,0.22363737651276352,0.334916395454189,0.6314883210780192,0.9190861237158902
run_edge,w100,0.22416719643683342,0.33911982980845956,0.6278787704321697,0.8941788871339914
half_max,oracle,0.18075579529945648,0.2833157380516049,0.5732028926420061,0.8758592571512713
half_max,w10,0.22153541646465744,0.3922964287613936,0.5967894405084219,0.6733408753140978
half_max,w25,0.18443359736605758,0.2909290480938065,0.6715810680737927,0.8162706236485001
half_max,w50,0.18456466078272005,0.2834333886586525,0.5723808220197666,0.923808633051547
half_max,w100,0.18807980241819594,0.2839298579629177,0.5680992317683139,0.896508012373328
