window_setting,sigma,precision,recall,F1,F1 (tau=0)
oracle,0,1.0,0.9005263157894737,0.9440263247823037,0.86636539112137
oracle,5,0.9895686909368502,0.8521052631578948,0.9093790538892742,0.8294963630651938
oracle,20,0.9821352789026515,0.7452631578947368,0.8348020683984546,0.7768706025183589
w10,0,0.8,0.7805263157894737,0.79,0.704435975087138
w10,5,1.0,0.9805263157894737,0.99,0.9017414403826939
w10,20,0.7438849381150854,0.9273684210526316,0.8184779911804341,0.7244068630734894
w25,0,0.89,0.8442105263157894,0.8647490347490349,0.7805426465426466
w25,5,1.0,0.938421052631579,0.9678085143967498,0.8789843852132622
w25,20,0.9997222222222223,0.9173684210526316,0.9560743116720822,0.8863281807957339
w50,0,1.0,0.9473684210526316,0.972972972972973,0.8887665847665848
w50,5,1.0,0.9363157894736842,0.9668567138567138,0.8799234115656398
w50,20,1.0,0.8352631578947368,0.9085247397894457,0.8376355905492904
w100,0,1.0,0.9473684210526316,0.972972972972973,0.8887665847665848
w100,5,1.0,0.8863157894736843,0.9384485945074181,0.8507756916625527
w100,20,0.9997058823529411,0.7205263157894737,0.8334433964273136,0.7647454347785725
