,precision,precision,precision,precision,precision,recall,recall,recall,recall,recall,f1,f1,f1,f1,f1
window_setting,oracle,w10,w25,w50,w100,oracle,w10,w25,w50,w100,oracle,w10,w25,w50,w100
tau,,,,,,,,,,,,,,,
0,0.9115013508426345,0.7483152282561271,0.8736192926672803,0.9095563567291509,0.9079014980296607,0.7735087719298246,0.8229824561403508,0.8303508771929825,0.8373684210526317,0.783859649122807,0.8242441189016408,0.776861426181107,0.8486184041838809,0.8687751956271716,0.8347625704025701
1,0.9384983457273208,0.7758510894573006,0.9066607939208557,0.9437740467740469,0.9416796204024225,0.7971929824561403,0.846842105263158,0.8654385964912281,0.8721052631578948,0.8164912280701754,0.8501663014158495,0.8027640535954588,0.8824653433675664,0.9029385437695215,0.8677546622826723
2,0.9612239158596619,0.7931714274031098,0.927821490220871,0.9642331711486124,0.9614685683607648,0.8168421052631579,0.8610526315789474,0.8808771929824563,0.8861403508771931,0.8312280701754386,0.8718680269311189,0.818897893537573,0.9012857104842346,0.9207488771173082,0.8853080303001826
5,0.9895783668929734,0.841917628365022,0.9616691691691691,0.997932031343796,0.9967194341511229,0.8326315789473684,0.8954385964912281,0.9,0.906140350877193,0.8510526315789474,0.895253403560315,0.8621604526069291,0.928766464564552,0.9483484383903588,0.9133066861905342
10,0.9905679899465006,0.8479616460383618,0.9632407407407407,1.0,0.9999019607843138,0.8326315789473684,0.896140350877193,0.9,0.9063157894736842,0.8514035087719298,0.8960691490233442,0.8661593303934781,0.9295439536059557,0.9494514755397109,0.9149549879692349
15,0.9911793526120488,0.8506568052944952,0.9632407407407407,1.0,1.0,0.8326315789473684,0.8966666666666666,0.9,0.9063157894736842,0.8514035087719298,0.8965536781869067,0.8681707394203325,0.9295439536059557,0.9494514755397109,0.914999401677549
20,0.9914727185712169,0.8543504786914193,0.9632407407407407,1.0,1.0,0.8326315789473684,0.8971929824561404,0.9,0.9063157894736842,0.8514035087719298,0.896804642826036,0.8708094353213826,0.9295439536059557,0.9494514755397109,0.914999401677549
30,0.9920113457901709,0.8618976475109044,0.9632407407407407,1.0,1.0,0.8326315789473684,0.8991228070175439,0.9,0.9063157894736842,0.8514035087719298,0.897247319509637,0.8764848454390968,0.9295439536059557,0.9494514755397109,0.914999401677549
50,0.9933333097293022,0.8758228615151257,0.9633333333333334,1.0,1.0,0.8326315789473684,0.9019298245614035,0.9,0.9063157894736842,0.8514035087719298,0.8982676294339391,0.8862707569516359,0.9295858631740985,0.9494514755397109,0.914999401677549
75,0.9944654482311014,0.8912481487891555,0.9633333333333334,1.0,1.0,0.8326315789473684,0.9040350877192983,0.9,0.9063157894736842,0.8514035087719298,0.8990760854031582,0.89617373009805,0.9295858631740985,0.9494514755397109,0.914999401677549
100,0.9959537168699988,0.9033579939182531,0.9633333333333334,1.0,1.0,0.8328070175438597,0.9064912280701756,0.9001754385964913,0.9064912280701756,0.8517543859649124,0.9001188083455933,0.9040767241183537,0.9296759532641886,0.949541565629801,0.9151845868627341
