dataset,noise_sigma,transition_length,sigma,sigma_rule,median_w2_sq,n_segments,k,eigengap_k,ari_vs_code_default,ari_vs_next_sigma,n_clusters_used,v3,v2,fidelity_norm
toy,0,1,2083.329176530242,median,4166.658353060484,38,3,1,-0.021505376344086,,3,0.7514155689311931,0.7563333758485821,0.0526286674648586
toy,0,2,2045.4492958055612,median,4090.898591611123,38,3,1,1.0,,3,0.7031774093543228,0.7105785228856395,0.0595456146790218
toy,0,3,1916.6626897640529,median,3833.325379528105,38,3,1,-0.021505376344086,,3,0.7319035982654659,0.7408578663924009,0.0400788233904529
toy,0,4,1893.941444531083,median,3787.882889062166,38,3,1,-0.021505376344086,,3,0.7852398786259721,0.7955026920328354,0.0255761212946706
toy,0,5,1749.998623919155,median,3499.99724783831,38,3,1,0.915831903260566,,3,0.8010190344026146,0.8038484678798354,0.1127546434056224
toy,0,6,1742.4227354325812,median,3484.8454708651625,38,3,1,-0.021505376344086,,3,0.7527208181400514,0.7646059888797085,0.0336233803942918
toy,0,7,1583.3351627225056,median,3166.6703254450117,38,3,1,-0.021505376344086,,3,0.7734524456753112,0.7852311716100989,0.0260139148685888
toy,0,8,1590.9088820357051,median,3181.8177640714102,38,3,1,1.0,,3,0.6942603835756914,0.707537912664077,0.0516582036441533
toy,0,9,1417.5013169646263,median,2835.002633929253,38,3,1,1.0,,3,0.742362275655187,0.7574851699223645,0.0479018842277146
toy,0,10,1440.0198786280905,median,2880.039757256181,38,3,1,1.0,,3,0.7282672812935501,0.7403359029227546,0.0341324865307338
toy,0,11,1329.3016282841545,median,2658.603256568309,38,3,1,0.3622859734663794,,3,0.7228611282934911,0.7535295690373544,0.0432583932749047
toy,0,12,1354.0343884048057,median,2708.068776809612,38,3,1,0.4174727642240965,,3,0.5877984197433792,0.6151019889478456,0.0664230869525077
toy,0,13,1482.5115494943263,median,2965.0230989886527,38,3,1,1.0,,3,0.6170984393928209,0.6558124807822675,0.0596335865372518
toy,0,14,1301.7678384979556,median,2603.535676995911,38,3,1,1.0,,3,0.7729355433974682,0.8279703366948078,0.0248186116170932
toy,0,15,1242.5611437356563,median,2485.122287471313,38,3,1,0.4433006018371872,,3,0.72624375345562,0.799886754532217,0.0356053766097546
toy,0,16,1259.4704315465938,median,2518.9408630931875,38,3,1,1.0,,3,0.7116769230202183,0.7860894213603923,0.0454185101822478
toy,0,17,1285.703890945442,median,2571.407781890884,38,3,1,1.0,,3,0.6967419999396413,0.7683114998442885,0.0372169154034708
toy,0,18,1232.3376891871392,median,2464.6753783742784,38,3,1,1.0,,3,0.6077091727732046,0.688693030353355,0.0575688150532475
toy,0,19,1255.75893742498,median,2511.51787484996,38,3,1,1.0,,3,0.7030311562332928,0.7927065819034457,0.0395481582938956
toy,0,20,1338.7781930897293,median,2677.5563861794585,38,3,1,1.0,,3,0.5692163101352848,0.6553551485587862,0.0769512176467039
toy,0,21,1236.6543827224386,median,2473.3087654448773,38,3,1,1.0,,3,0.649552089328843,0.7493887988039051,0.049593423256424
toy,0,22,1297.9547946145196,median,2595.9095892290397,38,3,1,1.0,,3,0.6951374148458561,0.8073829438728175,0.0445948004741128
toy,0,23,1216.315145963259,median,2432.630291926518,38,3,1,1.0,,3,0.5810502414365363,0.6857353182461694,0.0642371109132745
toy,0,24,1193.0155859291556,median,2386.031171858311,38,3,1,0.4433006018371872,,3,0.6251353634138102,0.7483686337776492,0.0634361665063642
toy,0,25,1207.3908226437777,median,2414.7816452875554,38,3,1,0.4433006018371872,,3,0.6422002617087121,0.7689258936527802,0.060905488013245
toy,0,26,1183.3003569849172,median,2366.6007139698345,38,3,1,0.4433006018371872,,3,0.707259950853264,0.8558350430508208,0.0472316529065283
toy,0,27,1197.6935850855507,median,2395.3871701711014,38,3,1,1.0,,3,0.6866320808694628,0.8319077068410976,0.0479335630779507
toy,0,28,1177.6397957418903,median,2355.2795914837807,38,3,1,1.0,,3,0.651710180252514,0.8033451902771696,0.0594185334075501
toy,0,29,1178.4535262319778,median,2356.907052463956,38,3,1,1.0,,3,0.5899925432207868,0.7300067333111177,0.0673766435034178
toy,0,30,1165.10119964635,median,2330.2023992927,38,3,1,1.0,,3,0.6707315830817618,0.8377313213209665,0.0565308191596837
toy,0,31,1158.8577469228765,median,2317.715493845753,38,3,1,0.915831903260566,,3,0.6878264688119737,0.8388611799809937,0.1495858943334705
toy,0,32,1191.744563965981,median,2383.4891279319613,38,3,1,1.0,,3,0.6507084954583701,0.8197044480274323,0.0606730080320137
toy,0,33,1146.4056204424403,median,2292.8112408848806,38,3,1,1.0,,3,0.6149077652597289,0.7812476530898058,0.0648093753163051
toy,0,34,1158.3586509282477,median,2316.7173018564954,38,3,1,1.0,,3,0.6194555331379924,0.7969582769179694,0.0690513485336779
toy,0,35,1165.6341161923815,median,2331.2682323847635,38,3,1,1.0,,3,0.619032821241875,0.7969830315693754,0.0675429606020719
toy,0,36,1161.53407893623,median,2323.06815787246,38,3,1,1.0,,3,0.5582348273818984,0.7223104837549102,0.0823759502565569
toy,0,37,1137.9995234271917,median,2275.999046854384,38,3,1,0.5882582624459629,,3,0.5928391658105854,0.7739031430369486,0.0726438070194039
toy,0,38,1146.011025033141,median,2292.022050066282,38,3,1,1.0,,3,0.5385252340843336,0.7062714778408341,0.0864469119655904
toy,0,39,1143.633460626006,median,2287.2669212520123,38,3,1,0.4751160783032735,,3,0.6366370862208248,0.8395106101362769,0.0676168247211474
toy,0,40,1120.8678213330993,median,2241.7356426661986,38,3,1,1.0,,3,0.5649891433314232,0.7499698398355443,0.0921917848216165
toy,0,41,1130.0066167535172,median,2260.0132335070343,38,3,1,0.4656742946011997,,3,0.5035741330013301,0.6760995483132016,0.0945600208899606
toy,0,42,1124.9531032905404,median,2249.906206581081,38,3,1,1.0,,3,0.5607067187995171,0.7530257584498639,0.0931838293993966
toy,0,43,1120.692635727623,median,2241.385271455246,38,3,1,1.0,,3,0.5754465546447649,0.7751461231369894,0.0783583378572361
toy,0,44,1133.011476971487,median,2266.022953942974,38,3,1,1.0,,3,0.5640255096470683,0.7651931281891877,0.0866407017390814
toy,0,45,1113.0657084796758,median,2226.131416959352,38,3,1,1.0,,3,0.5654798079884773,0.7747673737514236,0.0880524694085892
toy,0,46,1116.6071698015617,median,2233.214339603124,38,3,1,1.0,,3,0.5432176303059231,0.7460931867646547,0.0933734753171605
toy,0,47,1092.1836435146458,median,2184.367287029292,38,3,1,1.0,,3,0.5844654041328547,0.80863744455313,0.083539674015142
toy,0,48,1099.2105281456022,median,2198.4210562912044,38,3,1,1.0,,3,0.5139901374965061,0.7136160268878243,0.091866618341578
toy,0,49,1104.9296311922374,median,2209.8592623844747,38,3,1,1.0,,3,0.5933726114351291,0.8293457558436236,0.0832718316662122
toy,0,50,1092.1494628029557,median,2184.298925605912,38,3,1,1.0,,3,0.5909449314380015,0.8268639827993457,0.0846492939299559
toy,0,51,1101.966876228005,median,2203.93375245601,38,3,1,1.0,,3,0.5662495196942293,0.8005990265119627,0.0912082288335251
toy,0,52,1093.267272732126,median,2186.534545464252,38,3,1,1.0,,3,0.5974666917315269,0.8439697127409376,0.0832092387722277
toy,0,53,1075.629812099336,median,2151.259624198672,38,3,1,1.0,,3,0.5441702928627736,0.7771597748107016,0.0920739856839856
toy,0,54,1075.824396299921,median,2151.648792599842,38,3,1,0.3054370553049392,,3,0.5551864969446161,0.7933800948782064,0.0881719158044067
toy,0,55,1054.7629282073283,median,2109.5258564146566,38,3,1,0.5524715918133495,,3,0.5933979638412322,0.8455253204469046,0.168711784934405
toy,0,56,1049.1028084557547,median,2098.2056169115094,38,3,1,0.4656742946011997,,3,0.5316494371068056,0.7686310816226058,0.1028332337951022
toy,0,57,1074.3807949121351,median,2148.7615898242702,38,3,1,1.0,,3,0.4911514661326751,0.7111855981090973,0.100736730711773
toy,0,58,1068.7416888017897,median,2137.48337760358,38,3,1,1.0,,3,0.5316616886331504,0.7750904809493505,0.0945393632758805
toy,0,59,1073.2974207235698,median,2146.5948414471395,38,3,1,1.0,,3,0.5472022925685538,0.7979732362707547,0.0901656499380161
toy,0,60,1061.1330129925016,median,2122.266025985003,38,3,1,1.0,,3,0.5184369588809559,0.7632658047325803,0.1020559720663286
toy,0,61,1059.1832880375557,median,2118.366576075111,38,3,1,1.0,,3,0.5409018898972996,0.7972850948786017,0.1013219994786651
toy,0,62,1049.301078034817,median,2098.602156069634,38,3,1,0.4751160783032735,,3,0.5034073333436077,0.7499585342978665,0.104768580014796
toy,0,63,659.781356541771,median,1319.562713083542,38,3,3,0.4417360080102199,,3,0.5233188516739757,0.8157146118382294,0.2091134661054277
toy,0,64,75.73964497041051,median,151.47928994082102,114,3,3,0.0461984076986263,,3,0.6663826811599826,1.0,0.0980735262312779
toy,0,65,972.2902451443435,median,1944.580490288687,38,3,1,0.785756578374519,,3,0.5081900718595618,0.7712741783830099,0.1168481168750821
toy,0,66,71.90416149394606,median,143.80832298789213,152,3,4,0.6377285283713936,,3,0.6702152897856578,1.0,0.093556597202891
toy,0,67,243.8965789243874,median,487.7931578487748,76,3,3,1.0,,3,0.6636053256952192,1.0,0.0981871125944941
toy,0,69,93.23979202582136,median,186.47958405164275,152,3,4,1.0,,3,0.6711873801875535,1.0,0.0904230955057681
toy,0,70,270.2010176858642,median,540.4020353717284,76,3,3,1.0,,3,0.65915386651711,1.0,0.0986323405537555
toy,0,72,67.87839349653397,median,135.75678699306795,126,3,3,0.8570393551663316,,3,0.6590771802755753,1.0,0.0951664184010201
toy,0,73,263.87874360847394,median,527.7574872169479,76,3,3,1.0,,3,0.6499302299068418,1.0,0.1013618136308147
toy,0,75,312.5,median,625.0,76,3,3,1.0,,3,0.653291964901083,1.0,0.0985306649168828
toy,0,76,153.83426044096265,median,307.6685208819253,77,3,3,1.0,,3,0.638649137263337,1.0,0.107489136947386
toy,0,77,983.4514915903928,median,1966.9029831807857,20,3,1,0.0261642097041882,,3,0.0694075287426162,0.1077130777937479,0.2369223749933175
toy,0,80,160.3170676644313,median,320.63413532886267,76,3,3,1.0,,3,0.6186070160386068,1.0,0.117845157959348
toy,0,81,846.0387212261876,median,1692.0774424523752,38,3,1,0.3439716312056737,,3,0.4885339564547456,0.7918527278743576,0.1475670589736099
toy,0,82,1002.113594453088,median,2004.2271889061765,40,3,1,0.4707437869784961,,3,0.595906702759624,1.0,0.1394763124726634
toy,0,83,3457.443128490283,median,6914.886256980566,21,3,2,0.0585683297180043,,3,0.5093176883587616,0.7998722417088883,0.1429544181878314
toy,0,85,25.59942087302828,median,51.19884174605656,78,3,3,1.0,,3,0.5990501388366345,1.0,0.1266739857531269
toy,0,86,931.654747347642,median,1863.309494695284,20,3,1,0.0609137055837563,,3,0.079865395744728,0.1174797391416923,0.2670896320197153
toy,0,87,3462.54499125776,median,6925.089982515519,21,3,1,0.0585683297180043,,3,0.5058139919214983,0.8009755571123466,0.1518407031054807
toy,0,88,981.3975517645874,median,1962.7951035291749,38,3,1,0.072998377062483,,3,0.4936941482140149,0.8175685314249381,0.1235791706007055
toy,0,89,115.65070917576112,median,231.30141835152224,152,3,3,0.6377285283713936,,3,0.6370316997478709,1.0,0.0966513912686403
toy,0,90,139.78900487527963,median,279.57800975055926,153,3,4,0.1597496149393649,,3,0.6621257273032116,1.0,0.0848002026745293
toy,0,92,3136.317744163145,median,6272.63548832629,21,3,2,0.0130151843817787,,3,0.5131511809189666,0.8458322804440206,0.154455415699053
toy,0,94,423.3585782349114,median,846.7171564698228,77,3,1,1.0,,3,0.6813726768037456,1.0,0.0726539729262849
toy,0,96,83.45167499119862,median,166.90334998239723,115,3,3,0.9608556821393444,,3,0.6271550681290413,1.0,0.0982987072665415
toy,0,98,943.2889146834856,median,1886.577829366971,38,3,1,0.0193548387096774,,3,0.4610080357359173,0.7907412781848683,0.1415523611918804
toy,0,100,365.9564988871399,median,731.9129977742798,76,3,2,0.001624819890248,,3,0.6716289557140378,1.0,0.0810481100527165
toy,5,1,1761.9720283581237,median,3523.944056716248,38,3,1,-0.0123715389147083,,3,0.7076698481671236,0.7153380755941035,0.0804795267614571
toy,5,2,1319.922079408003,median,2639.8441588160053,38,3,1,-0.0553556938057884,,3,0.7726800782525396,0.7802628965745865,0.033143711737979
toy,5,3,1696.2595940511017,median,3392.5191881022038,38,3,1,-0.0553556938057884,,3,0.798816243486663,0.8080304886461114,0.0246220773276869
toy,5,4,1637.0844221499706,median,3274.168844299941,38,3,1,-0.021505376344086,,3,0.7222804736535468,0.7325890874637673,0.0432747170262553
toy,5,5,1494.4788008205671,median,2988.9576016411343,38,3,1,0.9127915219394628,,3,0.7463728736050831,0.7588212119557947,0.0467488659501516
toy,5,6,1447.8289829806931,median,2895.6579659613863,38,3,1,-0.021505376344086,,3,0.7619248883100309,0.7739093767536851,0.0310901918076368
toy,5,7,1485.4913422629395,median,2970.982684525879,38,3,1,0.9127915219394628,,3,0.7301719180584937,0.7431164487876816,0.0419160024640429
toy,5,8,1543.805834726834,median,3087.611669453668,38,3,1,-0.021505376344086,,3,0.7479732088974977,0.7603879751379925,0.0315820637605896
toy,5,9,1442.8346284777854,median,2885.6692569555707,38,3,1,-0.021505376344086,,3,0.7966258779112422,0.8089446408422802,0.0235340990415276
toy,5,10,1393.8084836998682,median,2787.6169673997365,38,3,1,-0.021505376344086,,3,0.7866896871758501,0.802662791567087,0.0233290774934016
toy,5,11,1318.3322670451566,median,2636.6645340903133,38,3,1,-0.021505376344086,,3,0.8106412734827326,0.8314116272211001,0.0190773901796843
toy,5,12,1295.5020126026543,median,2591.0040252053086,38,3,1,0.915831903260566,,3,0.6955391095124327,0.7258687131899167,0.0605152005509039
toy,5,13,1340.5348077326653,median,2681.0696154653306,38,3,1,0.4886364597518375,,3,0.7450795207807418,0.7855307469304754,0.0326347166227183
toy,5,14,1274.2179032123274,median,2548.435806424655,38,3,1,0.915831903260566,,3,0.7770992932242325,0.8248289839012267,0.0177347589241204
toy,5,15,1211.7441696841531,median,2423.4883393683067,38,3,1,0.0382280790036482,,3,0.7511608660673181,0.8051562337558663,0.0196200611479795
toy,5,16,1197.9793264724503,median,2395.9586529449007,38,3,1,0.9127915219394628,,3,0.7433571741652716,0.8130974904854709,0.0265990589859085
toy,5,17,1226.808701316887,median,2453.617402633774,38,3,1,-0.0339007092198581,,3,0.6047041063325057,0.6742576719691331,0.0603587918639484
toy,5,18,1250.2689244156268,median,2500.537848831253,38,3,1,0.915831903260566,,3,0.7266040639128443,0.8099288603122046,0.0211478578729554
toy,5,19,1205.8058425932595,median,2411.611685186519,38,3,1,0.6334177592371871,,3,0.667121771342198,0.7556306959322314,0.0311626117583323
toy,5,20,1224.5636803543923,median,2449.1273607087846,38,3,1,0.9127915219394628,,3,0.6314197757083839,0.7229450615101903,0.0392517937000262
toy,5,21,1151.9151027989549,median,2303.8302055979098,38,3,1,0.9127915219394628,,3,0.6275479185391581,0.7319079324238468,0.062814397455199
toy,5,22,1176.6275506296663,median,2353.255101259333,38,3,1,0.9127915219394628,,3,0.7367109453387387,0.8557862998113795,0.0208493290964247
toy,5,23,1183.4242522063223,median,2366.848504412645,38,3,1,0.915831903260566,,3,0.7236831087894008,0.8490229436820758,0.0242138210172094
toy,5,24,1158.281565289847,median,2316.563130579694,38,3,1,0.9127915219394628,,3,0.6868056018982686,0.813666731172025,0.0300143963329815
toy,5,25,1149.4425415853032,median,2298.8850831706063,38,3,1,0.1862879957055626,,3,0.6357595537891659,0.7603778497618627,0.0447631872728267
toy,5,26,1144.63073532482,median,2289.26147064964,38,3,1,0.9127915219394628,,3,0.585584027175943,0.7123050079762338,0.051570235251589
toy,5,27,1141.8385261528365,median,2283.677052305673,38,3,1,0.9127915219394628,,3,0.6173088498654594,0.7522317081173432,0.0406712552742613
toy,5,28,1167.323270974746,median,2334.646541949492,38,3,1,0.9127915219394628,,3,0.5936004903442745,0.7295063280838135,0.0488643604818396
toy,5,29,1183.3277064689491,median,2366.6554129378983,38,3,1,0.9127915219394628,,3,0.5976262373169992,0.7389571305907601,0.0512975585598839
toy,5,30,1055.8078806897413,median,2111.6157613794826,38,3,1,-0.0234042553191489,,3,0.6229885312891037,0.7780202553255339,0.0570154743416747
toy,5,31,1125.3800522241236,median,2250.760104448247,38,3,1,0.915831903260566,,3,0.5581889427318759,0.7022831560337185,0.0541509680561882
toy,5,32,1126.9008478254782,median,2253.8016956509564,38,3,1,0.9127915219394628,,3,0.6262402893052794,0.7902819707015756,0.0409481516858753
toy,5,33,1146.987424433103,median,2293.974848866206,38,3,1,0.4886364597518375,,3,0.6502288305648756,0.8244468742357497,0.0394918698990349
toy,5,34,1106.6048055573974,median,2213.209611114795,38,3,1,0.4508492374151083,,3,0.5905818028880695,0.7594888816608341,0.0602387857828742
toy,5,35,1101.331846753393,median,2202.663693506786,38,3,1,0.5324018490242423,,3,0.6462120243658002,0.8294781045467082,0.0416013429424383
toy,5,36,1089.1640243521674,median,2178.328048704335,38,3,1,0.9127915219394628,,3,0.6169346448382185,0.7998786150165182,0.0477727892569271
toy,5,37,1119.8432797872558,median,2239.686559574512,38,3,1,0.9127915219394628,,3,0.6070069489832827,0.7951191952928061,0.055445500457028
toy,5,38,1086.3341776962295,median,2172.6683553924595,38,3,1,0.915831903260566,,3,0.6126396654195488,0.8048339544765155,0.0526085011116678
toy,5,39,1100.4659139564774,median,2200.9318279129548,38,3,1,0.915831903260566,,3,0.569387831463758,0.7579197448645787,0.0613943697448159
toy,5,40,1083.6335404117451,median,2167.2670808234902,38,3,1,0.9127915219394628,,3,0.6513930298913418,0.863233989543177,0.0429777408680765
toy,5,41,1063.9548911320178,median,2127.909782264036,38,3,1,0.2661354521831864,,3,0.5614035910316245,0.7557873493187598,0.0615006032292674
toy,5,42,1055.0962125642457,median,2110.192425128492,38,3,1,0.915831903260566,,3,0.5722878523621008,0.7749936881845891,0.0609664812259196
toy,5,43,999.2710631440412,median,1998.5421262880825,38,3,1,0.0193548387096774,,3,0.5399917384289785,0.7376774495939241,0.0767228672257653
toy,5,44,1026.591252411576,median,2053.182504823152,38,3,1,0.5324018490242423,,3,0.6255847083816155,0.856992815973563,0.054736591117237
toy,5,45,1047.1167208995678,median,2094.233441799136,39,3,1,0.9150461160154814,,3,0.5842317815554845,0.8050101679703004,0.0647618394055183
toy,5,46,1013.6053471533706,median,2027.2106943067413,38,3,1,0.915831903260566,,3,0.5795565627884988,0.8037777155285752,0.0638792958842888
toy,5,47,985.3235630224568,median,1970.6471260449136,40,3,1,-0.0493461766130334,,3,0.5630299835906639,0.786903912929294,0.0806376570351812
toy,5,48,984.4944231106374,median,1968.9888462212748,38,3,1,0.6474003672470077,,3,0.59674108122955,0.8378180005361068,0.0662753170520314
toy,5,49,1022.520396832188,median,2045.040793664376,38,3,1,0.9127915219394628,,3,0.554330220792803,0.7825404598086019,0.0721991875923841
toy,5,50,1001.7464317553712,median,2003.4928635107424,38,3,1,0.5324018490242423,,3,0.553770893830465,0.7846180607513111,0.0812765903348565
toy,5,51,979.2672264558396,median,1958.534452911679,38,3,1,0.6334177592371871,,3,0.4944483733363323,0.7047447280138449,0.0978095720889967
toy,5,52,911.8512098675412,median,1823.7024197350825,39,3,1,-0.0489176729969434,,3,0.5139226456675328,0.7209943626775829,0.0769761099447978
toy,5,53,875.0519679427097,median,1750.103935885419,46,3,1,0.961801070308175,,3,0.6072469654034404,0.871762661742656,0.1325449231113775
toy,5,54,894.7832051556381,median,1789.5664103112765,42,3,1,0.8461177574478067,,3,0.4659780828520291,0.6610890367850436,0.08560126082585
toy,5,55,973.1105574587564,median,1946.2211149175128,36,3,1,-0.0307645446238196,,3,0.3414473360412697,0.4889944381499069,0.1238479111977833
toy,5,56,814.4187186279906,median,1628.8374372559813,42,3,1,-0.0563716550054713,,3,0.4420185100227428,0.6201212658716588,0.0939550101640021
toy,5,57,817.5270348731099,median,1635.0540697462195,42,3,1,-0.0193370165745856,,3,0.5202715928482222,0.7601489798808907,0.0951101218584851
toy,5,58,752.9623741836855,median,1505.924748367371,50,3,1,-0.0587966301422867,,3,0.5294370473506939,0.7740996605920307,0.0772921690868017
toy,5,59,859.046159235708,median,1718.092318471416,39,3,1,0.0287228586083091,,3,0.4424137459876744,0.652152672580136,0.1598758409055387
toy,5,60,677.7960855417627,median,1355.5921710835255,50,3,1,0.0126686156844642,,3,0.497593187284248,0.7321992331023317,0.0974257301887661
toy,5,61,685.808221866469,median,1371.616443732938,48,3,1,0.0843704612066341,,3,0.406957068631734,0.6011676469192385,0.1289309266593911
toy,5,62,583.5228042843604,median,1167.0456085687208,46,3,1,0.4408594538809178,,3,0.4739874616998544,0.6771050575118996,0.0989926157076531
toy,5,63,747.8764692897189,median,1495.7529385794378,46,3,1,-0.0523840921710161,,3,0.3985663146527315,0.5897116815337337,0.1130367442129519
toy,5,64,511.3913880595902,median,1022.7827761191804,56,3,3,0.0353041259038706,,3,0.6596685370632762,1.0,0.0827429069292749
toy,5,65,540.0222493464281,median,1080.0444986928562,55,3,1,-0.0491584948944117,,3,0.4102450640159291,0.6060552362972875,0.1068495247385688
toy,5,66,541.924050251894,median,1083.848100503788,52,3,1,-0.0276422764227642,,3,0.3942367916439558,0.5793949848503813,0.1087762350632921
toy,5,67,487.1970452665805,median,974.394090533161,56,3,1,-0.0510729703238722,,3,0.3848709218485512,0.5712410402381327,0.1111211415705945
toy,5,68,504.3424481139471,median,1008.6848962278942,59,3,3,-0.0049383423474577,,3,0.6571002007671879,1.0,0.0818098055294589
toy,5,69,536.3197556683436,median,1072.6395113366873,55,3,1,0.1116108385372286,,3,0.4234455913270564,0.6397890397185206,0.1051497317508985
toy,5,70,680.128012215575,median,1360.25602443115,46,3,1,0.007301859461377,,3,0.5020775907792452,0.7703409368180762,0.1010965285833897
toy,5,71,573.8461436723576,median,1147.6922873447152,50,3,1,0.0784907079721666,,3,0.5279007497681405,0.8160139253346914,0.0970169835774458
toy,5,72,567.3565418327646,median,1134.7130836655292,53,3,3,-0.0111843434439696,,3,0.6412242287820488,1.0,0.0919426640530755
toy,5,73,559.5711703044119,median,1119.1423406088238,54,3,3,0.1345622378669862,,3,0.5082263621391618,0.7836000995834006,0.0906367785065867
toy,5,74,427.1139572556077,median,854.2279145112154,71,3,1,0.2853449401086378,,3,0.5257263323634976,0.8049534666931695,0.0919801159444397
toy,5,75,504.4072426103353,median,1008.8144852206706,57,3,1,-0.0719057752264066,,3,0.3766813362255682,0.563429853574419,0.1060350090768436
toy,5,76,476.9257499161322,median,953.8514998322644,62,3,1,-0.0631214862457487,,3,0.4752724586424194,0.7443834654688951,0.0990667301551054
toy,5,77,508.0411419908636,median,1016.0822839817272,57,3,1,-0.1336535312738783,,3,0.510316646049189,0.8087249770404321,0.1089740794652689
toy,5,78,513.4002811963321,median,1026.8005623926642,54,3,3,-0.1170125649726604,,3,0.6240096791351739,1.0,0.1016448581592171
toy,5,79,373.8446765373409,median,747.6893530746818,76,3,1,0.1766234352718853,,3,0.4486971280165405,0.6989196582125814,0.089900148519034
toy,5,80,502.55131013808295,median,1005.102620276166,58,3,1,0.058044099463072,,3,0.5203343756926798,0.8237629743435322,0.0935504310594386
toy,5,81,436.96008588475695,median,873.9201717695139,66,3,1,0.1064286136498616,,3,0.4921718821219377,0.7268303134149195,0.2082581869321718
toy,5,82,387.1797034415858,median,774.3594068831717,74,3,1,0.7585470048736881,,3,0.5291135284159135,0.8278747653760813,0.0804892961382902
toy,5,83,425.47271289459263,median,850.9454257891853,71,3,1,-0.0004781771418296,,3,0.6187188192787201,1.0,0.0989730660219998
toy,5,84,497.0517727709296,median,994.1035455418591,59,3,3,0.0232025638647581,,3,0.4912947806566046,0.7943281907869758,0.0964546916139059
toy,5,85,402.3814899448488,median,804.7629798896975,73,3,1,0.0156324582338902,,3,0.4929749626156306,0.7827282782825876,0.0918462151298283
toy,5,86,465.2668759987431,median,930.5337519974862,65,3,1,0.1180627532271742,,3,0.6257211293911618,1.0,0.1020204467944548
toy,5,87,498.7715028050409,median,997.5430056100818,62,3,1,0.0500106405618216,,3,0.4863104341191687,0.7740757338059205,0.0992971421413887
toy,5,88,389.00540087429886,median,778.0108017485977,69,3,1,-0.0228592043553835,,3,0.3840216083442455,0.596360641418611,0.1129393903938385
toy,5,89,366.9073929842127,median,733.8147859684254,77,3,1,0.1188312303166094,,3,0.4834092108692395,0.7726499821951739,0.0915971341680295
toy,5,90,436.3346364976173,median,872.6692729952346,66,3,2,-0.0433851800069905,,3,0.4587870832930049,0.7165946355537376,0.0949752062447099
toy,5,91,468.9340783596281,median,937.868156719256,63,3,1,0.067570283366456,,3,0.4625907690965468,0.7472056761484419,0.0963037544570876
toy,5,92,439.07012922796514,median,878.1402584559303,70,3,1,-0.0482654600301659,,3,0.6142953781727236,1.0,0.0969519868024204
toy,5,93,379.00119106595287,median,758.0023821319057,80,3,1,0.1034683512887238,,3,0.5100986583693503,0.8232273154713032,0.081340399748169
toy,5,94,392.7341608084162,median,785.4683216168324,78,3,1,0.1529513428605032,,3,0.6078449870335014,1.0,0.09896335541146
toy,5,95,435.1644610301028,median,870.3289220602056,71,3,1,0.0189919785721951,,3,0.4764931994619039,0.7636186259964398,0.0900234748796489
toy,5,96,481.63980888314654,median,963.2796177662932,68,3,1,0.0316770644817255,,3,0.4950028902134107,0.805143067657107,0.0905620548355227
toy,5,97,475.0251551396488,median,950.0503102792976,67,3,1,0.007127329286054,,3,0.406834682114591,0.6553943625176217,0.109201640801462
toy,5,98,404.1309822379019,median,808.2619644758038,84,3,1,0.0353337072349971,,3,0.6135688914208413,1.0,0.0954161255492665
toy,5,99,422.9959015958793,median,845.9918031917585,76,3,1,0.1324620955957907,,3,0.6111007949359136,1.0,0.1017493100268961
toy,5,100,413.1396539046684,median,826.2793078093367,73,3,1,-0.0411533908288788,,3,0.3870068399766688,0.6226588729602462,0.1077017671062676
toy,20,1,1249.7794269846952,median,2499.5588539693904,38,3,2,0.0168954593453009,,3,0.7746332841272122,0.7808168777150974,0.0417564691126195
toy,20,2,1206.154975409406,median,2412.309950818812,38,3,2,0.0193548387096774,,3,0.7794497713945355,0.7871752421078843,0.034669140087529
toy,20,3,1213.4398287097597,median,2426.8796574195194,38,3,1,-0.021505376344086,,3,0.7361716214724748,0.7482231200801874,0.0432243259501528
toy,20,4,1119.6777930849505,median,2239.355586169901,39,3,3,-0.0025467568643056,,3,0.7361753521933428,0.7462705936154241,0.0349709533457296
toy,20,5,1235.970459214907,median,2471.940918429814,38,3,1,-0.021505376344086,,3,0.7577288013580965,0.768836417344216,0.0312272478698851
toy,20,6,1225.947714488165,median,2451.89542897633,38,3,1,0.0168954593453009,,3,0.5976950339906967,0.6176817425317552,0.0733432109069064
toy,20,7,1042.2418988320474,median,2084.4837976640947,38,3,2,0.0126969198213026,,3,0.6974964277534942,0.7262015987910692,0.0558151139425215
toy,20,8,1166.432008200075,median,2332.86401640015,40,3,1,-0.0339746602798037,,3,0.7428737648696784,0.7679003269228111,0.0411692134773352
toy,20,9,1051.7673773369495,median,2103.5347546738994,38,3,1,-0.021505376344086,,3,0.693818731360379,0.7271881454307423,0.0355130056942887
toy,20,10,1112.3226962914762,median,2224.6453925829524,36,3,1,-0.0256115107913669,,3,0.6364805700174897,0.6710789384352257,0.0514472679346268
toy,20,11,1027.4269860429536,median,2054.853972085907,40,3,1,-0.0227509914422876,,3,0.7635712804129282,0.8125984603093198,0.0199148472307762
toy,20,12,1079.562347862878,median,2159.124695725756,36,3,1,0.0261870503597122,,3,0.6715488252534493,0.7158995744380798,0.03687881510702
toy,20,13,1079.4389759697171,median,2158.8779519394343,38,3,1,-0.021505376344086,,3,0.7416142279593392,0.8082904043016316,0.0204393533941609
toy,20,14,990.7910474679826,median,1981.5820949359647,38,3,1,-0.021505376344086,,3,0.7952439614203781,0.8631326190107113,0.0121486504841593
toy,20,15,1050.2860042193524,median,2100.572008438705,36,3,1,-0.0490727892014633,,3,0.5872749606133172,0.6567464322522499,0.0471312404466991
toy,20,16,1038.5991074735068,median,2077.1982149470136,38,3,1,-0.021505376344086,,3,0.7074248632733694,0.7953846232870346,0.0236891918875754
toy,20,17,1064.968641329176,median,2129.937282658352,38,3,1,-0.021505376344086,,3,0.6636037728298924,0.7610981101097679,0.0350798695682218
toy,20,18,968.0471937231232,median,1936.0943874462464,38,3,1,-0.0038674361873029,,3,0.6503577817083016,0.7504599553120374,0.0355274711093004
toy,20,19,1166.7950125370023,median,2333.5900250740046,38,3,1,-0.021505376344086,,3,0.7272745839957591,0.8333559515698381,0.0177816228799601
toy,20,20,1212.336040830278,median,2424.672081660556,37,3,1,-0.0143302180685358,,3,0.6525503557562763,0.766783606574521,0.0309160433701801
toy,20,21,902.8084771499176,median,1805.6169542998357,39,3,1,0.0146873458650737,,3,0.4863381253194528,0.5790792360516834,0.0655196845004959
toy,20,22,1035.3742407593063,median,2070.748481518613,39,3,1,-0.0025379111731089,,3,0.6541272877772076,0.779511116428091,0.0312851675086822
toy,20,23,942.3620224265384,median,1884.7240448530763,34,3,1,-0.0331149927219796,,3,0.464149658519276,0.5535199197784788,0.0716638716076596
toy,20,24,1105.3029936734429,median,2210.6059873468857,36,3,1,0.0261870503597122,,3,0.6264587846273316,0.7432381224577604,0.0341401039530701
toy,20,25,997.1568228545624,median,1994.313645709125,40,3,3,0.0142828404747535,,3,0.8208054874442082,1.0,0.0196076548048623
toy,20,26,1080.0882661226874,median,2160.176532245375,37,3,1,-0.0206569155760841,,3,0.6645259393959522,0.8148618116502713,0.027430130162121
toy,20,27,1023.0596692819338,median,2046.119338563868,42,3,1,0.0176522506619594,,3,0.8071896949080202,1.0,0.0198468902335947
toy,20,28,996.2532476864473,median,1992.5064953728945,39,3,1,0.0213026990854338,,3,0.6592317966019463,0.8229946105985764,0.0277206216892356
toy,20,29,1057.1518906753151,median,2114.3037813506303,36,3,1,-0.0256115107913669,,3,0.5471961908361683,0.6761057314981188,0.0455613632884526
toy,20,30,971.590057063812,median,1943.180114127624,37,3,1,0.0098737727910238,,3,0.391131856006904,0.4911576706718905,0.0903166615063798
toy,20,31,960.4707232551076,median,1920.941446510215,40,3,2,-0.0078939949252889,,3,0.782027177731673,1.0,0.0253630479271108
toy,20,32,941.0990178161924,median,1882.1980356323843,39,3,1,-0.0397069052358909,,3,0.5417393674480971,0.6829512959204871,0.0467906722270707
toy,20,33,919.5079539183416,median,1839.015907836683,41,3,1,0.0322726133801052,,3,0.6727918071843816,0.85992602070319,0.0786937196621743
toy,20,34,928.6642405205164,median,1857.3284810410323,39,3,1,-0.0267961619471097,,3,0.4158807029860057,0.5395623791864765,0.0867463385409583
toy,20,35,950.6793634331176,median,1901.3587268662357,39,3,1,-0.0267961619471097,,3,0.485722750565491,0.6314583427816427,0.073843483075548
toy,20,36,953.489243099446,median,1906.978486198892,35,3,1,0.0381154915753312,,3,0.4681300166621738,0.6042394540422463,0.0602656440480666
toy,20,37,782.2559511455997,median,1564.5119022911997,50,3,1,0.0319038261472662,,3,0.6534789993972684,0.8380418368554767,0.0932155110850818
toy,20,38,876.6192985128389,median,1753.2385970256778,42,3,1,-0.0502591803526194,,3,0.5139748832326574,0.6759024462985802,0.0717810416781815
toy,20,39,905.408241739543,median,1810.816483479086,45,3,1,-0.016068393304716,,3,0.6315262855765318,0.842741912617623,0.0318295480823873
toy,20,40,930.9686522419148,median,1861.9373044838296,41,3,1,-0.0231943628890193,,3,0.5624330178639736,0.7576642167343829,0.0525004943169774
toy,20,41,824.3392747173499,median,1648.6785494346998,47,3,1,0.0250246954231149,,3,0.7406361476502447,1.0,0.0279292357980027
toy,20,42,912.3150324649127,median,1824.6300649298253,42,3,1,0.046972166877981,,3,0.5786665079147492,0.7778673621335683,0.0432834967767263
toy,20,43,861.228076808297,median,1722.456153616594,42,3,1,0.0380434782608695,,3,0.4964869844954962,0.6725109898196157,0.0572910504392038
toy,20,44,914.2534540261114,median,1828.5069080522228,41,3,1,-0.0287677800863033,,3,0.3618452851560761,0.4910975080313224,0.0850520354742637
toy,20,45,726.7905027488919,median,1453.5810054977835,51,3,1,-0.0241543160991062,,3,0.601825835633556,0.8298228471366603,0.0355349223601299
toy,20,46,724.4451305469069,median,1448.8902610938137,42,3,1,-0.0318181818181818,,3,0.4636938822866284,0.6224922282823956,0.0586313931045114
toy,20,47,898.6536772618722,median,1797.3073545237444,45,3,1,-0.0255697609783212,,3,0.4048359024039658,0.5582312597026572,0.0841845945954373
toy,20,48,688.8949801430261,median,1377.7899602860523,46,3,1,-0.0281395722785013,,3,0.4329142281318673,0.5957136529789467,0.0719006360675193
toy,20,49,861.5913754149934,median,1723.1827508299868,40,3,1,-0.0227509914422876,,3,0.558827884771058,0.7847890409992155,0.0404045406809968
toy,20,50,640.8705351509727,median,1281.7410703019457,45,3,1,0.0683101501170637,,3,0.4196815225687538,0.5679741636926412,0.0700875870199772
toy,20,51,679.8465816523083,median,1359.6931633046163,54,3,2,-0.0246548825836686,,3,0.542252462943372,0.7568749311226097,0.0437191398346301
toy,20,52,728.5159714474134,median,1457.031942894827,49,3,1,-0.0242730562835392,,3,0.5481401629016911,0.7784449386605465,0.0561957397954823
toy,20,53,691.6978161963698,median,1383.3956323927396,52,3,1,-0.066380439934205,,3,0.4828119150047976,0.6857141689855492,0.0631385629897213
toy,20,54,803.2964813671955,median,1606.592962734391,41,3,1,-0.0488444976686116,,3,0.4837796366500054,0.6846441581661469,0.0642896328257874
toy,20,55,593.4144632958764,median,1186.8289265917529,54,3,1,-0.0262550807426123,,3,0.3420801555015434,0.4900353220719184,0.1071389980564316
toy,20,56,742.005137247555,median,1484.01027449511,54,3,1,0.0063639036593691,,3,0.6776717781956215,1.0,0.046673288390579
toy,20,57,716.2371392162524,median,1432.474278432505,47,3,1,-0.0453146666017953,,3,0.4537526959650332,0.6504454181587266,0.0665376830491159
toy,20,58,668.3119703768508,median,1336.6239407537016,55,3,1,0.0339578454332552,,3,0.5141428542509288,0.7498310571954581,0.0543180729345345
toy,20,59,614.5673912361683,median,1229.1347824723366,53,3,1,0.053153947948831,,3,0.3396547364529245,0.4937966807952184,0.1302472394543034
toy,20,60,737.4424117415281,median,1474.8848234830562,54,3,1,-0.040324595556851,,3,0.4490251565512081,0.6609879933665106,0.0802250912648178
toy,20,61,632.6787010585851,median,1265.3574021171703,55,3,1,-0.022781856858574,,3,0.4906906664908115,0.7204517865766775,0.0536242702959304
toy,20,62,548.4917603071127,median,1096.9835206142254,67,3,1,0.0557233374785337,,3,0.5013509913481016,0.7283945014540957,0.0536102175056912
toy,20,63,560.4740427811903,median,1120.9480855623806,61,3,1,-0.0244891205427318,,3,0.3325969772930853,0.4871230711599498,0.0896124172922744
toy,20,64,575.8916071756837,median,1151.7832143513674,60,3,1,-0.0221958280751243,,3,0.5108410694115308,0.766281044808772,0.0666357008654936
toy,20,65,692.9966753454805,median,1385.993350690961,54,3,1,0.038985237207969,,3,0.4689383870161174,0.690101417233726,0.0678091335915939
toy,20,66,682.453065241053,median,1364.906130482106,50,3,1,-0.0263558033451596,,3,0.3802899684587146,0.5623325441518723,0.0811194798142773
toy,20,67,573.7062563393579,median,1147.4125126787158,65,3,1,0.0469662653474788,,3,0.3953272627334607,0.5944984643048171,0.0890396084702059
toy,20,68,553.397884820471,median,1106.795769640942,74,3,1,-0.0146687894670936,,3,0.5162230658666336,0.769542521623021,0.0498161557837021
toy,20,69,648.2859861366417,median,1296.571972273283,61,3,1,0.0516801809573101,,3,0.3905309498047565,0.577668987239949,0.0737129729571104
toy,20,70,602.5958136399549,median,1205.19162727991,61,3,1,-0.0202883799830364,,3,0.4063740133460147,0.61643686672541,0.0785706727782264
toy,20,71,619.1464489704028,median,1238.2928979408057,55,3,1,0.0528288507319049,,3,0.347016454441964,0.521409799775989,0.0881452735880827
toy,20,72,710.5870146441112,median,1421.1740292882223,43,3,1,0.052863436123348,,3,0.3206312346463117,0.4877458773637053,0.0990732264423596
toy,20,73,567.5976751863716,median,1135.1953503727432,65,3,1,-0.0196293792948068,,3,0.3781016940450518,0.5721136643346448,0.077933088725545
toy,20,74,527.0662750061335,median,1054.132550012267,71,3,1,-0.0195691961143178,,3,0.5628303277812913,0.8487097857167426,0.0427352227941371
toy,20,75,721.2809421334559,median,1442.561884266912,51,3,2,-0.015203566990717,,3,0.4699719315024121,0.7300787189154907,0.0748855377190351
toy,20,76,705.2995620914265,median,1410.599124182853,64,3,1,-0.036114715616662,,3,0.5310058015095922,0.8228816503334262,0.0614509098893295
toy,20,77,559.1216243894279,median,1118.2432487788558,67,3,1,-0.0200667097051861,,3,0.5136423620014001,0.7871804884725511,0.06171523360104
toy,20,78,588.4380810484649,median,1176.87616209693,68,3,1,-0.0176534109582609,,3,0.4628008815158884,0.7211398607980949,0.079633851359997
toy,20,79,589.9094974023986,median,1179.8189948047973,63,3,1,0.0079616707375378,,3,0.6290006890626051,1.0,0.0556076818746457
toy,20,80,508.5377255722596,median,1017.0754511445192,77,3,1,-0.017457162808186,,3,0.5226105548750648,0.7843547513815491,0.0406841298863746
toy,20,81,506.66376703838375,median,1013.3275340767676,78,3,1,-0.0356707867356234,,3,0.3810164475554395,0.5872229984613822,0.0683924818275791
toy,20,82,614.7604396448683,median,1229.5208792897365,74,3,1,0.0283949904772897,,3,0.4398790428927954,0.6799266848690355,0.0722395139562764
toy,20,83,608.1094989198349,median,1216.2189978396698,60,3,1,0.0173783872886911,,3,0.3903943932783446,0.598233422878074,0.0712503172901374
toy,20,84,649.1160756558875,median,1298.232151311775,55,3,1,-0.0156011944664513,,3,0.4360452742082358,0.6889247951773869,0.0661627782054746
toy,20,85,589.5233355317514,median,1179.0466710635028,66,3,1,0.033283144464696,,3,0.5367148982270572,0.8561735649044839,0.0525410337397407
toy,20,86,615.785387144379,median,1231.570774288758,72,3,1,-0.0341439697161759,,3,0.4992758520469659,0.7882095841628068,0.0597953107195326
toy,20,87,588.0717663212179,median,1176.1435326424355,74,3,1,-0.0141478880441823,,3,0.5410786602763905,0.8514265338764643,0.0513397747829467
toy,20,88,711.049792236889,median,1422.099584473778,70,3,1,0.0188637237638391,,3,0.431454052687736,0.6670268695127584,0.0797292419592179
toy,20,89,571.4985344782342,median,1142.9970689564684,71,3,1,-0.0229873701197121,,3,0.3944371388929269,0.6287876165950049,0.0783307474753111
toy,20,90,617.6765462560039,median,1235.3530925120078,70,3,1,-0.0173388782537901,,3,0.416245257099716,0.6471447917836037,0.065300152865083
toy,20,91,558.0271034849133,median,1116.0542069698265,68,3,1,-0.0308083860868104,,3,0.6034158947492188,1.0,0.0665668110971684
toy,20,92,595.9457979207712,median,1191.8915958415423,80,3,2,0.0116154924955538,,3,0.6053664975425967,1.0,0.0762580097951264
toy,20,93,594.4519148756691,median,1188.9038297513382,74,3,1,-0.0152975802329884,,3,0.381352721299699,0.6113794221363856,0.0715466699861897
toy,20,94,577.2393434358856,median,1154.4786868717713,64,3,1,-0.0173359666447224,,3,0.6044965174676198,0.9987286640522428,0.0594278383136483
toy,20,95,587.3042680588509,median,1174.6085361177018,79,3,1,-0.0142751447099273,,3,0.5921478797443069,1.0,0.0727095231325368
toy,20,96,658.4858067045258,median,1316.9716134090515,74,3,2,0.0016564775788793,,3,0.5033906270233129,0.8214272433153877,0.062108858480486
toy,20,97,663.3607825591686,median,1326.7215651183371,71,3,1,-0.0185959812264915,,3,0.4027119169009189,0.6320037963977639,0.0706283196749912
toy,20,98,629.738238087937,median,1259.476476175874,78,3,2,-0.0103279111799638,,3,0.3824873040819681,0.6386087079157423,0.0928579306816072
toy,20,99,537.6838104870606,median,1075.367620974121,78,3,1,-0.014965008747813,,3,0.4143545885427843,0.6856125395451649,0.0749597521349484
toy,20,100,538.9794370401379,median,1077.9588740802758,74,3,1,0.0896105254593847,,3,0.4496144371534914,0.7123255855870857,0.0575986304253266
