dataset,sigma,n_segments,k,eigengap_k,ari_vs_code_default,ari_vs_next_sigma,n_clusters_used,v3,v2,fidelity_norm
langevin,0.001,157,3,9,0.5264580618273302,1.0,3,0.6845381247991981,0.6845836181215441,0.0824407990779707
langevin,0.001778,157,3,9,0.5264580618273302,0.8737306336005374,3,0.6845381247991981,0.6845836181215441,0.0824407990779707
langevin,0.003162,157,3,9,0.6238171543815347,0.9251945982971512,3,0.6910279287156535,0.6910731779545984,0.0985746653337136
langevin,0.005623,157,3,9,0.5938227590318192,0.9638318545961643,3,0.6873602928974561,0.6874054332362182,0.09200177621939531
langevin,0.01,157,3,3,0.6235740174144819,0.9617996196842987,3,0.6864553559347608,0.6865003309031328,0.09282865190987843
langevin,0.017783,157,3,9,0.6542138754171352,0.9458223914444641,3,0.6824808640078722,0.6825253445352357,0.09622440705691819
langevin,0.031623,157,3,3,0.7035768467449354,0.9795767359179489,3,0.6763603996658103,0.6764041199345561,0.09870396223725511
langevin,0.056234,157,3,3,0.7197174935569041,0.960852861968052,3,0.6781392174176519,0.6781829786242206,0.1014631051490511
langevin,0.1,157,3,3,0.753820822469186,1.0,3,0.6769181827400403,0.6769617205947278,0.10385766425765962
langevin,0.177828,157,3,2,0.753820822469186,0.8067098759560531,3,0.6769181827400405,0.6769617205947278,0.10385766425765962
langevin,0.316228,157,3,2,0.9391513415936403,0.9391513415936403,3,0.6691528976352032,0.6691953455186628,0.1169555777926115
langevin,0.5,157,3,1,1.0,0.9204391338073121,3,0.6602629447329063,0.6603044929691539,0.12213392356325524
langevin,0.562341,157,3,1,0.9204391338073121,0.9795620611026085,3,0.6556611061752474,0.6557021691700458,0.12379775413997386
langevin,1.0,157,3,1,0.900026552495952,0.9795620611026085,3,0.6448296776495468,0.6448693588269212,0.13248348656660033
langevin,1.778279,157,3,1,0.9193735864922314,0.8245350480133629,3,0.6455553855415277,0.6455951372147154,0.13188341950416288
langevin,3.162278,157,3,1,0.7888140406315722,0.4861100062143238,3,0.6637427676262049,0.6637846390054105,0.12058191234133626
langevin,5.623413,157,3,1,0.42156629371857623,0.9005449392839068,3,0.6855266412632678,0.685572209545499,0.07750909960357887
langevin,10.0,157,3,1,0.3678895512471846,0.9656621241647818,3,0.6869297202861159,0.6869763735950327,0.06474189938929102
langevin,17.782794,157,3,1,0.34929280820042563,0.983748398481092,3,0.6792799260977935,0.6793258272909158,0.0680363581674061
langevin,31.622777,157,3,1,0.34218030564042456,0.9679982764237651,3,0.6814967842464501,0.6815432780645686,0.0643980640690836
langevin,56.234133,157,3,1,0.3292947442487258,1.0,3,0.6829600845075925,0.6830071206781038,0.06105865608576136
langevin,100.0,157,3,1,0.3292947442487258,1.0,3,0.6829600845075925,0.6830071206781038,0.06105865608576136
langevin,177.827941,157,3,1,0.3292947442487258,1.0,3,0.6829600845075925,0.6830071206781038,0.06105865608576136
langevin,316.227766,157,3,1,0.3292947442487258,1.0,3,0.6829600845075925,0.6830071206781038,0.06105865608576136
langevin,562.341325,157,3,1,0.3292947442487258,1.0,3,0.6829600845075925,0.6830071206781038,0.06105865608576136
langevin,1000.0,157,3,1,0.3292947442487258,,3,0.6829600845075925,0.6830071206781038,0.06105865608576136
