ratio,rep,method,n_true_cps,n_predicted_cps,n_distinct_segments,small_recall,big_recall,all_recall,precision,v_homogeneity,v_completeness,v_measure
1,0,baseline,32,75,76,0.5,0.375,0.40625,0.17333333333333334,0.0010982254585272474,0.02417199747958551,0.0021009947621395864
1,0,resample_pointwise,32,443,444,1.0,0.875,0.90625,0.0654627539503386,0.28060133949329086,0.4178175952252112,0.3357302359831168
1,1,baseline,32,71,72,0.125,0.375,0.21875,0.09859154929577464,0.0013519145319569785,0.017031684635109796,0.0025049917323221507
1,1,resample_pointwise,32,470,471,0.875,0.875,0.84375,0.0574468085106383,0.004007524892095622,0.0451121075679952,0.007361125682710443
1,2,baseline,32,71,72,0.25,0.5,0.3125,0.14084507042253522,0.0,1.0,0.0
1,2,resample_pointwise,32,455,456,1.0,0.75,0.90625,0.06373626373626373,0.012350525453998768,0.08640064495692011,0.021611761366311138
1,3,baseline,32,59,60,0.125,0.25,0.25,0.13559322033898305,0.0,1.0,0.0
1,3,resample_pointwise,32,447,448,0.875,0.875,0.84375,0.06040268456375839,0.0015956398560910503,0.07969086374221922,0.003128635449293687
1,4,baseline,32,77,78,0.25,0.375,0.40625,0.16883116883116883,0.0,1.0,0.0
1,4,resample_pointwise,32,450,451,0.875,1.0,0.8125,0.057777777777777775,0.0021614752169713107,0.04392427186908036,0.0041201990234096585
1,5,baseline,32,85,86,0.375,0.375,0.4375,0.16470588235294117,0.0,1.0,0.0
1,5,resample_pointwise,32,402,403,1.0,0.625,0.8125,0.06467661691542288,0.00013658906251315332,0.01931482169677211,0.0002712598505906782
1,6,baseline,32,57,58,0.25,0.5,0.25,0.14035087719298245,0.0,1.0,0.0
1,6,resample_pointwise,32,474,475,0.875,0.875,0.90625,0.06118143459915612,0.005336936031147447,0.04866536404221253,0.009618995282533033
1,7,baseline,32,81,82,0.25,0.5,0.375,0.14814814814814814,0.0,1.0,0.0
1,7,resample_pointwise,32,417,418,0.75,1.0,0.75,0.05755395683453238,0.0,1.0,0.0
1,8,baseline,32,70,71,0.5,0.25,0.40625,0.18571428571428572,0.0,1.0,0.0
1,8,resample_pointwise,32,401,402,1.0,1.0,0.9375,0.07481296758104738,0.004260240250541591,0.07268657974249709,0.008048735288117224
1,9,baseline,32,76,77,0.25,0.375,0.34375,0.14473684210526316,0.0,1.0,0.0
1,9,resample_pointwise,32,427,428,0.75,0.75,0.84375,0.06323185011709602,0.0002149745036220371,0.03566609477707172,0.00042737305072248816
1,10,baseline,32,69,70,0.125,0.25,0.34375,0.15942028985507245,0.0,1.0,0.0
1,10,resample_pointwise,32,396,397,0.875,1.0,0.90625,0.07323232323232323,0.0017646715628651995,0.014033260597841067,0.0031351059948063107
1,11,baseline,32,81,82,0.625,0.25,0.375,0.14814814814814814,0.0,1.0,0.0
1,11,resample_pointwise,32,448,449,0.75,1.0,0.84375,0.060267857142857144,0.0005068638552344492,0.011101795287489752,0.0009694657565973095
1,12,baseline,32,101,102,0.375,0.375,0.46875,0.1485148514851485,0.0,1.0,0.0
1,12,resample_pointwise,32,486,487,0.75,0.75,0.84375,0.05555555555555555,0.19305983895655485,0.2964862915492329,0.23384760753877246
1,13,baseline,32,82,83,0.375,0.875,0.5,0.1951219512195122,0.0,1.0,0.0
1,13,resample_pointwise,32,423,424,0.875,1.0,0.84375,0.06382978723404255,0.006069823895227891,0.0629248575762408,0.011071659321393423
1,14,baseline,32,71,72,0.25,0.375,0.375,0.16901408450704225,0.0,1.0,0.0
1,14,resample_pointwise,32,479,480,1.0,1.0,0.9375,0.06263048016701461,0.0019316896071159512,0.051582899168933105,0.0037239247281344663
1,15,baseline,32,71,72,0.375,0.625,0.46875,0.2112676056338028,0.0,1.0,0.0
1,15,resample_pointwise,32,418,419,1.0,1.0,0.9375,0.07177033492822966,0.000782501870812557,0.022941551395050636,0.001513384469744098
1,16,baseline,32,70,71,0.625,0.5,0.4375,0.2,0.0,1.0,0.0
1,16,resample_pointwise,32,451,452,0.875,0.75,0.84375,0.0598669623059867,0.001751164336981826,0.04781625387242477,0.00337859511486797
1,17,baseline,32,75,76,0.625,0.625,0.46875,0.2,0.0,1.0,0.0
1,17,resample_pointwise,32,480,481,0.875,0.875,0.90625,0.06041666666666667,0.10511350191769628,0.199454872141554,0.13767286344225957
1,18,baseline,32,78,79,0.625,0.5,0.4375,0.1794871794871795,0.0012015971491993202,0.01094516085846735,0.0021654624347931207
1,18,resample_pointwise,32,466,467,1.0,0.875,0.9375,0.06437768240343347,0.0036801388343699454,0.039848656511902406,0.006738003528943481
1,19,baseline,32,90,91,0.25,0.625,0.40625,0.14444444444444443,0.00630738022643132,0.05771107664226124,0.011371898713712154
1,19,resample_pointwise,32,430,431,0.75,0.75,0.8125,0.06046511627906977,0.00032293303895064,0.01206149764275247,0.0006290246500914464
3,0,baseline,32,34,35,0.0,0.875,0.4375,0.4117647058823529,0.490875597651087,0.6534018206792661,0.5605965897679642
3,0,resample_pointwise,32,372,373,0.75,0.75,0.84375,0.07258064516129033,0.4153634129021484,0.6755782527155427,0.5144372015006252
3,1,baseline,32,45,46,0.0,1.0,0.5,0.35555555555555557,0.4845185130696463,0.8659444674256743,0.6213663489007106
3,1,resample_pointwise,32,399,400,0.875,0.5,0.78125,0.06265664160401002,0.33429865825681987,0.5996780082657063,0.42928599982216503
3,2,baseline,32,43,44,0.0,0.875,0.5,0.37209302325581395,0.4863192410549138,0.8894294912746856,0.628816389219735
3,2,resample_pointwise,32,388,389,0.875,0.875,0.8125,0.06701030927835051,0.0,1.0,0.0
3,3,baseline,32,45,46,0.0,1.0,0.5625,0.4,0.4840212939094447,0.9093795462496033,0.6317766603044036
3,3,resample_pointwise,32,415,416,0.75,0.875,0.90625,0.06987951807228916,0.4456490463771672,0.6045610413631493,0.513082200800368
3,4,baseline,32,38,39,0.0,1.0,0.46875,0.39473684210526316,0.0,1.0,0.0
3,4,resample_pointwise,32,374,375,0.75,0.75,0.8125,0.06951871657754011,0.39916810738904285,0.7163938040154684,0.5126771647017977
3,5,baseline,32,45,46,0.125,1.0,0.53125,0.37777777777777777,0.4259026002840382,0.7368068422949289,0.5397873940791854
3,5,resample_pointwise,32,374,375,0.375,0.875,0.71875,0.06149732620320856,0.39721448204253956,0.7470497316099786,0.5186546405297044
3,6,baseline,32,47,48,0.0,1.0,0.53125,0.3617021276595745,0.38649245999510934,0.7513209235830289,0.5104173956685768
3,6,resample_pointwise,32,417,418,0.875,0.75,0.78125,0.05995203836930456,0.00024582422653311573,0.03476157619704591,0.00048819606587841263
3,7,baseline,32,43,44,0.125,1.0,0.5,0.37209302325581395,0.37916940356536966,0.7689881817230748,0.507903782457711
3,7,resample_pointwise,32,412,413,1.0,0.625,0.8125,0.06310679611650485,0.40375602875638655,0.7371246529960772,0.5217347043425524
3,8,baseline,32,43,44,0.25,1.0,0.53125,0.3953488372093023,0.3744393316629858,0.752147249487221,0.49997668731791534
3,8,resample_pointwise,32,383,384,0.875,0.875,0.84375,0.07049608355091384,0.38892889395059754,0.7309564816280174,0.5077128465557824
3,9,baseline,32,49,50,0.125,1.0,0.5625,0.3673469387755102,0.5016514122524967,0.9317078066802653,0.652163855165125
3,9,resample_pointwise,32,382,383,1.0,1.0,0.875,0.07329842931937172,0.2964830083560632,0.5129543905282243,0.37577275540489236
3,10,baseline,32,46,47,0.0,1.0,0.53125,0.3695652173913043,0.38334136090488646,0.7715531769707243,0.5121995735030521
3,10,resample_pointwise,32,340,341,0.75,1.0,0.8125,0.07647058823529412,0.5593358648948942,0.5493497816938249,0.5542978502860025
3,11,baseline,32,44,45,0.125,0.875,0.46875,0.3409090909090909,0.48071484866557435,0.8979709597505685,0.6262020996915642
3,11,resample_pointwise,32,402,403,1.0,0.75,0.90625,0.07213930348258707,0.013793462978324105,0.24432106806251985,0.026112699610946727
3,12,baseline,32,40,41,0.125,1.0,0.53125,0.425,0.38690608534324544,0.7840270244717392,0.5181249454797705
3,12,resample_pointwise,32,367,368,1.0,0.75,0.8125,0.07084468664850137,0.0005169816452965495,0.025819556772342715,0.0010136667719439726
3,13,baseline,32,41,42,0.0,1.0,0.5,0.3902439024390244,0.3790360476076198,0.7766456997547668,0.5094425296555167
3,13,resample_pointwise,32,417,418,0.875,0.625,0.78125,0.05995203836930456,0.4162969561199475,0.6092562753714197,0.4946238286729704
3,14,baseline,32,35,36,0.125,1.0,0.5,0.45714285714285713,0.3882945352989207,0.7868580810236688,0.5199881082227275
3,14,resample_pointwise,32,392,393,1.0,0.625,0.8125,0.0663265306122449,0.3872162451252788,0.4975835893392768,0.43551646732961
3,15,baseline,32,35,36,0.0,1.0,0.46875,0.42857142857142855,0.43016477762819083,0.7405049833333119,0.5441998625240245
3,15,resample_pointwise,32,406,407,0.875,0.75,0.875,0.06896551724137931,0.5827833177085209,0.533606184910528,0.557111621100687
3,16,baseline,32,45,46,0.0,1.0,0.4375,0.3111111111111111,0.31710700944859005,0.6923853086788876,0.43499139256169184
3,16,resample_pointwise,32,392,393,1.0,0.75,0.78125,0.06377551020408163,0.44215666100086437,0.7750400346815691,0.5630792707413073
3,17,baseline,32,46,47,0.375,0.875,0.5625,0.391304347826087,0.0,1.0,0.0
3,17,resample_pointwise,32,397,398,0.875,0.75,0.84375,0.06801007556675064,0.577073412747026,0.45213758472523013,0.5070225244180206
3,18,baseline,32,41,42,0.125,1.0,0.53125,0.4146341463414634,0.43757757469678854,0.7663206833336108,0.5570649244093182
3,18,resample_pointwise,32,419,420,1.0,0.625,0.90625,0.06921241050119331,0.5924902314859545,0.6176856390093111,0.604825655782414
3,19,baseline,32,40,41,0.125,1.0,0.5,0.4,0.4444203942808622,0.7701309382382077,0.5636021896412365
3,19,resample_pointwise,32,423,424,1.0,1.0,0.90625,0.06855791962174941,0.43284306733396954,0.6298288786831444,0.5130784994682385
10,0,baseline,32,31,32,0.0,1.0,0.46875,0.4838709677419355,0.44115032468579884,0.7663114259792627,0.5599490570943368
10,0,resample_pointwise,32,44,45,0.125,0.0,0.0625,0.045454545454545456,0.4655856331757411,0.5630581365207742,0.5097037219874888
10,1,baseline,32,31,32,0.0,1.0,0.46875,0.4838709677419355,0.4439559929856715,0.7689572450294746,0.5629144222042429
10,1,resample_pointwise,32,45,46,0.125,0.125,0.125,0.08888888888888889,0.46676194473394433,0.5689481277132669,0.5128140424794727
10,2,baseline,32,31,32,0.0,1.0,0.46875,0.4838709677419355,0.43875888296162735,0.7558286781842988,0.5552151342215359
10,2,resample_pointwise,32,51,52,0.0,0.0,0.03125,0.0196078431372549,0.49117155128514645,0.6222969548250114,0.5490133919085171
10,3,baseline,32,31,32,0.0,1.0,0.46875,0.4838709677419355,0.4028076831764397,0.7467104664797972,0.5233161618131459
10,3,resample_pointwise,32,58,59,0.0,0.125,0.09375,0.05172413793103448,0.4915299005902983,0.6481251183574627,0.5590689633262108
10,4,baseline,32,31,32,0.0,1.0,0.46875,0.4838709677419355,0.48975711942829087,0.6673344137820865,0.5649194913430564
10,4,resample_pointwise,32,47,48,0.0,0.0,0.0625,0.0425531914893617,0.46788288569969844,0.5687128718549738,0.5133939969921857
10,5,baseline,32,31,32,0.0,1.0,0.46875,0.4838709677419355,0.38017778421384735,0.7793094782551687,0.5110468398402378
10,5,resample_pointwise,32,43,44,0.0,0.375,0.15625,0.11627906976744186,0.46604350834333097,0.5772475893296585,0.5157189442409048
10,6,baseline,32,31,32,0.0,1.0,0.46875,0.4838709677419355,0.493852941191153,0.6686972145554761,0.5681270344202282
10,6,resample_pointwise,32,41,42,0.375,0.25,0.21875,0.17073170731707318,0.47073952279041065,0.5724251283262498,0.5166262707485157
10,7,baseline,32,31,32,0.0,1.0,0.4375,0.45161290322580644,0.3833654076444972,0.7813092790273176,0.5143529840193691
10,7,resample_pointwise,32,46,47,0.125,0.0,0.0625,0.043478260869565216,0.46935476437110785,0.5734370237046491,0.5162016084518918
10,8,baseline,32,31,32,0.0,1.0,0.46875,0.4838709677419355,0.4400361187262897,0.7614392346810549,0.5577488785346226
10,8,resample_pointwise,32,53,54,0.125,0.125,0.21875,0.1320754716981132,0.46905072009173066,0.5822097003397426,0.5195399234695114
10,9,baseline,32,31,32,0.0,1.0,0.46875,0.4838709677419355,0.5008185809415195,0.6730405987471775,0.5742958668517327
10,9,resample_pointwise,32,40,41,0.125,0.125,0.0625,0.05,0.4647394837734828,0.5671842542231275,0.5108767398332104
10,10,baseline,32,31,32,0.0,1.0,0.46875,0.4838709677419355,0.4407617833718017,0.7608867374695371,0.5581828455399165
10,10,resample_pointwise,32,46,47,0.0,0.0,0.0625,0.043478260869565216,0.4688993888831289,0.5722011622413642,0.5154252872182147
10,11,baseline,32,31,32,0.0,1.0,0.46875,0.4838709677419355,0.4974366722528292,0.6660263541184063,0.5695169089449552
10,11,resample_pointwise,32,36,37,0.0,0.0,0.03125,0.027777777777777776,0.46701208543708195,0.5665191353609971,0.511975405330578
10,12,baseline,32,31,32,0.0,1.0,0.46875,0.4838709677419355,0.4949172264690909,0.6742606297920266,0.5708339394677091
10,12,resample_pointwise,32,48,49,0.0,0.0,0.03125,0.020833333333333332,0.490160639437043,0.6348385338710967,0.55319660508995
10,13,baseline,32,31,32,0.0,1.0,0.46875,0.4838709677419355,0.4923596437414188,0.6643933095117985,0.565583951621524
10,13,resample_pointwise,32,51,52,0.25,0.125,0.21875,0.13725490196078433,0.4734169803259865,0.5787151788476698,0.5207969170984292
10,14,baseline,32,31,32,0.0,1.0,0.46875,0.4838709677419355,0.3832429727752896,0.7833142270084018,0.5146763022534041
10,14,resample_pointwise,32,51,52,0.25,0.125,0.1875,0.11764705882352941,0.4930322607962118,0.648037499479138,0.5600067665833586
10,15,baseline,32,31,32,0.0,1.0,0.46875,0.4838709677419355,0.4990632635044053,0.6699768443145859,0.5720262772161295
10,15,resample_pointwise,32,53,54,0.375,0.25,0.3125,0.18867924528301888,0.4722351587477417,0.5684413396532066,0.5158913200833869
10,16,baseline,32,31,32,0.0,1.0,0.46875,0.4838709677419355,0.4994918184417174,0.6687629636656881,0.5718643466201297
10,16,resample_pointwise,32,44,45,0.125,0.25,0.125,0.09090909090909091,0.4683667345069069,0.5736694530974759,0.5156974232369699
10,17,baseline,32,31,32,0.0,1.0,0.46875,0.4838709677419355,0.4461165077029521,0.7756919541651234,0.5664537387739712
10,17,resample_pointwise,32,40,41,0.25,0.0,0.1875,0.15,0.47083281265603466,0.5849566766121587,0.5217267270242114
10,18,baseline,32,31,32,0.0,1.0,0.46875,0.4838709677419355,0.49772453050224175,0.6671100301026707,0.570101605422417
10,18,resample_pointwise,32,43,44,0.0,0.0,0.03125,0.023255813953488372,0.39861281347501454,0.6553654611662425,0.4957162336552784
10,19,baseline,32,31,32,0.0,1.0,0.46875,0.4838709677419355,0.44031335214247114,0.75975409937461,0.5575184526115066
10,19,resample_pointwise,32,40,41,0.0,0.0,0.0,0.0,0.46862929780745066,0.5677602282457631,0.5134538132569829
