sigma,transition_length,T,transition_fraction,threshold,q,status,n_segments,n_distinct_segments,adp_h3,adp_c3,adp_v3,adp_h2,adp_c2,adp_v2,adp_k,kmeans_h3,kmeans_c3,kmeans_v3,kmeans_h2,kmeans_c2,kmeans_v2,kmeans_k,oracle_status,oracle_h3,oracle_c3,oracle_v3,oracle_h2,oracle_c2,oracle_v2,oracle_k
0,1,5019,0.0037856146642757,resample_pointwise,0.5,ok,38.0,5.0,0.0,1.0,0.0,0.0,1.0,0.0,1.0,1.0,1.0,1.0,1.0,1.0,1.0,3.0,failed,,,,,,,
0,2,5038,0.0075426756649464,resample_pointwise,0.5,ok,38.0,5.0,0.0,1.0,0.0,0.0,1.0,0.0,1.0,0.9697024261851376,0.9926912976381592,0.981062207941788,1.0,1.0,1.0,3.0,failed,,,,,,,
0,3,5057,0.0112715048447696,resample_pointwise,0.5,ok,38.0,5.0,0.0,1.0,0.0,0.0,1.0,0.0,1.0,0.9704103763390808,0.9902010592709508,0.980205832859994,1.0,1.0,1.0,3.0,failed,,,,,,,
0,4,5076,0.0149724192277383,resample_pointwise,0.5,ok,38.0,5.0,0.0,1.0,0.0,0.0,1.0,0.0,1.0,0.9420877628348996,0.978735131979792,0.9600618499330374,1.0,1.0,1.0,3.0,failed,,,,,,,
0,5,5095,0.0186457311089303,resample_pointwise,0.5,ok,38.0,5.0,0.0,1.0,0.0,0.0,1.0,0.0,1.0,0.9432298800257622,0.9762735438863076,0.9594672936768784,1.0,1.0,1.0,3.0,failed,,,,,,,
0,6,5114,0.0222917481423543,resample_pointwise,0.5,ok,38.0,5.0,0.0,1.0,0.0,0.0,1.0,0.0,1.0,0.944275716190042,0.974558209728496,0.9591780080912838,1.0,1.0,1.0,3.0,failed,,,,,,,
0,7,5133,0.0259107734268459,resample_pointwise,0.5,ok,38.0,5.0,0.0,1.0,0.0,0.0,1.0,0.0,1.0,0.9242792050240836,0.9674149533397516,0.9453552732590296,1.0,1.0,1.0,3.0,failed,,,,,,,
0,8,5152,0.0295031055900621,resample_pointwise,0.5,ok,38.0,5.0,0.0,1.0,0.0,0.0,1.0,0.0,1.0,0.9049036374894462,0.9596255753270416,0.9314615912395572,1.0,1.0,1.0,3.0,failed,,,,,,,
0,9,5171,0.0330690388706246,resample_pointwise,0.5,adp failed: ValueError: only 4 distinct segments; ADP is not defined here,,,,,,,,,,,,,,,,,,,,,,,,
0,10,5190,0.0366088631984585,resample_pointwise,0.5,adp failed: ValueError: only 4 distinct segments; ADP is not defined here,,,,,,,,,,,,,,,,,,,,,,,,
0,11,5209,0.040122864273373,resample_pointwise,0.5,adp failed: ValueError: only 4 distinct segments; ADP is not defined here,,,,,,,,,,,,,,,,,,,,,,,,
0,12,5228,0.043611323641928,resample_pointwise,0.5,adp failed: ValueError: only 4 distinct segments; ADP is not defined here,,,,,,,,,,,,,,,,,,,,,,,,
0,13,5247,0.0470745187726319,resample_pointwise,0.5,adp failed: ValueError: only 4 distinct segments; ADP is not defined here,,,,,,,,,,,,,,,,,,,,,,,,
0,14,5266,0.05051272312951,resample_pointwise,0.5,adp failed: ValueError: only 4 distinct segments; ADP is not defined here,,,,,,,,,,,,,,,,,,,,,,,,
0,15,5285,0.053926206244087,resample_pointwise,0.5,adp failed: ValueError: only 4 distinct segments; ADP is not defined here,,,,,,,,,,,,,,,,,,,,,,,,
0,16,5304,0.057315233785822,resample_pointwise,0.5,adp failed: ValueError: only 4 distinct segments; ADP is not defined here,,,,,,,,,,,,,,,,,,,,,,,,
0,17,5323,0.0606800676310351,resample_pointwise,0.5,adp failed: ValueError: only 4 distinct segments; ADP is not defined here,,,,,,,,,,,,,,,,,,,,,,,,
0,18,5342,0.0640209659303631,resample_pointwise,0.5,adp failed: ValueError: only 4 distinct segments; ADP is not defined here,,,,,,,,,,,,,,,,,,,,,,,,
0,19,5361,0.0673381831747808,resample_pointwise,0.5,adp failed: ValueError: only 4 distinct segments; ADP is not defined here,,,,,,,,,,,,,,,,,,,,,,,,
0,20,5380,0.070631970260223,resample_pointwise,0.5,adp failed: ValueError: only 4 distinct segments; ADP is not defined here,,,,,,,,,,,,,,,,,,,,,,,,
0,21,5399,0.0739025745508427,resample_pointwise,0.5,adp failed: ValueError: only 4 distinct segments; ADP is not defined here,,,,,,,,,,,,,,,,,,,,,,,,
0,22,5418,0.0771502399409376,resample_pointwise,0.5,adp failed: ValueError: only 4 distinct segments; ADP is not defined here,,,,,,,,,,,,,,,,,,,,,,,,
0,23,5437,0.0803752069155784,resample_pointwise,0.5,adp failed: ValueError: only 4 distinct segments; ADP is not defined here,,,,,,,,,,,,,,,,,,,,,,,,
0,24,5456,0.0835777126099706,resample_pointwise,0.5,adp failed: ValueError: only 4 distinct segments; ADP is not defined here,,,,,,,,,,,,,,,,,,,,,,,,
0,25,5475,0.0867579908675799,resample_pointwise,0.5,adp failed: ValueError: only 4 distinct segments; ADP is not defined here,,,,,,,,,,,,,,,,,,,,,,,,
0,26,5494,0.0899162722970513,resample_pointwise,0.5,adp failed: ValueError: only 4 distinct segments; ADP is not defined here,,,,,,,,,,,,,,,,,,,,,,,,
0,27,5513,0.0930527843279521,resample_pointwise,0.5,adp failed: ValueError: only 4 distinct segments; ADP is not defined here,,,,,,,,,,,,,,,,,,,,,,,,
0,28,5532,0.0961677512653651,resample_pointwise,0.5,adp failed: ValueError: only 4 distinct segments; ADP is not defined here,,,,,,,,,,,,,,,,,,,,,,,,
0,29,5551,0.0992613943433615,resample_pointwise,0.5,adp failed: ValueError: only 4 distinct segments; ADP is not defined here,,,,,,,,,,,,,,,,,,,,,,,,
0,30,5570,0.1023339317773788,resample_pointwise,0.5,adp failed: ValueError: only 4 distinct segments; ADP is not defined here,,,,,,,,,,,,,,,,,,,,,,,,
0,31,5589,0.1053855788155305,resample_pointwise,0.5,adp failed: ValueError: only 4 distinct segments; ADP is not defined here,,,,,,,,,,,,,,,,,,,,,,,,
0,32,5608,0.108416547788873,resample_pointwise,0.5,adp failed: ValueError: only 4 distinct segments; ADP is not defined here,,,,,,,,,,,,,,,,,,,,,,,,
0,33,5627,0.1114270481606539,resample_pointwise,0.5,adp failed: ValueError: only 4 distinct segments; ADP is not defined here,,,,,,,,,,,,,,,,,,,,,,,,
0,34,5646,0.114417286574566,resample_pointwise,0.5,adp failed: ValueError: only 4 distinct segments; ADP is not defined here,,,,,,,,,,,,,,,,,,,,,,,,
0,35,5665,0.11738746690203,resample_pointwise,0.5,adp failed: ValueError: only 4 distinct segments; ADP is not defined here,,,,,,,,,,,,,,,,,,,,,,,,
0,36,5684,0.1203377902885292,resample_pointwise,0.5,adp failed: ValueError: only 4 distinct segments; ADP is not defined here,,,,,,,,,,,,,,,,,,,,,,,,
0,37,5703,0.123268455199018,resample_pointwise,0.5,adp failed: ValueError: only 4 distinct segments; ADP is not defined here,,,,,,,,,,,,,,,,,,,,,,,,
0,38,5722,0.1261796574624257,resample_pointwise,0.5,adp failed: ValueError: only 4 distinct segments; ADP is not defined here,,,,,,,,,,,,,,,,,,,,,,,,
0,39,5741,0.1290715903152761,resample_pointwise,0.5,adp failed: ValueError: only 4 distinct segments; ADP is not defined here,,,,,,,,,,,,,,,,,,,,,,,,
0,40,5760,0.1319444444444444,resample_pointwise,0.5,adp failed: ValueError: only 4 distinct segments; ADP is not defined here,,,,,,,,,,,,,,,,,,,,,,,,
0,41,5779,0.1347984080290707,resample_pointwise,0.5,adp failed: ValueError: only 4 distinct segments; ADP is not defined here,,,,,,,,,,,,,,,,,,,,,,,,
0,42,5798,0.1376336667816488,resample_pointwise,0.5,adp failed: ValueError: only 4 distinct segments; ADP is not defined here,,,,,,,,,,,,,,,,,,,,,,,,
0,43,5817,0.1404504039883101,resample_pointwise,0.5,adp failed: ValueError: only 4 distinct segments; ADP is not defined here,,,,,,,,,,,,,,,,,,,,,,,,
0,44,5836,0.1432488005483207,resample_pointwise,0.5,adp failed: ValueError: only 4 distinct segments; ADP is not defined here,,,,,,,,,,,,,,,,,,,,,,,,
0,45,5855,0.1460290350128095,resample_pointwise,0.5,adp failed: ValueError: only 4 distinct segments; ADP is not defined here,,,,,,,,,,,,,,,,,,,,,,,,
0,46,5874,0.1487912836227443,resample_pointwise,0.5,adp failed: ValueError: only 4 distinct segments; ADP is not defined here,,,,,,,,,,,,,,,,,,,,,,,,
0,47,5893,0.1515357203461734,resample_pointwise,0.5,adp failed: ValueError: only 4 distinct segments; ADP is not defined here,,,,,,,,,,,,,,,,,,,,,,,,
0,48,5912,0.1542625169147496,resample_pointwise,0.5,adp failed: ValueError: only 4 distinct segments; ADP is not defined here,,,,,,,,,,,,,,,,,,,,,,,,
0,49,5931,0.1569718428595515,resample_pointwise,0.5,adp failed: ValueError: only 4 distinct segments; ADP is not defined here,,,,,,,,,,,,,,,,,,,,,,,,
0,50,5950,0.1596638655462184,resample_pointwise,0.5,adp failed: ValueError: only 4 distinct segments; ADP is not defined here,,,,,,,,,,,,,,,,,,,,,,,,
0,51,5969,0.1623387502094153,resample_pointwise,0.5,adp failed: ValueError: only 4 distinct segments; ADP is not defined here,,,,,,,,,,,,,,,,,,,,,,,,
0,52,5988,0.1649966599866399,resample_pointwise,0.5,adp failed: ValueError: only 4 distinct segments; ADP is not defined here,,,,,,,,,,,,,,,,,,,,,,,,
0,53,6007,0.16763775595139,resample_pointwise,0.5,adp failed: ValueError: only 4 distinct segments; ADP is not defined here,,,,,,,,,,,,,,,,,,,,,,,,
0,54,6026,0.1702621971457019,resample_pointwise,0.5,adp failed: ValueError: only 4 distinct segments; ADP is not defined here,,,,,,,,,,,,,,,,,,,,,,,,
0,55,6045,0.1728701406120761,resample_pointwise,0.5,adp failed: ValueError: only 4 distinct segments; ADP is not defined here,,,,,,,,,,,,,,,,,,,,,,,,
0,56,6064,0.1754617414248021,resample_pointwise,0.5,adp failed: ValueError: only 4 distinct segments; ADP is not defined here,,,,,,,,,,,,,,,,,,,,,,,,
0,57,6083,0.178037152720697,resample_pointwise,0.5,adp failed: ValueError: only 4 distinct segments; ADP is not defined here,,,,,,,,,,,,,,,,,,,,,,,,
0,58,6102,0.1805965257292691,resample_pointwise,0.5,adp failed: ValueError: only 4 distinct segments; ADP is not defined here,,,,,,,,,,,,,,,,,,,,,,,,
0,59,6121,0.1831400098023198,resample_pointwise,0.5,adp failed: ValueError: only 4 distinct segments; ADP is not defined here,,,,,,,,,,,,,,,,,,,,,,,,
0,60,6140,0.1856677524429967,resample_pointwise,0.5,adp failed: ValueError: only 4 distinct segments; ADP is not defined here,,,,,,,,,,,,,,,,,,,,,,,,
0,61,6159,0.1881798993343075,resample_pointwise,0.5,adp failed: ValueError: only 4 distinct segments; ADP is not defined here,,,,,,,,,,,,,,,,,,,,,,,,
0,62,6178,0.1906765943671091,resample_pointwise,0.5,adp failed: ValueError: only 4 distinct segments; ADP is not defined here,,,,,,,,,,,,,,,,,,,,,,,,
0,63,6197,0.193157979667581,resample_pointwise,0.5,adp failed: ValueError: only 4 distinct segments; ADP is not defined here,,,,,,,,,,,,,,,,,,,,,,,,
0,64,6216,0.1956241956241956,resample_pointwise,0.5,adp failed: ValueError: only 4 distinct segments; ADP is not defined here,,,,,,,,,,,,,,,,,,,,,,,,
0,65,6235,0.198075380914194,resample_pointwise,0.5,adp failed: ValueError: only 4 distinct segments; ADP is not defined here,,,,,,,,,,,,,,,,,,,,,,,,
0,66,6254,0.200511672529581,resample_pointwise,0.5,ok,38.0,5.0,0.0,1.0,0.0,0.0,1.0,0.0,1.0,0.6957410894719949,0.777185652194037,0.7342116577608907,1.0,1.0,1.0,3.0,failed,,,,,,,
0,67,6273,0.2029332058026462,resample_pointwise,0.5,ok,38.0,5.0,0.0,1.0,0.0,0.0,1.0,0.0,1.0,0.6971369141987855,0.7765479765121892,0.7347028709941391,1.0,1.0,1.0,3.0,failed,,,,,,,
0,68,6292,0.2053401144310235,resample_pointwise,0.5,ok,38.0,5.0,0.0,1.0,0.0,0.0,1.0,0.0,1.0,0.6985097584170591,0.7759490374677324,0.735195824011193,1.0,1.0,1.0,3.0,failed,,,,,,,
0,69,6311,0.2077325305022975,resample_pointwise,0.5,ok,38.0,5.0,0.0,1.0,0.0,0.0,1.0,0.0,1.0,0.6937759274588219,0.7722013829675572,0.7308908901154597,1.0,1.0,1.0,3.0,failed,,,,,,,
0,70,6330,0.2101105845181674,resample_pointwise,0.5,ok,38.0,5.0,0.0,1.0,0.0,0.0,1.0,0.0,1.0,0.6890742001633724,0.7684291000205045,0.7265913804957939,1.0,1.0,1.0,3.0,failed,,,,,,,
0,71,6349,0.212474405418176,resample_pointwise,0.5,ok,38.0,21.0,0.0,1.0,0.0,0.0,1.0,0.0,1.0,0.6904347982541249,0.7678367894305455,0.7270816263303744,1.0,1.0,1.0,3.0,failed,,,,,,,
0,72,6368,0.214824120603015,resample_pointwise,0.5,ok,38.0,22.0,0.3873983602527655,0.6638553618920066,0.4892757537491085,0.6007575165371467,0.6201011135599485,0.6102760725941977,2.0,0.6917739690237563,0.7672793847087619,0.7275729896405038,1.0,1.0,1.0,3.0,failed,,,,,,,
0,73,6387,0.2171598559574135,resample_pointwise,0.5,ok,38.0,22.0,0.0,1.0,0.0,0.0,1.0,0.0,1.0,0.6872505667970987,0.7636247860072,0.7234275032509278,1.0,1.0,1.0,3.0,failed,,,,,,,
0,74,6406,0.2194817358726194,resample_pointwise,0.5,ok,38.0,22.0,0.5457552293801894,0.8811047089557648,0.6740220110250207,0.8675077174603611,0.8687658143828657,0.8681363101155904,2.0,0.6827543001998039,0.759947720830512,0.7192858494140408,1.0,1.0,1.0,3.0,failed,,,,,,,
0,75,6425,0.2217898832684824,resample_pointwise,0.5,ok,38.0,22.0,0.4668302033809479,0.7734859777537961,0.5822493035231775,0.7340466577640342,0.7410083794665545,0.737511090221831,2.0,0.6840810949166974,0.7593964208424425,0.7197739200981107,1.0,1.0,1.0,3.0,failed,,,,,,,
0,76,6444,0.2240844196151458,resample_pointwise,0.5,ok,38.0,22.0,0.5016316000910777,0.8224421669310447,0.6231721984914156,0.795771468203107,0.7994290940100803,0.7975960878324497,2.0,0.679745969593038,0.7558430641301932,0.7157776556078144,1.0,1.0,1.0,3.0,failed,,,,,,,
0,77,6463,0.2263654649543555,resample_pointwise,0.5,ok,38.0,21.0,0.0,1.0,0.0,0.0,1.0,0.0,1.0,0.6754355634999989,0.7522687460980015,0.7117847316258502,1.0,1.0,1.0,3.0,failed,,,,,,,
0,78,6482,0.2286331379203949,resample_pointwise,0.5,ok,38.0,22.0,0.5104003098108615,0.8336557973864543,0.633155379426733,0.8295412199173333,0.8318791869603245,0.8307085584337863,2.0,0.6767491825096145,0.7517242276365574,0.7122691299849322,1.0,1.0,1.0,3.0,failed,,,,,,,
0,79,6501,0.2308875557606522,resample_pointwise,0.5,ok,38.0,22.0,0.5363585614413257,0.8718522021363811,0.6641411996301889,0.8767492962935113,0.877803540124474,0.877276101481553,2.0,0.678043553281131,0.751210133536702,0.7127540658482674,1.0,1.0,1.0,3.0,failed,,,,,,,
0,80,6520,0.2331288343558282,resample_pointwise,0.5,ok,38.0,22.0,0.5252384877268006,0.8574231206369402,0.6514271033507502,0.8585290413050121,0.8599828080227309,0.8592553097604391,2.0,0.6738844006564693,0.7477397267738763,0.7088936208966171,1.0,1.0,1.0,3.0,failed,,,,,,,
0,81,6539,0.235357088239792,resample_pointwise,0.5,ok,38.0,22.0,0.4676080247758758,0.7777655312254872,0.5840647603966176,0.7610526455846284,0.7664143314256957,0.7637240782607865,2.0,0.6751629485278556,0.7472427244589361,0.7093765311724374,1.0,1.0,1.0,3.0,failed,,,,,,,
0,82,6558,0.2375724306190912,resample_pointwise,0.5,ok,38.0,21.0,0.4579659984329486,0.7663409804890127,0.5733171799425085,0.7439716181203028,0.7503442285705753,0.7471443351324649,2.0,0.6710308589846498,0.7437430615836802,0.7055184411059636,1.0,1.0,1.0,3.0,failed,,,,,,,
0,83,6577,0.239774973392124,resample_pointwise,0.5,ok,38.0,22.0,0.0,1.0,0.0,0.0,1.0,0.0,1.0,0.6670343276814006,0.7403635264194905,0.7017886031957152,1.0,1.0,1.0,3.0,failed,,,,,,,
0,84,6596,0.2419648271679806,resample_pointwise,0.5,ok,38.0,22.0,0.5134932680378085,0.8427744707157568,0.6381616325761486,0.8576427676269703,0.8591191882770159,0.8583803430888054,2.0,0.6682981526880287,0.7398720050558975,0.7022661167548476,1.0,1.0,1.0,3.0,failed,,,,,,,
0,85,6615,0.2441421012849584,resample_pointwise,0.5,ok,38.0,22.0,0.0,1.0,0.0,0.0,1.0,0.0,1.0,0.6643243655045405,0.7364646424703226,0.6985369010468491,1.0,1.0,1.0,3.0,failed,,,,,,,
0,86,6634,0.2463069038287609,resample_pointwise,0.5,ok,38.0,22.0,0.0,1.0,0.0,0.0,1.0,0.0,1.0,0.6655747764302588,0.7359900494490337,0.699013564798356,1.0,1.0,1.0,3.0,failed,,,,,,,
0,87,6653,0.2484593416503832,resample_pointwise,0.5,ok,38.0,22.0,0.0,1.0,0.0,0.0,1.0,0.0,1.0,0.6668082593534786,0.735540773516842,0.6994901431470255,1.0,1.0,1.0,3.0,failed,,,,,,,
0,88,6672,0.250599520383693,resample_pointwise,0.5,ok,38.0,22.0,0.5052740005969454,0.8355935837112511,0.6297470650433437,0.8506321866349608,0.85229535893777,0.8514629606137876,2.0,0.6629632921783726,0.7322261910307939,0.6958754951455267,1.0,1.0,1.0,3.0,failed,,,,,,,
0,89,6691,0.2527275444627111,resample_pointwise,0.5,ok,38.0,22.0,0.5172824966331943,0.8544612682327899,0.64443210084648,0.8712093423670894,0.8723192554952435,0.8717639456512851,2.0,0.6591386450538397,0.7288966376107642,0.6922647400961639,1.0,1.0,1.0,3.0,failed,,,,,,,
0,90,6710,0.2548435171385991,resample_pointwise,0.5,ok,38.0,21.0,0.4487512839587925,0.7551781570607378,0.5629684864449516,0.7617493005788356,0.7670719773917501,0.7644013733867356,2.0,0.6603595363005966,0.7284525735877163,0.6927367644425934,1.0,1.0,1.0,3.0,failed,,,,,,,
0,91,6729,0.256947540496359,resample_pointwise,0.5,ok,38.0,22.0,0.0,1.0,0.0,0.0,1.0,0.0,1.0,0.6566539878843224,0.7252203554137091,0.6892360955783238,1.0,1.0,1.0,3.0,failed,,,,,,,
0,92,6748,0.2590397154712507,resample_pointwise,0.5,ok,38.0,22.0,0.0,1.0,0.0,0.0,1.0,0.0,1.0,0.6529655479877892,0.7219736509562976,0.6857378435227732,1.0,1.0,1.0,3.0,failed,,,,,,,
0,93,6767,0.2611201418649327,resample_pointwise,0.5,ok,38.0,22.0,0.4180534105201113,0.714750534900138,0.5275474189405756,0.7128481144624134,0.7212892559733423,0.7170438435006629,2.0,0.6541734654991657,0.7215350454333168,0.6862050752746651,1.0,1.0,1.0,3.0,failed,,,,,,,
0,94,6786,0.2631889183613322,resample_pointwise,0.5,ok,38.0,21.0,0.0,1.0,0.0,0.0,1.0,0.0,1.0,0.6553659718694004,0.7211187975360714,0.6866719226899164,1.0,1.0,1.0,3.0,failed,,,,,,,
0,95,6805,0.2652461425422483,resample_pointwise,0.5,ok,38.0,21.0,0.0,1.0,0.0,0.0,1.0,0.0,1.0,0.651790293521072,0.717955729224289,0.6832749542113165,1.0,1.0,1.0,3.0,failed,,,,,,,
0,96,6824,0.2672919109026964,resample_pointwise,0.5,ok,38.0,22.0,0.495411929635178,0.8246560157070154,0.6189748481783878,0.8639081184648758,0.8652062273317234,0.8645566856295905,2.0,0.6529698352937546,0.7175526149925994,0.6837395662193272,1.0,1.0,1.0,3.0,failed,,,,,,,
0,97,6843,0.2693263188659944,resample_pointwise,0.5,ok,38.0,22.0,0.0,1.0,0.0,0.0,1.0,0.0,1.0,0.649411898822108,0.7143687959925327,0.680343398361168,1.0,1.0,1.0,3.0,failed,,,,,,,
0,98,6862,0.271349460798601,resample_pointwise,0.5,ok,38.0,22.0,0.0,1.0,0.0,0.0,1.0,0.0,1.0,0.6459572591260074,0.7112802897656332,0.6770467952681775,1.0,1.0,1.0,3.0,failed,,,,,,,
0,99,6881,0.2733614300247057,resample_pointwise,0.5,ok,38.0,22.0,0.0,1.0,0.0,0.0,1.0,0.0,1.0,0.6471243548239031,0.7108820112348601,0.6775064894745438,1.0,1.0,1.0,3.0,failed,,,,,,,
0,100,6900,0.2753623188405797,resample_pointwise,0.5,ok,38.0,22.0,0.4940314100659743,0.82399056731552,0.6177093080961914,0.8767492962935113,0.877803540124474,0.877276101481553,2.0,0.6436858827573215,0.7077739317629373,0.6742103363556833,1.0,1.0,1.0,3.0,failed,,,,,,,
5,1,5019,0.0037856146642757,resample_pointwise,0.5,ok,38.0,38.0,0.7209223292330744,0.4743386647040507,0.5721952556610224,0.7396099215983911,0.4718912777251526,0.576170244183236,3.0,1.0,1.0,1.0,1.0,1.0,1.0,3.0,,0.9688636864584054,1.0,0.98418564283767,1.0,1.0,1.0,2.0
5,2,5038,0.0075426756649464,resample_pointwise,0.5,ok,38.0,38.0,0.757178667403688,0.5199601287273725,0.6165386543193542,0.7891984040292703,0.5146928612022026,0.6230500893092913,3.0,0.9474923770873604,0.7298607791842626,0.8245580509107118,1.0,0.7322185745577017,0.8454112954477049,3.0,,1.0,1.0000000000000002,1.0000000000000002,1.0,1.0,1.0,3.0
5,3,5057,0.0112715048447696,resample_pointwise,0.5,ok,38.0,38.0,0.7689299419362587,0.5453048194095056,0.6380917861231317,0.8112054800503328,0.5371679963771947,0.6463396529029226,3.0,0.966789987594561,0.9768198730172698,0.9717790509862968,1.0000000000000002,0.9863000422323186,0.9931027752724184,3.0,,1.0,1.0,1.0,1.0,1.0,1.0,3.0
5,4,5076,0.0149724192277383,resample_pointwise,0.5,ok,38.0,38.0,0.7129159554315326,0.5011290060513391,0.5885496426873233,0.7632827215305309,0.4912294112743018,0.5977573466666837,3.0,0.95464544698111,0.9749686958239072,0.9647000462635538,1.0000000000000009,0.991490098993472,0.9957268675295808,3.0,,1.0,1.0,1.0,1.0,1.0,1.0,3.0
5,5,5095,0.0186457311089303,resample_pointwise,0.5,ok,38.0,38.0,0.7130176951489696,0.5461544912535273,0.6185298893258272,0.7637099601527871,0.5335673346080548,0.6282244967949876,3.0,0.9447535272875256,0.971188702445888,0.9577887454625544,0.9994490224995666,0.9928101227097528,0.9961185110440876,3.0,,1.0,1.0,1.0,1.0,1.0,1.0,3.0
5,6,5114,0.0222917481423543,resample_pointwise,0.5,ok,38.0,38.0,0.7302369603659443,0.5354518763841207,0.6178560468890246,0.7949463228585086,0.5201320446751095,0.6288249681892603,3.0,0.93956300871385,0.969695160070308,0.9543913097002608,1.0,0.9953302076254944,0.9976596393135037,3.0,,1.0,1.0,1.0,1.0,1.0,1.0,3.0
5,7,5133,0.0259107734268459,resample_pointwise,0.5,ok,38.0,38.0,0.7073015645551143,0.5207418701484581,0.5998509972479382,0.7783526189828974,0.5037161863032767,0.611618988336149,3.0,0.9215145620156044,0.9594037359082942,0.9400775296486982,0.999350977425526,0.9908460321531476,0.9950803321929212,3.0,,1.0,1.0000000000000002,1.0000000000000002,1.0,1.0,1.0,3.0
5,8,5152,0.0295031055900621,resample_pointwise,0.5,ok,38.0,38.0,0.720376430294137,0.5412111758590784,0.618071663036465,0.7959917963982333,0.5211395352940075,0.6298882805253083,3.0,0.9074852325311312,0.9547884763327495,0.9305360842917872,0.999449022435976,0.992810008060802,0.9961184533053388,3.0,,1.0,1.0,1.0,1.0,1.0,1.0,3.0
5,9,5171,0.0330690388706246,resample_pointwise,0.5,ok,38.0,38.0,0.746813632241112,0.5765510867039066,0.6507294702206637,0.8263678185583582,0.553221040799278,0.662754068453044,3.0,0.9060704170839916,0.9554770180554208,0.9301180769522628,0.9999999999999992,0.9974605565901806,0.9987286640522428,3.0,,1.0,1.0,1.0,1.0,1.0,1.0,3.0
5,10,5190,0.0366088631984585,resample_pointwise,0.5,ok,38.0,38.0,0.7439825589498421,0.5803747498459861,0.6520728034232621,0.8274397466624043,0.5546445422917776,0.6641200442396579,3.0,0.8984048042965569,0.9493775634274266,0.9231881188747948,0.9995999999538338,0.9949317324759668,0.9972604030976956,3.0,,1.0,1.0,1.0,1.0,1.0,1.0,3.0
5,11,5209,0.040122864273373,resample_pointwise,0.5,ok,38.0,38.0,0.7609725717908791,0.6065102822063377,0.6750178810930935,0.8469727101319563,0.577908143405738,0.6870362882797155,3.0,0.8899384967539489,0.9436444570110109,0.916004948473386,1.0,0.9933576682208374,0.9966677672125488,3.0,,1.0,1.0,1.0,1.0,1.0,1.0,3.0
5,12,5228,0.043611323641928,resample_pointwise,0.5,ok,38.0,38.0,0.6974060087773526,0.5951274289911453,0.6422200506985717,0.75960950597378,0.5631771303964982,0.6468083212120773,3.0,0.8826535131037735,0.93751001293272,0.9092551242216668,0.9991999996306704,0.9906959962245668,0.9949298266075894,3.0,,1.0,1.0,1.0,1.0,1.0,1.0,3.0
5,13,5247,0.0470745187726319,resample_pointwise,0.5,ok,38.0,38.0,0.736325486678374,0.5885143836824189,0.6541743642787105,0.831979521142886,0.5565977660652073,0.6669818772726822,3.0,0.8753868597060913,0.9377758939192394,0.9055080061011098,1.0,0.9974604420064233,0.9987286066145942,3.0,,1.0,1.0,1.0,1.0,1.0,1.0,3.0
5,14,5266,0.05051272312951,resample_pointwise,0.5,ok,38.0,38.0,0.7671866114569035,0.6315876924358694,0.6928145880994163,0.8603736111860391,0.5958717847134447,0.7041016035640235,3.0,0.867709842322785,0.9319165108126356,0.8986678009536605,1.0,0.9953302076254944,0.9976596393135037,3.0,,1.0,1.0,1.0,1.0,1.0,1.0,3.0
5,15,5285,0.053926206244087,resample_pointwise,0.5,ok,38.0,38.0,0.7599332377625327,0.6278557154463151,0.6876094893011111,0.8560031893859922,0.5900949643596373,0.6986015025662148,3.0,0.8595481654496202,0.9259353377510516,0.8915075602347255,1.0,0.9933573256602996,0.996667594788857,3.0,,1.0,1.0,1.0,1.0,1.0,1.0,3.0
5,16,5304,0.057315233785822,resample_pointwise,0.5,ok,38.0,38.0,0.7640786049774174,0.6362739031266051,0.6943441361671758,0.8638059118957004,0.5968275019059285,0.7059171995613407,3.0,0.8622604010827164,0.9273018749309702,0.8935991748594706,1.0000000000000009,0.9974603268839216,0.9987285489068812,3.0,,1.0,1.0000000000000002,1.0000000000000002,1.0,1.0,1.0,3.0
5,17,5323,0.0606800676310351,resample_pointwise,0.5,ok,38.0,38.0,0.666412874212182,0.5379985416754369,0.5953599405493246,0.7772562257082847,0.5012396952868245,0.6094531352600198,3.0,0.8521630277080667,0.9206599791848564,0.8850882375752012,1.0,0.9953302076254944,0.9976596393135037,3.0,,1.0,1.0,1.0,1.0,1.0,1.0,3.0
5,18,5342,0.0640209659303631,resample_pointwise,0.5,ok,38.0,38.0,0.7821531838503435,0.6689634622230565,0.7211438215847559,0.8803474272853347,0.6246617825081537,0.730785419220102,3.0,0.8503134863578335,0.9193002690719394,0.883462184226084,1.0000000000000009,0.9974603268839216,0.9987285489068812,3.0,,1.0,1.0,1.0,1.0,1.0,1.0,3.0
5,19,5361,0.0673381831747808,resample_pointwise,0.5,ok,38.0,38.0,0.7435059269209336,0.6257853339684079,0.6795852979935261,0.8493285863921245,0.5802986309470652,0.6895003255811971,3.0,0.838914232421781,0.9150945350516216,0.8753500480753312,1.0,1.0,1.0,3.0,,1.0,1.0,1.0,1.0,1.0,1.0,3.0
5,20,5380,0.070631970260223,resample_pointwise,0.5,ok,38.0,38.0,0.7276297913502087,0.6116870364250819,0.6646399141044546,0.8370732310812187,0.5648147440391958,0.6745065385336385,3.0,0.8352456837814521,0.910317200627017,0.8711671398230849,1.0,0.99746009502222,0.9987284326810284,3.0,,1.0,1.0,1.0,1.0,1.0,1.0,3.0
5,21,5399,0.0739025745508427,resample_pointwise,0.5,ok,38.0,38.0,0.7337533958618634,0.6192988415611153,0.6716852690244393,0.8574629526197285,0.574805842565405,0.6882433194189567,3.0,0.8304054521352852,0.9038059206938708,0.8655523495869482,0.999449022435976,0.992810008060802,0.9961184533053388,3.0,,1.0,1.0,1.0,1.0,1.0,1.0,3.0
5,22,5418,0.0771502399409376,resample_pointwise,0.5,ok,38.0,38.0,0.8330162816174128,0.7511791296406721,0.7899839135437765,0.923325649345236,0.7013604807379049,0.7971805868365157,3.0,0.8263790446499618,0.904641572752315,0.8637411144918391,1.0,1.0,1.0,3.0,,1.0,1.0,1.0,1.0,1.0,1.0,3.0
5,23,5437,0.0803752069155784,resample_pointwise,0.5,ok,38.0,38.0,0.8449645783504616,0.7708714310209918,0.806219257272825,0.9317752153395557,0.7205617089778632,0.8126690527425489,3.0,0.8194004435517169,0.8961565528190084,0.8560614172832662,0.9994490224995668,0.9928101227097528,0.9961185110440878,3.0,,1.0,1.0,1.0,1.0,1.0,1.0,3.0
5,24,5456,0.0835777126099706,resample_pointwise,0.5,ok,38.0,38.0,0.8224220442336706,0.7419560760379827,0.7801196205438995,0.9174817895999494,0.6883180157301296,0.7865479156116275,3.0,0.8148304318805544,0.8917269738746503,0.8515462448452183,1.0000000000000009,0.9914891905903476,0.9957264094377892,3.0,,1.0,1.0,1.0,1.0,1.0,1.0,3.0
5,25,5475,0.0867579908675799,resample_pointwise,0.5,ok,38.0,38.0,0.7733027448288359,0.6819933164167299,0.7247835235513457,0.8908423510654278,0.6309132902494078,0.7386787517588388,3.0,0.8143221032018458,0.8944172886224643,0.8524925112582934,1.0,1.0,1.0,3.0,,1.0,1.0000000000000002,1.0000000000000002,1.0,1.0,1.0,3.0
5,26,5494,0.0899162722970513,resample_pointwise,0.5,ok,38.0,38.0,0.7260367890296333,0.6313981033087036,0.6754183999734586,0.8480086646074895,0.577801171861018,0.6873011921030141,3.0,0.8017109908220516,0.8854155120605454,0.8414868075991222,1.0,0.9953302076254944,0.9976596393135037,3.0,,1.0,1.0,1.0,1.0,1.0,1.0,3.0
5,27,5513,0.0930527843279521,resample_pointwise,0.5,ok,38.0,38.0,0.7647280526423869,0.6806487205158914,0.720242887861393,0.8819999999999989,0.6274969723716273,0.733293726004929,3.0,0.8025424765925367,0.8826628042151471,0.8406980454647381,1.0,0.9933576682208374,0.9966677672125488,3.0,,1.0,1.0,1.0,1.0,1.0,1.0,3.0
5,28,5532,0.0961677512653651,resample_pointwise,0.5,ok,38.0,38.0,0.7390146271017658,0.6559375034228252,0.6950022138921519,0.8728289408483727,0.6102891257563126,0.7183217887226281,3.0,0.8031806534298355,0.8832533040314102,0.8413160358131742,0.9999999999999992,0.9974605565901806,0.9987286640522428,3.0,,1.0,1.0,1.0,1.0,1.0,1.0,3.0
5,29,5551,0.0992613943433615,resample_pointwise,0.5,ok,38.0,38.0,0.7423984324815122,0.6621513389863021,0.6999824799590304,0.8764411013637552,0.6148172435574524,0.7226797474979327,3.0,0.8020778942156626,0.882319896602078,0.8402875954231777,1.0,1.0,1.0,3.0,,1.0,1.0,1.0,1.0,1.0,1.0,3.0
5,30,5570,0.1023339317773788,resample_pointwise,0.5,ok,38.0,38.0,0.7755935800523603,0.6977479415930592,0.7346142303652063,0.9010181481743684,0.6414905936516376,0.7494215767996888,3.0,0.7895851087338874,0.8723925058866864,0.8289258839102064,1.0000000000000002,0.9933573256603,0.9966675947888572,3.0,,1.0,1.0,1.0,1.0,1.0,1.0,3.0
5,31,5589,0.1053855788155305,resample_pointwise,0.5,ok,38.0,38.0,0.704108313915363,0.626429335040268,0.6630013111294282,0.8500230640873314,0.5819597722962738,0.6909010586637057,3.0,0.7825169344500913,0.8690349156092237,0.8235097651559657,1.0000000000000009,0.9953297500818402,0.997659409469554,3.0,,1.0,1.0000000000000002,1.0000000000000002,1.0,1.0,1.0,3.0
5,32,5608,0.108416547788873,resample_pointwise,0.5,ok,38.0,38.0,0.7703082623249332,0.70998130305274,0.738915515760207,0.9087856141450796,0.6726575803716163,0.7730932535634732,3.0,0.7843940682161773,0.8687720676739143,0.8244297311938498,0.9999999999999992,0.9974605565901806,0.9987286640522428,3.0,,1.0,1.0000000000000002,1.0000000000000002,1.0,1.0,1.0,3.0
5,33,5627,0.1114270481606539,resample_pointwise,0.5,ok,38.0,38.0,0.8150743485114036,0.7584855574316823,0.7857624221918855,0.9238094667746368,0.7038841926341128,0.7989892654673322,3.0,0.7816060985369396,0.8620222610275383,0.8198469591657038,1.0000000000000004,0.9897001551846162,0.99482341859976,3.0,,1.0,1.0,1.0,1.0,1.0,1.0,3.0
5,34,5646,0.114417286574566,resample_pointwise,0.5,ok,38.0,38.0,0.7623830820075457,0.6928815732866194,0.7259726777349815,0.890054159992354,0.631361105710437,0.7387142633084676,3.0,0.7778631752406818,0.8626597929319184,0.8180699675664543,1.0,0.9974604420064233,0.9987286066145942,3.0,,1.0,1.0,1.0,1.0,1.0,1.0,3.0
5,35,5665,0.11738746690203,resample_pointwise,0.5,ok,38.0,38.0,0.8235222211227347,0.7736200872571121,0.7977915671264297,0.9342402638701662,0.7219716567317351,0.8145032440615595,3.0,0.7658461846189695,0.8517705439856726,0.8065263047136609,0.9990290494055448,0.9887385269093004,0.993857151528848,3.0,,1.0,1.0,1.0,1.0,1.0,1.0,3.0
5,36,5684,0.1203377902885292,resample_pointwise,0.5,ok,38.0,38.0,0.7814874129288085,0.7261374453932964,0.7527963876407529,0.9106749217039736,0.6754851021546155,0.7756434827053709,3.0,0.7753322617202613,0.8593896891623687,0.8151998583460285,1.0,1.0,1.0,3.0,,1.0,1.0,1.0,1.0,1.0,1.0,3.0
5,37,5703,0.123268455199018,resample_pointwise,0.5,ok,38.0,38.0,0.7818020102151796,0.7235212556609733,0.7515334213344942,0.906541177769994,0.6627491088439095,0.765708375081774,3.0,0.7725730871679674,0.8532298153288644,0.8109007450780584,0.9994490224359766,0.9928102358467884,0.996118567958659,3.0,,1.0,1.0,1.0,1.0,1.0,1.0,3.0
5,38,5722,0.1261796574624257,resample_pointwise,0.5,ok,38.0,38.0,0.784292093199909,0.7331458304777085,0.7578570022984445,0.9191827661764334,0.6847212850596068,0.7848150322657269,3.0,0.7595187375430668,0.8463317434189406,0.8005786652305203,1.0,0.993358009395366,0.9966679389385508,3.0,,1.0,1.0,1.0,1.0,1.0,1.0,3.0
5,39,5741,0.1290715903152761,resample_pointwise,0.5,ok,38.0,38.0,0.7505014085379527,0.694829719175329,0.7215933746063504,0.8918224767803384,0.6413872358579514,0.7461517475960298,3.0,0.7635512428641061,0.8469916697950846,0.8031099787335317,0.9995999999538338,0.9949317324759668,0.9972604030976956,3.0,,1.0,1.0,1.0,1.0,1.0,1.0,3.0
5,40,5760,0.1319444444444444,resample_pointwise,0.5,ok,38.0,38.0,0.8441023109725614,0.807924328393852,0.8256171861123923,0.9460192312871728,0.7573296139445299,0.8412233127939904,3.0,0.757270243907758,0.842728822082429,0.7977172914804347,0.9995999999538338,0.9949317324759668,0.9972604030976956,3.0,,1.0,1.0000000000000002,1.0000000000000002,1.0,1.0,1.0,3.0
5,41,5779,0.1347984080290707,resample_pointwise,0.5,ok,38.0,38.0,0.7392626392535414,0.6869194669130105,0.7121305138650289,0.8886237935814245,0.6363490706577921,0.7416196556284915,3.0,0.7519066284435593,0.8377806299558372,0.7925241968406705,0.9994490224359764,0.992810235846788,0.9961185679586588,3.0,,0.6873417233391399,1.0000000000000002,0.8147036416297881,1.0,1.0,1.0,2.0
5,42,5798,0.1376336667816488,resample_pointwise,0.5,ok,38.0,38.0,0.7611786187559421,0.7118073218798294,0.7356655608742568,0.9014350040268786,0.6563977915738504,0.7596449985666628,3.0,0.7584826671399622,0.8390555350030524,0.7967372288361597,0.9994490224359766,0.9928102358467882,0.9961185679586588,3.0,,1.0,1.0,1.0,1.0,1.0,1.0,3.0
5,43,5817,0.1404504039883101,resample_pointwise,0.5,ok,38.0,38.0,0.7292074254927021,0.6742607041138908,0.700658464251139,0.8733320761278324,0.6076962732489745,0.7166920851920117,3.0,0.7493018809198221,0.8334347210122056,0.7891321946001882,0.9994490224995668,0.992810122709753,0.996118511044088,3.0,,1.0,1.0,1.0,1.0,1.0,1.0,3.0
5,44,5836,0.1432488005483207,resample_pointwise,0.5,ok,38.0,38.0,0.8228418527103949,0.7904543043372347,0.806322982203142,0.942004610578676,0.7457116979878704,0.8324430523085498,3.0,0.7482017634705014,0.8334091569120103,0.7885102370729998,1.0000000000000009,0.9974603268839216,0.9987285489068812,3.0,,1.0,1.0,1.0,1.0,1.0,1.0,3.0
5,45,5855,0.1460290350128095,resample_pointwise,0.5,ok,38.0,38.0,0.796846415565654,0.754703335883458,0.7752025321166759,0.9223504236098377,0.6924556516044269,0.791038346203427,3.0,0.7470982782311819,0.8312852521798414,0.7869466053802611,1.0000000000000009,0.9974603268839216,0.9987285489068812,3.0,,1.0,1.0,1.0,1.0,1.0,1.0,3.0
5,46,5874,0.1487912836227443,resample_pointwise,0.5,ok,38.0,38.0,0.7927774851455031,0.75288169949606,0.7723147072386101,0.918682547244756,0.692234320118721,0.7895424045534166,3.0,0.7443657157634034,0.8284971772056499,0.7841813766163747,1.0,0.9974604420064233,0.9987286066145942,3.0,failed,,,,,,,
5,47,5893,0.1515357203461734,resample_pointwise,0.5,ok,38.0,38.0,0.777123700810995,0.7339551604955156,0.7549228106605178,0.9211256736504168,0.6729444537174704,0.7777153622260444,3.0,0.742105008129182,0.8259260087854187,0.7817751318081069,1.0,0.9974604420064233,0.9987286066145942,3.0,,1.0,1.0,1.0,1.0,1.0,1.0,3.0
5,48,5912,0.1542625169147496,resample_pointwise,0.5,ok,38.0,38.0,0.8141214747059958,0.7812088794334657,0.7973256740555863,0.9332694099132444,0.7248087360809847,0.815934789390342,3.0,0.7422712589379734,0.8236143328916561,0.7808300311908916,0.9999999999999992,0.9953299793443172,0.997659524638016,3.0,,1.0,1.0,1.0,1.0,1.0,1.0,3.0
5,49,5931,0.1569718428595515,resample_pointwise,0.5,ok,38.0,38.0,0.7684812447468164,0.7292785701303112,0.7483668579890386,0.9060894504098056,0.6675155329902792,0.7687174212175133,3.0,0.7368947343900756,0.8204921504097918,0.7764497712757635,0.9999999999999992,0.9974605565901806,0.9987286640522428,3.0,,1.0,1.0,1.0,1.0,1.0,1.0,3.0
5,50,5950,0.1596638655462184,resample_pointwise,0.5,ok,38.0,38.0,0.770565757703037,0.731137904414922,0.7503342337279865,0.9200972073960854,0.6703522216364455,0.7756162451196548,3.0,0.7237839945045846,0.8078533082348553,0.7635114310185188,0.998791631064542,0.985108227900244,0.9919027407290618,3.0,failed,,,,,,,
5,51,5969,0.1623387502094153,resample_pointwise,0.5,ok,38.0,38.0,0.6943308523456142,0.6513151999179998,0.6721354952797449,0.8625706282329697,0.5874679896038577,0.6989229481561046,3.0,0.7343975671546263,0.8164463711190892,0.7732515359727405,1.0000000000000009,0.9974603268839216,0.9987285489068812,3.0,,1.0,1.0,1.0,1.0,1.0,1.0,3.0
5,52,5988,0.1649966599866399,resample_pointwise,0.5,ok,38.0,38.0,0.799267303617352,0.7758940971292195,0.7874072874197694,0.940455498365321,0.7423666517371578,0.8297523293079395,3.0,0.7253823100679936,0.8087694651357036,0.7648096784357564,0.9994490224995666,0.9928101227097528,0.9961185110440876,3.0,,1.0,1.0000000000000002,1.0000000000000002,1.0,1.0,1.0,3.0
5,53,6007,0.16763775595139,resample_pointwise,0.5,ok,38.0,38.0,0.7380654423760497,0.700586111402275,0.7188375765857071,0.9140238166379888,0.6470090669737862,0.7576799989331158,3.0,0.7235555563416618,0.8082807087163224,0.7635750781149364,1.0000000000000009,0.9974603268839216,0.9987285489068812,3.0,,1.0,1.0,1.0,1.0,1.0,1.0,3.0
5,54,6026,0.1702621971457019,resample_pointwise,0.5,ok,38.0,38.0,0.7876910990778967,0.757782679742502,0.7724474915700676,0.923948081619432,0.7008042090416773,0.7970528286147688,3.0,0.7248100837845317,0.8084777485048701,0.7643611490176367,1.0,1.0,1.0,3.0,,1.0,1.0,1.0,1.0,1.0,1.0,3.0
5,55,6045,0.1728701406120761,resample_pointwise,0.5,ok,38.0,38.0,0.7522115359819471,0.7190166271291876,0.7352395978414258,0.9005031319198569,0.6574159102393942,0.7599946725396055,3.0,0.7160956668492399,0.8028750834165448,0.7570065034566458,1.0,1.0,1.0,3.0,,1.0,1.0,1.0,1.0,1.0,1.0,3.0
5,56,6064,0.1754617414248021,resample_pointwise,0.5,ok,38.0,38.0,0.7958048509473935,0.7737275161482098,0.7846109115948131,0.9372900761982512,0.7347529938268049,0.8237547248833716,3.0,0.7197410500006102,0.8030445051502924,0.7591142342781361,1.0,1.0,1.0,3.0,,1.0,1.0,1.0,1.0,1.0,1.0,3.0
5,57,6083,0.178037152720697,resample_pointwise,0.5,ok,38.0,38.0,0.7408931949089382,0.7073099135971582,0.7237121624691741,0.9060234944573944,0.6445405627384821,0.753234141165294,3.0,0.7178978809953459,0.8007237312114747,0.7570521389644461,1.0,1.0,1.0,3.0,failed,,,,,,,
5,58,6102,0.1805965257292691,resample_pointwise,0.5,ok,38.0,38.0,0.752386279593315,0.7227731017245662,0.737282454877305,0.9072246111146824,0.6648865061434361,0.7673775668267113,3.0,0.7106405418325101,0.7957861328084006,0.7508070563561456,1.0,1.0,1.0,3.0,,1.0,1.0,1.0,1.0,1.0,1.0,3.0
5,59,6121,0.1831400098023198,resample_pointwise,0.5,ok,38.0,38.0,0.7550115369303398,0.7308745526880432,0.7427470021877607,0.9177695810188736,0.6902634710956723,0.7879226311014681,3.0,0.7083708697031683,0.7897558959204168,0.7468527813312078,0.9991999999999986,0.9906960001202472,0.9949298287552027,3.0,,1.0,1.0,1.0,1.0,1.0,1.0,3.0
5,60,6140,0.1856677524429967,resample_pointwise,0.5,ok,38.0,38.0,0.7827141875915035,0.7621897001431808,0.7723156070413556,0.9359897938602152,0.7242852525368488,0.8166401171771028,3.0,0.7043995557207039,0.7899074922277546,0.7447070364147508,1.0,1.0,1.0,3.0,,1.0,1.0,1.0,1.0,1.0,1.0,3.0
5,61,6159,0.1881798993343075,resample_pointwise,0.5,ok,38.0,38.0,0.6490668377043011,0.6189235262859327,0.6336368909350787,0.8356175514675068,0.5644809139033947,0.6737956947922792,3.0,0.7056166689324015,0.7873747512292278,0.7442571225274679,0.9999999999999992,0.9953299793443172,0.997659524638016,3.0,,1.0,1.0,1.0,1.0,1.0,1.0,3.0
5,62,6178,0.1906765943671091,resample_pointwise,0.5,ok,38.0,38.0,0.8206010173213573,0.8038749922124633,0.8121518970268448,0.947377189393372,0.7607242814847253,0.8438524806442548,3.0,0.711151758208438,0.7887741648553297,0.747954449671062,1.0000000000000009,0.9953297500818402,0.997659409469554,3.0,,1.0,1.0,1.0,1.0,1.0,1.0,3.0
5,63,6197,0.193157979667581,resample_pointwise,0.5,ok,38.0,38.0,0.7512955736047139,0.7334624958880144,0.7422719403087638,0.9258818957957908,0.7074652798899805,0.8020698897394142,3.0,0.7004905395945583,0.7797333126949871,0.7379908222729045,0.9990290494055448,0.9887385269093004,0.993857151528848,3.0,,0.6422429457698136,1.0000000000000009,0.7821533926196986,1.0,1.0,1.0,2.0
5,64,6216,0.1956241956241956,resample_pointwise,0.5,ok,38.0,38.0,0.7871281303388982,0.769508676031393,0.7782186865496324,0.9348070808895368,0.7288662153607914,0.8190902633060058,3.0,0.7027154378396584,0.7818768957439588,0.7401856424829542,0.9999999999999992,0.9953299793443172,0.997659524638016,3.0,,1.0,1.0,1.0,1.0,1.0,1.0,3.0
5,65,6235,0.198075380914194,resample_pointwise,0.5,ok,38.0,38.0,0.7674079532997155,0.7515145137256086,0.7593780819934174,0.9323877982452656,0.7228676052696323,0.8143672976012901,3.0,0.7005700901646479,0.7785386806404186,0.7374993975541854,0.9994490224995668,0.9928101227097528,0.9961185110440878,3.0,,1.0,1.0,1.0,1.0,1.0,1.0,3.0
5,66,6254,0.200511672529581,resample_pointwise,0.5,ok,38.0,38.0,0.7493757431729698,0.7304214201868544,0.7397771912729166,0.9219015605753614,0.692324664097189,0.7907877824069957,3.0,0.6937097425549824,0.7729197211302711,0.7311757387086241,0.9991999999076684,0.990695999146329,0.9949298282183012,3.0,,1.0,1.0,1.0,1.0,1.0,1.0,3.0
5,67,6273,0.2029332058026462,resample_pointwise,0.5,ok,38.0,38.0,0.7473784512818751,0.7271466952615652,0.7371237747057462,0.9137932032882904,0.678395791759012,0.7786933154004704,3.0,0.6984139640542588,0.7756346062091678,0.7350016151549192,0.9999999999999992,0.9953299793443172,0.997659524638016,3.0,,1.0,1.0,1.0,1.0,1.0,1.0,3.0
5,68,6292,0.2053401144310235,resample_pointwise,0.5,ok,38.0,38.0,0.7355636320662934,0.7134842504363416,0.7243557276611913,0.9170380549384574,0.6581083420380238,0.7662911778610169,3.0,0.69618658769666,0.7731782989570037,0.7326653393192983,1.0000000000000009,0.9953297500818402,0.997659409469554,3.0,,1.0,0.9999999999999998,1.0,1.0,1.0,1.0,3.0
5,69,6311,0.2077325305022975,resample_pointwise,0.5,ok,38.0,38.0,0.7289943118695821,0.709252726498441,0.7189880312662306,0.9062907710503676,0.6621275519775249,0.7652041305624707,3.0,0.6880961352543605,0.7641939630083672,0.7241513429855305,0.9987916306461478,0.9851085601761536,0.9919029089603524,3.0,,1.0,1.0000000000000002,1.0000000000000002,1.0,1.0,1.0,3.0
5,70,6330,0.2101105845181674,resample_pointwise,0.5,ok,38.0,38.0,0.6434545838497671,0.62233636200772,0.6327193066766348,0.8460192632961677,0.5759165412232199,0.6853143248480628,3.0,0.6949548736291709,0.7706870376527195,0.7308643519768642,1.0000000000000009,0.997460670635312,0.9987287212198878,3.0,,1.0,1.0,1.0,1.0,1.0,1.0,3.0
5,71,6349,0.212474405418176,resample_pointwise,0.5,ok,38.0,38.0,0.7635556807913892,0.7487608651165876,0.7560859049793591,0.9339236704838187,0.7133904046055574,0.8088951527000227,3.0,0.685148283066075,0.7628731814983265,0.7219247273492142,1.0000000000000002,0.9933573256602996,0.9966675947888572,3.0,,1.0,1.0,1.0,1.0,1.0,1.0,3.0
5,72,6368,0.214824120603015,resample_pointwise,0.5,ok,38.0,38.0,0.726022705463845,0.7077314913059677,0.7167604226966596,0.901834576747074,0.6565103921721002,0.7598622685774395,3.0,0.6883627646611231,0.7633186108139292,0.7239055596276665,1.0,0.9933576682208376,0.996667767212549,3.0,,0.6292892850688206,1.0000000000000002,0.7724709059781728,1.0,1.0,1.0,2.0
5,73,6387,0.2171598559574135,resample_pointwise,0.5,ok,38.0,38.0,0.6593501685844978,0.641234576860159,0.6501662084471158,0.866773495336192,0.6035884248361213,0.7116267655766818,3.0,0.6762656941429263,0.7557065106757092,0.7137825528885382,1.0000000000000002,0.9933573256603,0.9966675947888572,3.0,,0.6280513149650064,1.0,0.7715374929426052,1.0,1.0,1.0,2.0
5,74,6406,0.2194817358726194,resample_pointwise,0.5,ok,38.0,38.0,0.7395814719438609,0.7288624860745577,0.7341828571014788,0.9362227484943888,0.716644765633315,0.8118486526482742,3.0,0.6883809818322296,0.7621811717088477,0.7234037121872531,1.0,0.9974604420064233,0.9987286066145942,3.0,,1.0,1.0,1.0,1.0,1.0,1.0,3.0
5,75,6425,0.2217898832684824,resample_pointwise,0.5,ok,38.0,38.0,0.7909913614786073,0.6621440944393259,0.7208553842968939,0.9120378644626144,0.6608964640116545,0.7664180109194468,4.0,0.6779047374142935,0.7562019820787875,0.7149159809731468,1.0,1.0,1.0,3.0,,1.0,1.0,1.0,1.0,1.0,1.0,3.0
5,76,6444,0.2240844196151458,resample_pointwise,0.5,ok,38.0,38.0,0.7013513377680796,0.690071170586305,0.695665530404979,0.9128675341769076,0.6797037665693121,0.7792172332480821,3.0,0.6792849264006435,0.7548215901954981,0.7150639403808774,1.0,0.9974604420064233,0.9987286066145942,3.0,,1.0,1.0,1.0,1.0,1.0,1.0,3.0
5,77,6463,0.2263654649543555,resample_pointwise,0.5,ok,38.0,38.0,0.7329115043745582,0.7228041578936489,0.7278227423954395,0.9347420145967996,0.710272522077882,0.8071923419496523,3.0,0.6773080219533497,0.7524895602411734,0.7129221953295418,1.0000000000000009,0.9974603268839216,0.9987285489068812,3.0,,0.6229466195894471,1.0000000000000009,0.767673578502579,1.0,1.0,1.0,2.0
5,78,6482,0.2286331379203949,resample_pointwise,0.5,ok,38.0,38.0,0.553338527067142,0.544199613725973,0.5487310217247378,0.8150430029004532,0.531882016782771,0.6436983645152468,3.0,0.6763081584113744,0.7507437229561059,0.7115846471185112,1.0,0.9974604420064233,0.9987286066145942,3.0,,1.0,1.0,1.0,1.0,1.0,1.0,3.0
5,79,6501,0.2308875557606522,resample_pointwise,0.5,ok,38.0,38.0,0.7810789973079287,0.7768165339964136,0.7789419345187232,0.9528105874079502,0.7755952296832119,0.8551178653505862,3.0,0.672154076950681,0.7464660058136576,0.7073636912499424,0.9995999999538338,0.9949317324759668,0.9972604030976956,3.0,,1.0,1.0,1.0,1.0,1.0,1.0,3.0
5,80,6520,0.2331288343558282,resample_pointwise,0.5,ok,38.0,38.0,0.7535242006230127,0.749165735050833,0.751338647097796,0.944925954844286,0.7538352992750053,0.8386329017517627,3.0,0.6713953687531264,0.745622081317449,0.7065646399932044,1.0000000000000009,0.9974603268839216,0.9987285489068812,3.0,,1.0,1.0,1.0,1.0,1.0,1.0,3.0
5,81,6539,0.235357088239792,resample_pointwise,0.5,ok,38.0,38.0,0.781720534122209,0.7769412561729403,0.7793235678691817,0.9512433334803814,0.7702025017207216,0.8512030761701643,3.0,0.6743430488246754,0.7453951512622171,0.7080911661749042,1.0000000000000009,0.9953297500818402,0.997659409469554,3.0,,1.0,1.0,1.0,1.0,1.0,1.0,3.0
5,82,6558,0.2375724306190912,resample_pointwise,0.5,ok,38.0,38.0,0.7338428417452123,0.7296095023314966,0.7317200491322468,0.9407117352286244,0.7392078822107458,0.8278747653760813,3.0,0.6730671231110146,0.744135931760292,0.7068195754614931,1.0000000000000009,0.9974603268839216,0.9987285489068812,3.0,,1.0,1.0,1.0,1.0,1.0,1.0,3.0
5,83,6577,0.239774973392124,resample_pointwise,0.5,ok,38.0,38.0,0.6884123253056592,0.6858778863003817,0.6871427688217129,0.9300647678120442,0.7165103877315586,0.8094389923920152,3.0,0.672015811138409,0.7431081591475635,0.705776232780798,1.0,1.0,1.0,3.0,,1.0,1.0,1.0,1.0,1.0,1.0,3.0
5,84,6596,0.2419648271679806,resample_pointwise,0.5,ok,38.0,38.0,0.6962512885546105,0.6903941092371477,0.6933103285560606,0.9229558102008032,0.6971675268426379,0.7943281907869758,3.0,0.666184879582816,0.7379934946966387,0.700253068132692,1.0,0.9974604420064233,0.9987286066145942,3.0,,1.0,1.0,1.0,1.0,1.0,1.0,3.0
5,85,6615,0.2441421012849584,resample_pointwise,0.5,ok,38.0,38.0,0.6938170986593348,0.686274781091236,0.6900253301770716,0.912047471042827,0.6783684679846037,0.7780408011238924,3.0,0.6601211390126712,0.7315180291050792,0.6939881050262169,0.9993509775004328,0.9908458061566462,0.99508021826395,3.0,,1.0,1.0,1.0,1.0,1.0,1.0,3.0
5,86,6634,0.2463069038287609,resample_pointwise,0.5,ok,38.0,38.0,0.7145641988916469,0.7081239362370522,0.7113294905878372,0.927309522432116,0.7032405603765557,0.7998793475565966,3.0,0.666756654441459,0.7348338454934873,0.6991419482571128,1.0000000000000002,0.9933576682208376,0.9966677672125492,3.0,,1.0,1.0,1.0,1.0,1.0,1.0,3.0
5,87,6653,0.2484593416503832,resample_pointwise,0.5,ok,38.0,38.0,0.6681648049426249,0.6625759989943609,0.6653586661173658,0.9094538297877852,0.6747370814069469,0.7747074149322023,3.0,0.6615241557983257,0.729427619081735,0.6938184323042191,0.9992780719051126,0.9889852105100206,0.9941049991132735,3.0,,1.0,1.0,1.0,1.0,1.0,1.0,3.0
5,88,6672,0.250599520383693,resample_pointwise,0.5,ok,38.0,38.0,0.745140801955034,0.7464274249632935,0.7457835585402752,0.9542034345052552,0.7801236016337879,0.8584270492314354,3.0,0.6589838581967955,0.7292594802205771,0.6923429237560125,0.9999999999999992,0.9974605565901806,0.9987286640522428,3.0,,1.0,1.0,1.0,1.0,1.0,1.0,3.0
5,89,6691,0.2527275444627111,resample_pointwise,0.5,ok,39.0,39.0,0.6427739292237818,0.637415268767771,0.64008338376215,0.8992183207063981,0.6560168808071549,0.7586021681355551,3.0,0.6588813378482016,0.7287552116865257,0.6920590395242407,1.0,1.0,1.0,3.0,,1.0,0.9999999999999998,1.0,1.0,1.0,1.0,3.0
5,90,6710,0.2548435171385991,resample_pointwise,0.5,ok,38.0,38.0,0.6226467348695321,0.6152373511682128,0.6189198685004936,0.8787036780166133,0.6149254646088732,0.7235226630729663,3.0,0.6554730583779708,0.7239158614311426,0.6879964553670026,1.0,0.993358009395366,0.9966679389385508,3.0,,0.0,1.0,0.0,0.0,1.0,0.0,1.0
5,91,6729,0.256947540496359,resample_pointwise,0.5,ok,38.0,38.0,0.685380840991624,0.6812473210646436,0.6833078298811646,0.925252784663228,0.6950035891464866,0.7937682166887078,3.0,0.6503000797004791,0.720992546996658,0.6838241548846752,1.0,0.9974604420064233,0.9987286066145942,3.0,,1.0,1.0,1.0,1.0,1.0,1.0,3.0
5,92,6748,0.2590397154712507,resample_pointwise,0.5,ok,38.0,38.0,0.4896583178136818,0.4848469455230547,0.4872407542038793,0.8232357292351183,0.5434993754968517,0.6547400490071221,3.0,0.6504848931344934,0.7199327674393058,0.6834491451251374,0.9999999999999992,0.9974605565901806,0.9987286640522428,3.0,failed,,,,,,,
5,93,6767,0.2611201418649327,resample_pointwise,0.5,ok,38.0,38.0,0.7072289877097,0.7063502720417785,0.7067893567600934,0.937158397065597,0.7339949709812853,0.8232273154713031,3.0,0.6541455015810987,0.7201710287517731,0.6855722512671818,0.9995999999538338,0.9949317324759668,0.9972604030976956,3.0,,1.0,1.0,1.0,1.0,1.0,1.0,3.0
5,94,6786,0.2631889183613322,resample_pointwise,0.5,ok,38.0,38.0,0.6666297784195724,0.6614724804358335,0.6640411159960129,0.9134117957737986,0.6556766999196678,0.7633767420568255,3.0,0.6510807859882615,0.7179841477428541,0.682897752651577,1.0,0.9974604420064233,0.9987286066145942,3.0,,1.0,1.0,1.0,1.0,1.0,1.0,3.0
5,95,6805,0.2652461425422483,resample_pointwise,0.5,ok,38.0,38.0,0.598095735172594,0.5969941539378192,0.5975444368606692,0.9032190425702716,0.6560640051297562,0.7600537996641052,3.0,0.6455467633609688,0.713703003529257,0.677916119836308,1.0,0.9974604420064233,0.9987286066145942,3.0,,1.0,1.0,1.0,1.0,1.0,1.0,3.0
5,96,6824,0.2672919109026964,resample_pointwise,0.5,ok,38.0,38.0,0.6627113943243692,0.662943854686559,0.6628276041239132,0.9289168188978324,0.7104755740969922,0.805143067657107,3.0,0.6532152906755326,0.7176959647335318,0.683939206670505,1.0,1.0,1.0,3.0,,1.0,1.0000000000000002,1.0000000000000002,1.0,1.0,1.0,3.0
5,97,6843,0.2693263188659944,resample_pointwise,0.5,ok,38.0,38.0,0.5847971408297998,0.581189626920823,0.5829878031273289,0.8824704086928656,0.6198535790534716,0.7282083567841057,3.0,0.6492768144735244,0.7130857130714403,0.6796869568395046,1.0000000000000009,0.9953297500818402,0.997659409469554,3.0,,1.0,1.0,1.0,1.0,1.0,1.0,3.0
5,98,6862,0.271349460798601,resample_pointwise,0.5,ok,38.0,38.0,0.6647251276848051,0.6651303484037637,0.6649276763068122,0.9275753674582992,0.711910290990786,0.8055580679952992,3.0,0.6527705740806509,0.7146641157357145,0.6823166160371309,1.0,0.9974604420064233,0.9987286066145942,3.0,,1.0,1.0,1.0,1.0,1.0,1.0,3.0
5,99,6881,0.2733614300247057,resample_pointwise,0.5,ok,38.0,38.0,0.6521362025676444,0.6516230258323542,0.6518795132034518,0.9228211532936966,0.6945535066402839,0.7925790899285275,3.0,0.6472036762586968,0.7097430142027109,0.677032179996296,1.0000000000000009,0.9953297500818402,0.997659409469554,3.0,,1.0,1.0,1.0,1.0,1.0,1.0,3.0
5,100,6900,0.2753623188405797,resample_pointwise,0.5,ok,38.0,38.0,0.6272241104178302,0.633887234686742,0.6305380701315343,0.9362132117754416,0.7293843566201098,0.8199570941831603,3.0,0.6451319029760348,0.7086295578813901,0.6753915640227174,1.0,1.0,1.0,3.0,,1.0,1.0,1.0,1.0,1.0,1.0,3.0
20,1,5019,0.0037856146642757,resample_pointwise,0.5,ok,47.0,47.0,0.8361895613121557,0.5966081048651013,0.6963683446155301,0.8570018425033552,0.5944660129325473,0.7019907006288013,3.0,0.8760070290525177,0.6109298216478822,0.7198406815585445,0.9038311528447164,0.6114337861268965,0.7294208287804059,3.0,,1.0,1.0,1.0,1.0,1.0,1.0,3.0
20,2,5038,0.0075426756649464,resample_pointwise,0.5,ok,57.0,57.0,0.775676619386788,0.5383570265251499,0.6355864016987846,0.8079484123359287,0.532947061883392,0.642248021246368,3.0,0.8283913914445269,0.5993905835125147,0.6955263593513544,0.8727158894546475,0.5997829719852538,0.7109548857158506,3.0,,1.0,1.0,1.0,1.0,1.0,1.0,3.0
20,3,5057,0.0112715048447696,resample_pointwise,0.5,ok,64.0,64.0,0.8302374331887401,0.6242838096446075,0.7126795710332735,0.8758058080138035,0.6180209303715248,0.7246708154099968,3.0,0.8060918755669946,0.5973717797266339,0.6862116258078521,0.8683371088582044,0.6000486670193003,0.7096834268670075,3.0,,0.9938651204595854,0.9968797435152482,0.9953701494367164,1.0,1.0,1.0,3.0
20,4,5076,0.0149724192277383,resample_pointwise,0.5,ok,49.0,49.0,0.7364440424360504,0.5233368397944208,0.6118656082024941,0.7870109727407746,0.5129863861952251,0.6211180538592996,3.0,0.80911991970036,0.6325653661897772,0.7100318541167443,0.8844724921404276,0.6368658602439056,0.7405194691716828,3.0,,1.0,1.0,1.0,1.0,1.0,1.0,3.0
20,5,5095,0.0186457311089303,resample_pointwise,0.5,ok,64.0,64.0,0.8274476504164913,0.6570476567571976,0.7324678456956464,0.8930027049545842,0.6496717782711853,0.7521465631760469,3.0,0.787141960555669,0.6253060000599598,0.6969525314332827,0.8758002290813582,0.6314569920422208,0.7338232261025072,3.0,,1.0,1.0,1.0,1.0,1.0,1.0,3.0
20,6,5114,0.0222917481423543,resample_pointwise,0.5,ok,45.0,45.0,0.8240810243689001,0.6500356717427027,0.7267837935206413,0.8854304539363542,0.6328868252935432,0.7381556894277431,3.0,0.7902615059393372,0.6089047732811056,0.6878296171844256,0.8948730528343162,0.6149674015421097,0.7289747130783555,3.0,,1.0,1.0,1.0,1.0,1.0,1.0,3.0
20,7,5133,0.0259107734268459,resample_pointwise,0.5,ok,61.0,61.0,0.7196385853378378,0.5311879893204421,0.611217223758531,0.7929813418876891,0.5145189350454747,0.6240976353687478,3.0,0.7674662923887678,0.6267080992027368,0.6899816037448259,0.8823226766978165,0.6380170323993332,0.7405409362617726,3.0,,1.0,1.0,1.0,1.0,1.0,1.0,3.0
20,8,5152,0.0295031055900621,resample_pointwise,0.5,ok,62.0,62.0,0.72560553486406,0.5922250611161903,0.6521654354389477,0.7869533399761248,0.5717844495186011,0.6623318873944068,3.0,0.7696106252211206,0.605758779380488,0.6779246235555747,0.90160300688161,0.6163033952670998,0.7321413145600848,3.0,,1.0,1.0,1.0,1.0,1.0,1.0,3.0
20,9,5171,0.0330690388706246,resample_pointwise,0.5,ok,65.0,65.0,0.6492807617299043,0.7730071029668434,0.7057623890279774,0.7610797038866784,0.7663976134792595,0.7637294015365246,2.0,0.7389941087125812,0.5921089574818932,0.6574472592059057,0.877151654448458,0.6051861801525531,0.7162200772039748,3.0,,1.0,1.0,1.0,1.0,1.0,1.0,3.0
20,10,5190,0.0366088631984585,resample_pointwise,0.5,ok,52.0,52.0,0.8337714159963574,0.6943250471936298,0.7576856457764016,0.908005018132948,0.6669744682795143,0.7690464153839175,4.0,0.7461106239701972,0.6156581323789786,0.6746359411756436,0.8868626617813046,0.6272907128721975,0.7348274232203685,3.0,,0.8395849667463847,0.9999999999999996,0.912798247347424,1.0,1.0,1.0,2.0
20,11,5209,0.040122864273373,resample_pointwise,0.5,ok,58.0,58.0,0.7581573268290832,0.6151096036011495,0.6791831106382809,0.8647406411743639,0.6017932008637423,0.7096938692475988,3.0,0.7274870085610101,0.6282093924595937,0.6742131517444572,0.8805032956401051,0.6484290221746745,0.7468530612650152,3.0,,1.0,1.0,1.0,1.0,1.0,1.0,3.0
20,12,5228,0.043611323641928,resample_pointwise,0.5,ok,53.0,53.0,0.7563301094443537,0.614302102098052,0.6779574742211457,0.8587079661031651,0.5936552602668674,0.7019958807196158,3.0,0.7261614881141751,0.6151318715365287,0.66605127358231,0.8834515394006818,0.6312594166201837,0.7363610874503972,3.0,,1.0,1.0,1.0,1.0,1.0,1.0,3.0
20,13,5247,0.0470745187726319,resample_pointwise,0.5,ok,51.0,51.0,0.7757322602968801,0.636492299430945,0.6992480150526266,0.8660716921869911,0.6029410374923434,0.7109402853765071,3.0,0.7149260870627553,0.6142187046965443,0.660757169379898,0.8812267912704134,0.6342664260233674,0.7376246373615739,3.0,,1.0,1.0,1.0,1.0,1.0,1.0,3.0
20,14,5266,0.05051272312951,resample_pointwise,0.5,ok,59.0,59.0,0.7822037339800442,0.6686197764658308,0.7209655509425058,0.894907151698588,0.6510412076385477,0.753739837747278,3.0,0.7116520372077411,0.6288948701382692,0.6677189930033209,0.880919634332034,0.651594494581562,0.7490989780387449,3.0,,1.0,1.0000000000000002,1.0000000000000002,1.0,1.0,1.0,3.0
20,15,5285,0.053926206244087,resample_pointwise,0.5,ok,48.0,48.0,0.8619186291984046,0.7704159227536844,0.8136026224015993,0.9376867574650842,0.7344272297179885,0.8237030404709202,3.0,0.7082229838372764,0.6095083479212047,0.6551681825193213,0.9029348860357126,0.6361198516061403,0.7463994511268709,3.0,,1.0,1.0,1.0,1.0,1.0,1.0,3.0
20,16,5304,0.057315233785822,resample_pointwise,0.5,ok,64.0,64.0,0.7725446273628349,0.6488422556308693,0.705310573202794,0.872593349352188,0.6111934627307604,0.7188678945025985,3.0,0.694288496601875,0.6086368297077075,0.6486473797714646,0.8739285871382566,0.6304032853856861,0.7324546698596381,3.0,,1.0,1.0,1.0,1.0,1.0,1.0,3.0
20,17,5323,0.0606800676310351,resample_pointwise,0.5,ok,56.0,56.0,0.763427453432669,0.6401366643172147,0.6963670520047605,0.8649019425831169,0.5985833183758682,0.7075108833305102,3.0,0.6954561570929615,0.6236689473977757,0.6576092108002408,0.8852846456935134,0.6510207026697926,0.7502917733329101,3.0,,1.0,1.0,1.0,1.0,1.0,1.0,3.0
20,18,5342,0.0640209659303631,resample_pointwise,0.5,ok,60.0,60.0,0.7459088550608374,0.6122615591467704,0.6725095964446794,0.852509618335522,0.5704110006199855,0.6834968275178704,4.0,0.6845553815411243,0.6095918345376636,0.6449024742960602,0.8807472313123776,0.6365496815037583,0.7389975750186588,3.0,,0.7794360445075466,1.0,0.876048393999182,1.0,1.0,1.0,2.0
20,19,5361,0.0673381831747808,resample_pointwise,0.5,ok,55.0,55.0,0.795488128206065,0.6796305906689805,0.7330095666539312,0.8975247030783151,0.6374475321513896,0.7454531018752447,4.0,0.6865723625133666,0.6251789387130562,0.6544389634597851,0.8860465246222715,0.655809112283803,0.7537377311415289,3.0,,1.0,1.0,1.0,1.0,1.0,1.0,3.0
20,20,5380,0.070631970260223,resample_pointwise,0.5,ok,48.0,48.0,0.7502836524357652,0.6435743311309388,0.6928443291464171,0.8719818242563807,0.6087355229213057,0.7169583212870743,3.0,0.6708328237333309,0.6034970634154191,0.6353859283196452,0.897346860188757,0.6411768166339931,0.7479351951482796,3.0,,1.0,1.0,1.0,1.0,1.0,1.0,3.0
20,21,5399,0.0739025745508427,resample_pointwise,0.5,ok,52.0,52.0,0.8946544512019232,0.8359533446381457,0.864308345975771,0.9623719301684284,0.7977179829431704,0.8723433834330576,4.0,0.6573570616593795,0.5895064313176752,0.6215856309900398,0.8782610201247143,0.6231975143845129,0.7290645357734521,3.0,,1.0,1.0,1.0,1.0,1.0,1.0,3.0
20,22,5418,0.0771502399409376,resample_pointwise,0.5,ok,44.0,44.0,0.8013396965257258,0.7192117306448325,0.7580577672997384,0.9168303318784208,0.6851688577066176,0.7842495742668052,3.0,0.6735780449126504,0.6260038399572431,0.648920160453646,0.8885408302213383,0.6625631898757373,0.7590908658330229,3.0,,1.0,1.0000000000000002,1.0000000000000002,1.0,1.0,1.0,3.0
20,23,5437,0.0803752069155784,resample_pointwise,0.5,ok,65.0,65.0,0.8152635961732502,0.7284230158278283,0.7694006837946779,0.9221084468313552,0.6875431929024418,0.7877348987655368,4.0,0.6540997068309601,0.602302241933898,0.627133251838541,0.8772332466426693,0.6399817571244252,0.740057636129891,3.0,,1.0,1.0,1.0,1.0,1.0,1.0,3.0
20,24,5456,0.0835777126099706,resample_pointwise,0.5,ok,67.0,67.0,0.9058444822590792,0.8717534099360333,0.8884720439288382,0.976627217434634,0.8486281588763943,0.9081396150879228,4.0,0.6551037773172002,0.6054948716745977,0.6293231837071455,0.8812337554881837,0.6426439180839437,0.743261120227902,3.0,,1.0,1.0,1.0,1.0,1.0,1.0,3.0
20,25,5475,0.0867579908675799,resample_pointwise,0.5,ok,58.0,58.0,0.7786167698572324,0.6832105548823189,0.7278003172770298,0.8906729203335145,0.631394529238622,0.7389501817382048,4.0,0.6630046599894295,0.6165597048805197,0.6389392651444139,0.8938442816706564,0.6555782591988525,0.7563913170433846,3.0,,0.742912905319397,0.9999999999999992,0.8524957306266024,1.0,1.0,1.0,2.0
20,26,5494,0.0899162722970513,resample_pointwise,0.5,ok,55.0,55.0,0.8955429847990805,0.8616894129998376,0.8782900996524267,0.9703172651119636,0.8339037279288611,0.896953519299057,3.0,0.6449327552277453,0.6036937064986614,0.6236322188903639,0.8774187917134014,0.644611752728037,0.7432104004331351,3.0,,1.0,1.0,1.0,1.0,1.0,1.0,3.0
20,27,5513,0.0930527843279521,resample_pointwise,0.5,ok,64.0,64.0,0.519238956703873,0.7245645248044084,0.6049542930493454,0.7122545797707558,0.7206884434455728,0.7164466920391609,2.0,0.6421577337493456,0.5976642073651199,0.6191126003137104,0.8821081098583404,0.639167414609314,0.7412395071318353,3.0,,0.734262115275495,1.0,0.8467717870419539,1.0,1.0,1.0,2.0
20,28,5532,0.0961677512653651,resample_pointwise,0.5,ok,76.0,76.0,0.551753594521181,0.7681028079883436,0.6421963547906838,0.7652222893000298,0.7703945335249183,0.7677997008702593,2.0,0.6342498853792755,0.5950604199212033,0.614030487666847,0.8808857094180113,0.6401573272556434,0.7414720395971457,3.0,,1.0,1.0,1.0,1.0,1.0,1.0,3.0
20,29,5551,0.0992613943433615,resample_pointwise,0.5,ok,56.0,56.0,0.7673577201146289,0.7008992184273803,0.7326243958589969,0.9079072895088872,0.6689511469091668,0.7703235859064074,3.0,0.6336993379228922,0.5949203998844729,0.6136978788838611,0.8818199928913875,0.6401874916882657,0.7418230660352017,3.0,,0.7261147636348119,1.0000000000000009,0.8413284897764001,1.0,1.0,1.0,2.0
20,30,5570,0.1023339317773788,resample_pointwise,0.5,ok,48.0,48.0,0.6578163709539592,0.9102632086432992,0.7637189442597453,0.9467177478412254,0.9468592733755452,0.9467885053195916,2.0,0.6430380708363945,0.6165861367159793,0.6295343602974114,0.8903860143324708,0.6651712500314848,0.7614752497154095,3.0,,0.722246993685129,1.0,0.8387263805172585,1.0,1.0,1.0,2.0
20,31,5589,0.1053855788155305,resample_pointwise,0.5,ok,55.0,55.0,0.7548937392028439,0.7054539495440565,0.72933695709642,0.919880968111532,0.6954693767099552,0.7920870485969732,3.0,0.6292635405721689,0.5981064135018826,0.6132895108762111,0.8821753972326648,0.6462980474284956,0.7460361692411634,3.0,,1.0,1.0,1.0,1.0,1.0,1.0,3.0
20,32,5608,0.108416547788873,resample_pointwise,0.5,ok,68.0,68.0,0.6431294326547936,0.9012438797282012,0.7506170436976083,0.9200872085103594,0.9204446106416712,0.9202658748750984,2.0,0.6143156877189901,0.5821242485882603,0.5977868963704708,0.8662056333828443,0.6289492989050333,0.7287531399706936,3.0,,1.0,1.0,1.0,1.0,1.0,1.0,3.0
20,33,5627,0.1114270481606539,resample_pointwise,0.5,ok,57.0,57.0,0.8448493534835112,0.8587649221446968,0.8517503048050319,0.9877625804244472,0.9069039452303698,0.9456078618671552,3.0,0.6238618534956958,0.5982381113822864,0.6107813562305123,0.8826450399589479,0.6498692515159875,0.7485788219571743,3.0,,1.0,1.0,1.0,1.0,1.0,1.0,3.0
20,34,5646,0.114417286574566,resample_pointwise,0.5,ok,56.0,56.0,0.0,1.0,0.0,0.0,1.0,0.0,1.0,0.6232783104133297,0.60298588121106,0.6129641945207188,0.8910370334367492,0.6604060253065642,0.7585792109309688,3.0,,1.0,1.0,1.0,1.0,1.0,1.0,3.0
20,35,5665,0.11738746690203,resample_pointwise,0.5,ok,79.0,79.0,0.8923384453791587,0.8893816393977764,0.8908575889442687,0.9856320747436216,0.9006801751516885,0.941243179398826,3.0,0.6198374608882076,0.5955399546212837,0.6074458330710228,0.8818864971292595,0.6475527267958998,0.7467678309896422,3.0,,1.0,1.0,1.0,1.0,1.0,1.0,3.0
20,36,5684,0.1203377902885292,resample_pointwise,0.5,ok,77.0,77.0,0.7615077283667104,0.729210155727019,0.7450090659202191,0.9404420433355308,0.7322199159016768,0.8233706638436065,3.0,0.6069810214691256,0.583173303369228,0.5948390389131344,0.8880800150677545,0.6405343693344463,0.7442632729017654,3.0,,1.0,1.0,1.0,1.0,1.0,1.0,3.0
20,37,5703,0.123268455199018,resample_pointwise,0.5,ok,72.0,72.0,0.8315175136521982,0.8477095535844008,0.8395354672977043,0.9877253640107636,0.9026200881944888,0.9432569630437329,3.0,0.6045824077648646,0.5884490676495004,0.5964066522938293,0.893529086135268,0.6544281331238161,0.7555125741927398,3.0,,0.698787089912872,1.0000000000000009,0.8226894283128934,1.0,1.0,1.0,2.0
20,38,5722,0.1261796574624257,resample_pointwise,0.5,ok,54.0,54.0,0.7336402115515577,0.741551182402266,0.737574484997213,0.8309287101669831,0.7514903706325802,0.7892156154450868,4.0,0.6127098812144866,0.597455766115584,0.6049866847488613,0.8903145708171007,0.659009704837451,0.7573959199455286,3.0,,1.0,1.0,1.0,1.0,1.0,1.0,3.0
20,39,5741,0.1290715903152761,resample_pointwise,0.5,ok,69.0,69.0,0.6293872287403415,0.9039877739194456,0.7420994327615841,0.9735164911610266,0.9735417727426954,0.9735291317877266,2.0,0.6046352489956052,0.5944888915465008,0.5995191437024,0.8836623897699339,0.6592910419438167,0.7551630343514675,3.0,,1.0,1.0,1.0,1.0,1.0,1.0,3.0
20,40,5760,0.1319444444444444,resample_pointwise,0.5,ok,78.0,78.0,0.7998033121775188,0.8459619373579913,0.8222353214299454,0.99458693565773,0.9523544120312496,0.9730126256208034,3.0,0.6040606939819082,0.5953422361536013,0.5996697778403043,0.8849151588319442,0.6611965858086168,0.7568701082288146,3.0,,0.6901058747259047,1.0000000000000009,0.8166421820619063,1.0,1.0,1.0,2.0
20,41,5779,0.1347984080290707,resample_pointwise,0.5,ok,57.0,57.0,0.62073397853514,0.8994095362503997,0.7345280946686398,0.962223346135858,0.962271880474068,0.9622476126929632,2.0,0.5982485770824024,0.5884835489922897,0.5933258872590447,0.892261976500246,0.6586476359239924,0.7578600799670578,3.0,,1.0,1.0,1.0,1.0,1.0,1.0,3.0
20,42,5798,0.1376336667816488,resample_pointwise,0.5,ok,76.0,76.0,0.626770272748957,0.8864944676763641,0.7343439180903538,0.9582172379384316,0.9262618527899916,0.9419686093148256,4.0,0.5860931010651053,0.5761417722977448,0.5810748338708805,0.8797488368611024,0.6456011715511321,0.7447036766853017,3.0,,1.0,1.0,1.0,1.0,1.0,1.0,3.0
20,43,5817,0.1404504039883101,resample_pointwise,0.5,ok,71.0,71.0,0.8460238639033562,0.8473317016614383,0.8466772777379646,0.980122582188168,0.8732742967683831,0.9236185389381452,3.0,0.5841047394343692,0.5768023650498858,0.5804305854296044,0.8787200973583565,0.6481793978252093,0.7460455195109937,3.0,,1.0,1.0,1.0,1.0,1.0,1.0,3.0
20,44,5836,0.1432488005483207,resample_pointwise,0.5,ok,82.0,82.0,0.5134629152924942,0.7318091324506615,0.6034935920496782,0.8182496943032818,0.7883781674864447,0.8030362349406256,3.0,0.5832052595656712,0.5757957353715073,0.5794768128259428,0.8817299042471662,0.6479241754142808,0.746958582000318,3.0,,1.0,1.0000000000000002,1.0000000000000002,1.0,1.0,1.0,3.0
20,45,5855,0.1460290350128095,resample_pointwise,0.5,ok,65.0,65.0,0.7879733466678132,0.8236570936954225,0.8054201762031598,0.943979395441894,0.8997051197504945,0.9213106559387942,3.0,0.5809476523336853,0.573371461298839,0.5771346942501316,0.8855884943618291,0.6476059246865453,0.7481273720509971,3.0,,1.0,1.0,1.0,1.0,1.0,1.0,3.0
20,46,5874,0.1487912836227443,resample_pointwise,0.5,ok,61.0,61.0,0.4148259923961868,0.6233426604879713,0.4981439904228258,0.6907173717351613,0.7008886916582876,0.6957658603478419,2.0,0.5821540955277763,0.5753371374172468,0.5787255424898505,0.8870126896471676,0.650009263104794,0.7502384253261226,3.0,,1.0,1.0,1.0,1.0,1.0,1.0,3.0
20,47,5893,0.1515357203461734,resample_pointwise,0.5,ok,70.0,70.0,0.6017048389585316,0.8771009553841471,0.7137595634650283,0.9844322708257498,0.9725963071300938,0.9784784974626156,3.0,0.5728076008170341,0.5712782033412274,0.5720418798408378,0.8852750212651869,0.6525864731205504,0.7513270941215999,3.0,,0.6725078449457437,0.9999999999999996,0.8041909602732653,1.0,1.0,1.0,2.0
20,48,5912,0.1542625169147496,resample_pointwise,0.5,ok,72.0,72.0,0.6660792275370515,0.6605243424526541,0.6632901550139757,0.9358364092253628,0.7225922300742359,0.8155046311940324,4.0,0.5740069173858248,0.5681780327021239,0.5710776018412355,0.8804299670948145,0.6435384074132572,0.7435725154677117,3.0,,1.0,1.0,1.0,1.0,1.0,1.0,3.0
20,49,5931,0.1569718428595515,resample_pointwise,0.5,ok,59.0,59.0,0.5400897222857124,0.8100817576472247,0.6480907618314421,0.8629949297610874,0.8643377563488956,0.8636658210990129,2.0,0.5728015185666999,0.5696759724633943,0.5712344701404682,0.8906549368401094,0.6503352457997956,0.751755986245716,3.0,,0.6681107554501836,1.0000000000000004,0.8010388438145121,1.0,1.0,1.0,2.0
20,50,5950,0.1596638655462184,resample_pointwise,0.5,ok,59.0,59.0,0.5884280256577277,0.8645110283268989,0.7002393062016372,0.9663637863416442,0.9515754370100378,0.9589125985877068,3.0,0.566638062761609,0.5654251918004373,0.5660309775576254,0.8909853915811583,0.6489333451075581,0.7509358991812898,3.0,,0.6659157929703325,1.0,0.7994591272623723,1.0,1.0,1.0,2.0
20,51,5969,0.1623387502094153,resample_pointwise,0.5,ok,72.0,72.0,0.7234238329992121,0.7167802809879761,0.7200867338935912,0.9649020823805604,0.789606548140982,0.8684972981136954,4.0,0.5703056557528471,0.5739784956138069,0.5721361812764927,0.8886009887505145,0.6608715994335519,0.7580013498425656,3.0,,1.0,1.0,1.0,1.0,1.0,1.0,3.0
20,52,5988,0.1649966599866399,resample_pointwise,0.5,ok,59.0,59.0,0.7190046388827626,0.7563174468950871,0.7371891982472748,0.8572308815844641,0.8242089722958238,0.8403956672021132,3.0,0.5613805889263106,0.5631365918277855,0.5622572193236561,0.8802858415312718,0.6486873452369106,0.7469461080603478,3.0,,0.6618390259701812,0.9999999999999996,0.7965140012087509,1.0,1.0,1.0,2.0
20,53,6007,0.16763775595139,resample_pointwise,0.5,ok,67.0,67.0,0.5604981422905698,0.8226074403492905,0.66671691292021,0.9394931277118136,0.9148732152062704,0.9270197355516508,4.0,0.566595509366755,0.568635374637937,0.5676136093133383,0.8863695403160294,0.6547001696446246,0.7531213995861986,3.0,,0.6599022063385351,0.9999999999999992,0.7951097405842579,1.0,1.0,1.0,2.0
20,54,6026,0.1702621971457019,resample_pointwise,0.5,ok,59.0,59.0,0.7654080843798563,0.8235753661785906,0.7934270720662954,0.9990331065171788,0.979070570710901,0.9889511101132024,3.0,0.5662998872486936,0.5699378435237589,0.5681130414615752,0.8998131831951776,0.6611859224995215,0.7622602824533505,3.0,,0.657847099631221,1.0,0.7936161299525819,1.0,1.0,1.0,2.0
20,55,6045,0.1728701406120761,resample_pointwise,0.5,ok,58.0,58.0,0.3190846425945927,0.5246697927240669,0.3968312729006535,0.5305756702745368,0.559385122386184,0.544599655786039,2.0,0.5657538399186489,0.5710933798160537,0.5684110705015416,0.8974050987352423,0.664667903523983,0.7636984503610306,3.0,,1.0,1.0,1.0,1.0,1.0,1.0,3.0
20,56,6064,0.1754617414248021,resample_pointwise,0.5,ok,66.0,66.0,0.7171650589030284,0.7691223912829321,0.7422355681992052,0.9502174375862122,0.9033636144071204,0.9261983531472144,3.0,0.5618259112656057,0.5683645378576743,0.5650763102106366,0.8876692564726363,0.6606484005640139,0.7575154515009358,3.0,,0.6541454603142693,0.9999999999999996,0.7909164895208053,1.0,1.0,1.0,2.0
20,57,6083,0.178037152720697,resample_pointwise,0.5,ok,67.0,67.0,0.7527867110000697,0.7669460531369079,0.7598004208105363,0.9950412019237826,0.8847579159759967,0.93666453158882,4.0,0.5582132733026357,0.5653321653170494,0.5617501663174265,0.8922842433562409,0.6604619544327156,0.7590677679529928,3.0,,1.0,1.0000000000000002,1.0000000000000002,1.0,1.0,1.0,3.0
20,58,6102,0.1805965257292691,resample_pointwise,0.5,ok,87.0,87.0,0.5691625303740765,0.861973247390961,0.6856133180681979,0.9895906543557664,0.9895923675727422,0.9895915109635128,2.0,0.546792119885529,0.5506633734863654,0.5487209187988336,0.875090008977509,0.6414919669101664,0.740300517885087,3.0,,0.0,1.0,0.0,0.0,1.0,0.0,1.0
20,59,6121,0.1831400098023198,resample_pointwise,0.5,ok,72.0,72.0,0.4081423910071668,0.631640264647443,0.4958712601477391,0.7254867015217996,0.7331716037118878,0.7293089087662246,2.0,0.5556225010976596,0.5607118299031764,0.5581555644652392,0.8904972420797264,0.6546129657958528,0.7545494654032835,3.0,,0.0,1.0,0.0,0.0,1.0,0.0,1.0
20,60,6140,0.1856677524429967,resample_pointwise,0.5,ok,87.0,87.0,0.5553207477306962,0.828709939560902,0.6650139010853618,0.9914193734087704,0.973111300520698,0.982180027649557,3.0,0.5543826839699788,0.5616676711267393,0.5580014012744517,0.8852588859212348,0.6555015859395471,0.7532495988654608,3.0,,0.6471223223546465,0.9999999999999996,0.7857610980944651,1.0,1.0,1.0,2.0
20,61,6159,0.1881798993343075,resample_pointwise,0.5,ok,73.0,73.0,0.5427766554221577,0.8232695959064255,0.6542260444582225,0.984428578998812,0.9844340327210056,0.9844313058523554,2.0,0.5424906502453105,0.548951086940641,0.5457017483592187,0.8794322562140093,0.6458133465484406,0.7447313238203389,3.0,,1.0,1.0,1.0,1.0,1.0,1.0,3.0
20,62,6178,0.1906765943671091,resample_pointwise,0.5,ok,66.0,66.0,0.6785195945947314,0.7527201324792377,0.7136964541604136,0.9912122316576624,0.9422923553919887,0.9661334291296032,3.0,0.5499568065620309,0.5556407158161715,0.5527841506171004,0.8828243112369177,0.650124554357174,0.748812664010353,3.0,,0.6438348529694766,1.0000000000000009,0.7833327682600629,1.0,1.0,1.0,2.0
20,63,6197,0.193157979667581,resample_pointwise,0.5,ok,94.0,94.0,0.5456669003511229,0.8361230199777062,0.6603676143691668,0.9677457964130992,0.967786119641683,0.9677659576073612,2.0,0.5426579554768334,0.5501953352256734,0.5464006527985652,0.8777242321300127,0.6476579409905387,0.745341172797225,3.0,,0.6422429457698136,1.0000000000000009,0.7821533926196986,1.0,1.0,1.0,2.0
20,64,6216,0.1956241956241956,resample_pointwise,0.5,ok,59.0,59.0,0.5488350499192739,0.8409956857397831,0.6642073704694874,0.984428578998812,0.9844340327210056,0.9844313058523554,2.0,0.5497482870301024,0.5603363362983447,0.554991816960959,0.8958768229430588,0.665586201345043,0.7637494352164913,3.0,,0.6406234965069179,1.0,0.7809512637980393,1.0,1.0,1.0,2.0
20,65,6235,0.198075380914194,resample_pointwise,0.5,ok,73.0,73.0,0.54050130493772,0.8258482546351107,0.6533790071266499,0.997453860815804,0.9974539759375596,0.9974539183766784,2.0,0.5290980888131155,0.5420351435903022,0.5354884898859319,0.875747253732825,0.6499547146506621,0.7461431763230854,3.0,,0.6391573716940678,0.9999999999999996,0.7798609001568886,1.0,1.0,1.0,2.0
20,66,6254,0.200511672529581,resample_pointwise,0.5,ok,99.0,99.0,0.6993593263116326,0.7757202791893828,0.7355633009052336,1.0000000000000009,0.9897001551846164,0.9948234185997604,3.0,0.5336705769636797,0.5437880605628767,0.5386818164876386,0.8763934356044527,0.647550519673718,0.7447898890228007,3.0,,0.0,1.0,0.0,0.0,1.0,0.0,1.0
20,67,6273,0.2029332058026462,resample_pointwise,0.5,ok,86.0,86.0,0.3435151958407827,0.5623793154179797,0.4265084693010805,0.6089006876465914,0.6273454941134243,0.6179854925235403,2.0,0.5392692289111177,0.551446584585058,0.545289929375167,0.8872763570232471,0.6596705226910755,0.7567293562362646,3.0,,0.6361340071149771,1.0,0.7776062405018804,1.0,1.0,1.0,2.0
20,68,6292,0.2053401144310235,resample_pointwise,0.5,ok,76.0,76.0,0.5230459442389924,0.8004119131582997,0.632664202427029,0.995307606262148,0.9953080657585204,0.9953078360102812,2.0,0.5326760714601169,0.540855946984588,0.5367348455670323,0.8793633547178094,0.6428518231823294,0.74273380534793,3.0,,0.0,1.0,0.0,0.0,1.0,0.0,1.0
20,69,6311,0.2077325305022975,resample_pointwise,0.5,ok,114.0,114.0,0.685649260178014,0.7144296343238267,0.6997436389435363,0.9999999999999992,0.8808512260731715,0.9366516754354958,4.0,0.5290743144455632,0.5389911426199967,0.5339866903988854,0.882201195672884,0.6472121055280033,0.7466540181158954,3.0,,0.6333516703974299,1.0000000000000002,0.7755239509974257,1.0,1.0,1.0,2.0
20,70,6330,0.2101105845181674,resample_pointwise,0.5,ok,85.0,85.0,0.5227808321225583,0.8041334142788665,0.6336287919047371,0.9933122138855784,0.993313245680454,0.9933127297827482,2.0,0.5250117281786288,0.5372063621354933,0.5310390458326766,0.8860148308836668,0.6514219512785633,0.7508204782043281,3.0,,1.0,1.0,1.0,1.0,1.0,1.0,3.0
20,71,6349,0.212474405418176,resample_pointwise,0.5,ok,66.0,66.0,0.5338443294160508,0.823789216113796,0.6478555323039126,0.9914147512308684,0.9867875455662344,0.9890957366587364,3.0,0.5331334366603868,0.5416451863991485,0.5373556069686325,0.8911382948436667,0.650402853612095,0.7519732969956078,3.0,,0.6306172424145763,0.9999999999999992,0.7734705926214471,1.0,1.0,1.0,2.0
20,72,6368,0.214824120603015,resample_pointwise,0.5,ok,79.0,79.0,0.5165880739218783,0.7959608222097251,0.6265425528518656,0.995307606262148,0.9953080657585204,0.9953078360102812,2.0,0.5397632730339251,0.5561296365586219,0.5478242449285584,0.9012146382594364,0.6765435324699922,0.7728826206614717,3.0,,1.0,1.0,1.0,1.0,1.0,1.0,3.0
20,73,6387,0.2171598559574135,resample_pointwise,0.5,ok,89.0,89.0,0.5256542429249451,0.7930385604235277,0.6322383545753816,0.986737118760738,0.9585766271152816,0.972453046359548,3.0,0.5341028393354452,0.5465054641945829,0.5402329765283932,0.8875398098329941,0.6587933636626258,0.7562475496565704,3.0,,0.6279864985216002,1.0000000000000002,0.7714885830956024,1.0,1.0,1.0,2.0
20,74,6406,0.2194817358726194,resample_pointwise,0.5,ok,74.0,74.0,0.4476506583890603,0.685895204659468,0.5417362454589372,0.8519299920737778,0.845788713248338,0.848848245018345,3.0,0.5196193604893061,0.5299855019524126,0.5247512420101962,0.8820525437562148,0.6439566610169642,0.7444301241986256,3.0,,1.0,1.0,1.0,1.0,1.0,1.0,3.0
20,75,6425,0.2217898832684824,resample_pointwise,0.5,ok,79.0,79.0,0.6989565127509011,0.7677803811589894,0.7317537317042682,0.9974537451524664,0.971747408681012,0.9844327891482076,3.0,0.5207760837003356,0.533167372170101,0.5268988853035355,0.8763939431789364,0.6466176979733884,0.7441726888278017,3.0,,1.0,1.0,1.0,1.0,1.0,1.0,3.0
20,76,6444,0.2240844196151458,resample_pointwise,0.5,ok,72.0,72.0,0.4156551050253521,0.6518519209750503,0.5076230358670443,0.8080098550562991,0.8111477780655874,0.809575775917892,2.0,0.5278050466560439,0.5434157678708459,0.5354966610527936,0.8887239447289019,0.6642765891140742,0.760281143249383,3.0,,1.0,1.0,1.0,1.0,1.0,1.0,3.0
20,77,6463,0.2263654649543555,resample_pointwise,0.5,ok,92.0,92.0,0.5005867242246188,0.774363980526154,0.6080804958571304,0.995307606262148,0.9953080657585204,0.9953078360102812,2.0,0.51046453632724,0.52503703244876,0.5176482458455124,0.8768199747021653,0.646034671442353,0.7439398181631173,3.0,,0.6230131837882977,1.0000000000000004,0.7677241195713691,1.0,1.0,1.0,2.0
20,78,6482,0.2286331379203949,resample_pointwise,0.5,ok,81.0,81.0,0.503000169592175,0.7801526972629056,0.6116448775005603,0.997453860815804,0.9974539759375596,0.9974539183766784,2.0,0.5245636863493117,0.538366244815078,0.5313753497878629,0.889507234234649,0.6583404295779224,0.7566617676784743,3.0,,0.6218260694220122,1.0000000000000002,0.7668221409754735,1.0,1.0,1.0,2.0
20,79,6501,0.2308875557606522,resample_pointwise,0.5,ok,86.0,86.0,0.5049516633811724,0.7849771971186303,0.6145696147115601,1.0,1.0,1.0,2.0,0.5148588263887613,0.5288124946736057,0.5217423817111785,0.8866436080078267,0.6529483003330171,0.7520595993177652,3.0,,0.620660226802249,1.0000000000000009,0.7659350387426783,1.0,1.0,1.0,2.0
20,80,6520,0.2331288343558282,resample_pointwise,0.5,ok,90.0,90.0,0.5003020104232825,0.7785125301403137,0.6091444405961469,0.9953078365056656,0.9953078365056656,0.9953078365056656,2.0,0.5250473454232554,0.5379922505303899,0.5314409812662924,0.8946397585717866,0.6604328885762834,0.7598995726306987,3.0,,1.0,1.0,1.0,1.0,1.0,1.0,3.0
20,81,6539,0.235357088239792,resample_pointwise,0.5,ok,92.0,92.0,0.4947837125331374,0.7685965192028713,0.6020183467469472,1.0,1.0,1.0,2.0,0.5257344022685841,0.5417720700544344,0.5336327653284615,0.9075641742465236,0.6740354307761686,0.7735591324158131,3.0,,0.6183901037325514,0.999999999999999,0.7642040102770473,1.0,1.0,1.0,2.0
20,82,6558,0.2375724306190912,resample_pointwise,0.5,ok,103.0,103.0,0.5086830561130371,0.7772241414209421,0.6149133503584562,0.9895900789402428,0.956144720036444,0.9725799522902996,3.0,0.5272307705523033,0.5422722828233618,0.5346457546235611,0.8929561934342451,0.6672240148293719,0.7637602544811671,3.0,,1.0,1.0,1.0,1.0,1.0,1.0,3.0
20,83,6577,0.239774973392124,resample_pointwise,0.5,ok,88.0,88.0,0.4304388557978301,0.6505542970995305,0.5180862552687632,0.8612681754545662,0.8214985807814648,0.8409134316282237,4.0,0.5155126566300585,0.5313676845675478,0.523320108209146,0.891559732232893,0.6619175981936762,0.7597652891963959,3.0,,1.0,1.0,1.0,1.0,1.0,1.0,3.0
20,84,6596,0.2419648271679806,resample_pointwise,0.5,ok,103.0,103.0,0.505583409408603,0.7966502574182971,0.6185881436059089,0.986104901455467,0.9861104782770052,0.9861076898583512,2.0,0.5089717306754582,0.5221210880358597,0.5154625635583389,0.8727087823398464,0.6439801229576524,0.7410974089603425,3.0,,0.6151308929067796,0.999999999999998,0.7617102683234759,1.0,1.0,1.0,2.0
20,85,6615,0.2441421012849584,resample_pointwise,0.5,ok,80.0,80.0,0.4245067440778799,0.6742114518042155,0.5209840144599575,0.8395244788900522,0.8415116432967058,0.8405168865729964,2.0,0.5139260016099839,0.5315734563342275,0.5226007893165766,0.8982138259960069,0.6689026524969728,0.7667810516496651,3.0,,0.6140814287310422,0.9999999999999994,0.7609051412156081,1.0,1.0,1.0,2.0
20,86,6634,0.2463069038287609,resample_pointwise,0.5,ok,102.0,102.0,0.4983877345045283,0.7866716553589923,0.6101935944842747,0.981177278247756,0.9811886027254056,0.9811829404539052,2.0,0.5112536734559662,0.528156907965568,0.5195678477493457,0.8850870176622613,0.6608822542414975,0.7567269467292924,3.0,,0.6130496560670734,1.0000000000000002,0.7601125653649211,1.0,1.0,1.0,2.0
20,87,6653,0.2484593416503832,resample_pointwise,0.5,ok,107.0,107.0,0.4563264037677574,0.69175371561701,0.5499014920834145,0.8753375440652862,0.8289147454267463,0.8514938803076105,3.0,0.5130887024955831,0.5267837826101234,0.5198460607170848,0.8934859476490845,0.6574978067788392,0.7575386257784121,3.0,,0.6120351317674965,1.0000000000000004,0.7593322499075289,1.0,1.0,1.0,2.0
20,88,6672,0.250599520383693,resample_pointwise,0.5,ok,102.0,102.0,0.6266190168542246,0.54707489337698,0.5841515046559007,1.0,0.6746047383415924,0.8056883190354188,5.0,0.5095848231936306,0.5254411818747428,0.5173915446628902,0.8902664088388499,0.6606221360324952,0.7584422473039653,3.0,,0.6109665083676425,0.999999999999999,0.7585092616068368,1.0,1.0,1.0,2.0
20,89,6691,0.2527275444627111,resample_pointwise,0.5,ok,121.0,121.0,0.5009690648668367,0.7970734490439153,0.6152481696376384,0.9765108492884422,0.9765328272958856,0.9765218381685024,2.0,0.5181142019675838,0.5322383286047445,0.5250813014776065,0.8857263755158904,0.6601323793536705,0.7564684132800268,3.0,,1.0,1.0,1.0,1.0,1.0,1.0,3.0
20,90,6710,0.2548435171385991,resample_pointwise,0.5,ok,93.0,93.0,0.479929298799321,0.752013134014697,0.5859253265124592,1.0,1.0,1.0,2.0,0.5073515082628351,0.5228340752556007,0.5149764487019473,0.8826307307540104,0.656467907337454,0.752932572909443,3.0,,1.0,1.0,1.0,1.0,1.0,1.0,3.0
20,91,6729,0.256947540496359,resample_pointwise,0.5,ok,107.0,107.0,0.4246573888585316,0.6937662265462736,0.5268360756791497,0.8041671449030469,0.8074289481208211,0.805794745635158,2.0,0.5048381318159183,0.5202073313487308,0.5124075111834409,0.8891795013040042,0.65768024861445,0.7561070685449263,3.0,,0.60814116365649,0.9999999999999996,0.7563280853699894,1.0,1.0,1.0,2.0
20,92,6748,0.2590397154712507,resample_pointwise,0.5,ok,87.0,87.0,0.4754332466379717,0.7529267431111922,0.5828363166257253,0.9663407583323936,0.9663898349614676,0.9663652960238444,2.0,0.5019713340378252,0.5173042488100623,0.5095224652651654,0.8890081459630917,0.656279827274532,0.7551189455722149,3.0,,1.0,1.0,1.0,1.0,1.0,1.0,3.0
20,93,6767,0.2611201418649327,resample_pointwise,0.5,ok,107.0,107.0,0.4805363825437815,0.7524426760577202,0.5865080661377243,0.9878233902754728,0.9776563405672656,0.9827135693222164,3.0,0.496732885420811,0.5116735579706252,0.5040925402846146,0.8803388467982839,0.6486443546403485,0.7469366865627011,3.0,,0.6062871855434568,0.9999999999999996,0.7548926381285062,1.0,1.0,1.0,2.0
20,94,6786,0.2631889183613322,resample_pointwise,0.5,ok,133.0,133.0,0.4755161703155045,0.748099672875236,0.5814463639703973,1.0,1.0,1.0,2.0,0.4894450306646851,0.5039977903215015,0.4966148201543465,0.8737852180936049,0.6416339728735799,0.7399276507324469,3.0,,0.6054552312145782,1.000000000000001,0.7542474177327664,1.0,1.0,1.0,2.0
20,95,6805,0.2652461425422483,resample_pointwise,0.5,ok,109.0,109.0,0.4680074309401204,0.7276067032977115,0.5696241524649541,0.99530737502774,0.9850584530191036,0.9901563935692584,3.0,0.5038991794697991,0.5221790160220677,0.5128762678437653,0.8929882091329676,0.6693750619813297,0.76517932658601,3.0,,1.0,1.0,1.0,1.0,1.0,1.0,3.0
20,96,6824,0.2672919109026964,resample_pointwise,0.5,ok,120.0,120.0,0.4678854681647991,0.7357693154019271,0.5720174510136695,0.9974537451524664,0.997454090517849,0.9974539178351278,2.0,0.5023846670061208,0.5186506264428828,0.5103880814498752,0.9001476883163557,0.6664842801862523,0.765890516944148,3.0,,1.0,1.0,1.0,1.0,1.0,1.0,3.0
20,97,6843,0.2693263188659944,resample_pointwise,0.5,ok,111.0,111.0,0.4614727737530305,0.7394834698180212,0.5682996192213031,0.9312716128558364,0.9315193354166132,0.9313954576645784,2.0,0.4946733939754772,0.5096000974407786,0.5020258165248699,0.8871206508659089,0.6533293062960173,0.7524839307326777,3.0,,1.0,1.0,1.0,1.0,1.0,1.0,3.0
20,98,6862,0.271349460798601,resample_pointwise,0.5,ok,103.0,103.0,0.466453255507372,0.7354880525032629,0.5708611463645418,0.9949079502967512,0.9949079502967512,0.9949079502967512,2.0,0.495587085952599,0.5116346549882879,0.5034830314547196,0.8827757065705264,0.6559415683092402,0.7526389556891339,3.0,,1.0,1.0,1.0,1.0,1.0,1.0,3.0
20,99,6881,0.2733614300247057,resample_pointwise,0.5,ok,128.0,128.0,0.4661722428898079,0.7350915606866268,0.5705312697417841,1.0,1.0,1.0,2.0,0.4984071934128933,0.5177655091913833,0.5079019611936364,0.8964632696158527,0.6737100202646734,0.7692861564157498,3.0,,0.6009138979984529,1.0,0.750713575226934,1.0,1.0,1.0,2.0
20,100,6900,0.2753623188405797,resample_pointwise,0.5,ok,137.0,137.0,0.464126998664582,0.6910977142521314,0.5553155231417212,1.0,0.9614506795294246,0.9803465257256307,4.0,0.4939657966539839,0.5074088267351898,0.5005970782027731,0.8879065924398106,0.6515046762868565,0.7515539334189152,3.0,,0.6002388768948413,1.0000000000000004,0.750186594715866,1.0,1.0,1.0,2.0
