sigma,transition_length,T,transition_fraction,status,n_segments,n_distinct_segments,adp_h3,adp_c3,adp_v3,adp_h2,adp_c2,adp_v2,adp_k,kmeans_h3,kmeans_c3,kmeans_v3,kmeans_h2,kmeans_c2,kmeans_v2,kmeans_k,oracle_status,oracle_h3,oracle_c3,oracle_v3,oracle_h2,oracle_c2,oracle_v2,oracle_k
0,1,5019,0.003785614664275752,ok,38.0,5.0,0.0,1.0,0.0,0.0,1.0,0.0,1.0,1.0,1.0,1.0,1.0,1.0,1.0,3.0,failed,,,,,,,
0,2,5038,0.007542675664946407,ok,38.0,5.0,0.0,1.0,0.0,0.0,1.0,0.0,1.0,0.9697024261851376,0.9926912976381593,0.9810622079417881,1.0,1.0,1.0,3.0,failed,,,,,,,
0,3,5057,0.011271504844769626,ok,38.0,5.0,0.0,1.0,0.0,0.0,1.0,0.0,1.0,0.9704103763390807,0.9902010592709507,0.980205832859994,1.0,1.0,1.0,3.0,failed,,,,,,,
0,4,5076,0.014972419227738377,ok,38.0,5.0,0.0,1.0,0.0,0.0,1.0,0.0,1.0,0.9420877628348997,0.978735131979792,0.9600618499330374,1.0,1.0,1.0,3.0,failed,,,,,,,
0,5,5095,0.018645731108930325,ok,38.0,5.0,0.0,1.0,0.0,0.0,1.0,0.0,1.0,0.9432298800257622,0.9762735438863075,0.9594672936768783,1.0,1.0,1.0,3.0,failed,,,,,,,
0,6,5114,0.022291748142354323,ok,38.0,5.0,0.0,1.0,0.0,0.0,1.0,0.0,1.0,0.944275716190042,0.974558209728496,0.9591780080912838,1.0,1.0,1.0,3.0,failed,,,,,,,
0,7,5133,0.0259107734268459,ok,38.0,5.0,0.0,1.0,0.0,0.0,1.0,0.0,1.0,0.9242792050240836,0.9674149533397517,0.9453552732590295,1.0,1.0,1.0,3.0,failed,,,,,,,
0,8,5152,0.029503105590062112,ok,38.0,5.0,0.0,1.0,0.0,0.0,1.0,0.0,1.0,0.9049036374894462,0.9596255753270415,0.9314615912395573,1.0,1.0,1.0,3.0,failed,,,,,,,
0,9,5171,0.03306903887062464,ok,38.0,5.0,0.0,1.0,0.0,0.0,1.0,0.0,1.0,0.9063883423016946,0.9573799854260431,0.9311866126634761,1.0,1.0,1.0,3.0,failed,,,,,,,
0,10,5190,0.036608863198458574,ok,38.0,5.0,0.0,1.0,0.0,0.0,1.0,0.0,1.0,0.8900783080156616,0.9511614770982961,0.9196066748393998,1.0,1.0,1.0,3.0,failed,,,,,,,
0,11,5209,0.040122864273373006,ok,38.0,22.0,0.6768646209645184,0.8200602509872945,0.7416133987123049,0.8214291015137235,0.8240517438253105,0.8227383326261374,2.0,0.8916482956196393,0.9490345687680612,0.9194468771323621,1.0,1.0,1.0,3.0,failed,,,,,,,
0,12,5228,0.04361132364192808,ok,38.0,22.0,0.4871095736234381,0.6184286335882332,0.5449698726984158,0.5956399536122773,0.6156761175690776,0.6054923282762718,2.0,0.8759170143929331,0.9420912556724214,0.9077997867684203,1.0,1.0,1.0,3.0,failed,,,,,,,
0,13,5247,0.04707451877263198,ok,38.0,22.0,0.5496112083069772,0.6919369402447116,0.6126162698462531,0.6787073384851727,0.690070168645704,0.6843415896149116,2.0,0.8775517199963859,0.9400949720288104,0.907747323265176,1.0,1.0,1.0,3.0,failed,,,,,,,
0,14,5266,0.050512723129510065,ok,38.0,22.0,0.6586458664886431,0.8209177650108194,0.7308831889893177,0.8353565379814635,0.8374462509303512,0.8364000891914023,2.0,0.8791066804320351,0.938424847227225,0.9077977902736297,1.0,1.0,1.0,3.0,failed,,,,,,,
0,15,5285,0.05392620624408704,ok,38.0,22.0,0.6399615244985776,0.8046533324231345,0.7129196696864324,0.8279227341524671,0.830286353589149,0.8291028593133893,2.0,0.8654039348479766,0.9322501298163475,0.8975841864839025,1.0,1.0,1.0,3.0,failed,,,,,,,
0,16,5304,0.05731523378582202,ok,38.0,21.0,0.6614570665747167,0.8374170522893297,0.7391086682139028,0.8621102654291626,0.8634516158168271,0.8627804192795177,2.0,0.8519947945726417,0.9258187629673469,0.8873740032192544,1.0,1.0,1.0,3.0,failed,,,,,,,
0,17,5323,0.06068006763103513,ok,38.0,22.0,0.0,1.0,0.0,0.0,1.0,0.0,1.0,0.8536941011080631,0.9240425846557245,0.8874764300139515,1.0,1.0,1.0,3.0,failed,,,,,,,
0,18,5342,0.06402096593036316,ok,38.0,22.0,0.507338561297296,0.6645444235883937,0.5753970594843365,0.6811044096706977,0.6922011041657915,0.6866079247132193,2.0,0.841640668916399,0.9183306014965691,0.8783147710685225,1.0,1.0,1.0,3.0,failed,,,,,,,
0,19,5361,0.06733818317478082,ok,38.0,22.0,0.6127493000388997,0.7956454726979028,0.6923218062324746,0.8279051436724724,0.8302989296665177,0.8291003088328924,2.0,0.8433517545044826,0.9166487016579934,0.8784739664137443,1.0,1.0,1.0,3.0,failed,,,,,,,
0,20,5380,0.07063197026022305,ok,38.0,22.0,0.39784904943986615,0.5490006685749871,0.4613602137250323,0.5436434469949468,0.5706658129367144,0.5568269793362669,2.0,0.8316011857742819,0.9105978394964535,0.869308537204667,1.0,1.0,1.0,3.0,failed,,,,,,,
0,21,5399,0.07390257455084275,ok,38.0,22.0,0.5617825858120824,0.7428793297572887,0.6397621726165974,0.7759142629488405,0.7804807218146469,0.7781907933924841,2.0,0.8333207064380176,0.9090098665620853,0.8695212675494965,1.0,1.0,1.0,3.0,failed,,,,,,,
0,22,5418,0.07715023994093761,ok,38.0,22.0,0.543966586605338,0.7246271071603044,0.6214329079212814,0.7623931980387161,0.7677639737470704,0.7650691603148412,2.0,0.8349774061688675,0.9076132640645579,0.8697815063265194,1.0,1.0,1.0,3.0,failed,,,,,,,
0,23,5437,0.08037520691557844,ok,38.0,21.0,0.476761420271178,0.6465873603238441,0.5488373932699738,0.6758986308751058,0.6873375726348606,0.6815701095624909,2.0,0.8243182035213614,0.9020169498880302,0.8614190474069435,1.0,1.0,1.0,3.0,failed,,,,,,,
0,24,5456,0.08357771260997067,ok,38.0,22.0,0.557917016090536,0.7493610203270911,0.6396210336113818,0.7995788315026726,0.8030346077100278,0.8013029936956275,2.0,0.8138324407841439,0.8962751878191109,0.8530665690472972,1.0,1.0,1.0,3.0,failed,,,,,,,
0,25,5475,0.0867579908675799,ok,38.0,22.0,0.5808397459137866,0.7833592691399069,0.6670671856899479,0.8361566263419251,0.8382769867714996,0.8372154640345856,2.0,0.8155472844016596,0.8948479461161734,0.8533592697010726,1.0,1.0,1.0,3.0,failed,,,,,,,
0,26,5494,0.08991627229705133,ok,38.0,22.0,0.5960475680858114,0.8061772989257846,0.6853679887945224,0.8702651545745247,0.871438657079919,0.8708515104936062,2.0,0.817206095926401,0.8935751331850141,0.8536860629296541,1.0,1.0,1.0,3.0,failed,,,,,,,
0,27,5513,0.09305278432795211,ok,38.0,22.0,0.0,1.0,0.0,0.0,1.0,0.0,1.0,0.8075822670963659,0.8882120680654927,0.8459803181524578,1.0,1.0,1.0,3.0,failed,,,,,,,
0,28,5532,0.09616775126536514,ok,38.0,22.0,0.0,1.0,0.0,0.0,1.0,0.0,1.0,0.7981013514369757,0.8827334072863934,0.8382867163562565,1.0,1.0,1.0,3.0,failed,,,,,,,
0,29,5551,0.09926139434336155,ok,38.0,22.0,0.46169896490204787,0.6448103682607056,0.5381035128427372,0.6937334098631234,0.7036575437394247,0.6986602366872097,2.0,0.7997970841738656,0.8814442489197222,0.8386381256171195,1.0,1.0,1.0,3.0,failed,,,,,,,
0,30,5570,0.10233393177737882,ok,38.0,22.0,0.5517810928043636,0.7634959822544625,0.6405990880990096,0.8336791289905016,0.8358510138204795,0.8347636587075122,2.0,0.7909809790733227,0.876357077280715,0.8314831852649169,1.0,1.0,1.0,3.0,failed,,,,,,,
0,31,5589,0.10538557881553051,ok,38.0,22.0,0.5496800368454595,0.763940625092581,0.639336641263092,0.8378287582015864,0.839896149321102,0.8388611799809937,2.0,0.7926641155051554,0.8751283976377523,0.8318575264014673,1.0,1.0,1.0,3.0,failed,,,,,,,
0,32,5608,0.10841654778887304,ok,38.0,22.0,0.0,1.0,0.0,0.0,1.0,0.0,1.0,0.7840012129739568,0.8698795999016236,0.8247107725718301,1.0,1.0,1.0,3.0,failed,,,,,,,
0,33,5627,0.11142704816065399,ok,38.0,22.0,0.0,1.0,0.0,0.0,1.0,0.0,1.0,0.7856693515919916,0.8687099211155328,0.8251055507089061,1.0,1.0,1.0,3.0,failed,,,,,,,
0,34,5646,0.11441728657456607,ok,38.0,22.0,0.0,1.0,0.0,0.0,1.0,0.0,1.0,0.7775647448313439,0.8637993834878636,0.8184167493595795,1.0,1.0,1.0,3.0,failed,,,,,,,
0,35,5665,0.11738746690203,ok,38.0,22.0,0.5292863197464077,0.7490318794894343,0.6202717400169852,0.8312014634637732,0.8334546689370954,0.8323265412804204,2.0,0.76955868532917,0.8588055321807714,0.8117364029394949,1.0,1.0,1.0,3.0,failed,,,,,,,
0,36,5684,0.1203377902885292,ok,38.0,22.0,0.3997612589605222,0.5815631935933089,0.47382174943451716,0.6364619458936834,0.6517784335560093,0.6440291373102301,2.0,0.7712373189810753,0.8576385194971267,0.8121464101890346,1.0,1.0,1.0,3.0,failed,,,,,,,
0,37,5703,0.12326845519901806,ok,38.0,22.0,0.0,1.0,0.0,0.0,1.0,0.0,1.0,0.772872814677977,0.8565728366377601,0.8125731087678295,1.0,1.0,1.0,3.0,failed,,,,,,,
0,38,5722,0.12617965746242574,ok,38.0,22.0,0.0,1.0,0.0,0.0,1.0,0.0,1.0,0.7653679133514876,0.8518256433530933,0.8062856947327568,1.0,1.0,1.0,3.0,failed,,,,,,,
0,39,5741,0.1290715903152761,ok,38.0,22.0,0.0,1.0,0.0,0.0,1.0,0.0,1.0,0.7669866725957674,0.8508062445822725,0.8067250679946488,1.0,1.0,1.0,3.0,failed,,,,,,,
0,40,5760,0.13194444444444445,ok,38.0,22.0,0.5184164042124505,0.7472259131989633,0.6121384623852619,0.8429063712712344,0.8447911808374767,0.8438477235828695,2.0,0.7595883683274219,0.8459477788060732,0.8004455012000229,1.0,1.0,1.0,3.0,failed,,,,,,,
0,41,5779,0.13479840802907078,ok,38.0,22.0,0.0,1.0,0.0,0.0,1.0,0.0,1.0,0.761188560306602,0.8449733302500763,0.8008956463630323,1.0,1.0,1.0,3.0,failed,,,,,,,
0,42,5798,0.13763366678164884,ok,38.0,21.0,0.0,1.0,0.0,0.0,1.0,0.0,1.0,0.7541996022630959,0.840378222749797,0.7949601598697006,1.0,1.0,1.0,3.0,failed,,,,,,,
0,43,5817,0.14045040398831013,ok,38.0,22.0,0.48687774100853215,0.7107316940511484,0.5778836263853351,0.8072749926942974,0.8103757297450519,0.8088223894501435,2.0,0.7557823292029597,0.8394446289391381,0.7954196281078925,1.0,1.0,1.0,3.0,failed,,,,,,,
0,44,5836,0.14324880054832076,ok,38.0,22.0,0.0,1.0,0.0,0.0,1.0,0.0,1.0,0.7488839260676203,0.8347551324954535,0.7894913901599677,1.0,1.0,1.0,3.0,failed,,,,,,,
0,45,5855,0.14602903501280956,ok,38.0,22.0,0.0,1.0,0.0,0.0,1.0,0.0,1.0,0.7504475336263003,0.8338611881243678,0.7899585016778178,1.0,1.0,1.0,3.0,failed,,,,,,,
0,46,5874,0.1487912836227443,ok,38.0,22.0,0.0,1.0,0.0,0.0,1.0,0.0,1.0,0.7439068296617861,0.8294080044750439,0.7843341532384969,1.0,1.0,1.0,3.0,failed,,,,,,,
0,47,5893,0.15153572034617344,ok,38.0,22.0,0.0,1.0,0.0,0.0,1.0,0.0,1.0,0.737430338689073,0.8249038355807294,0.7787183111993589,1.0,1.0,1.0,3.0,failed,,,,,,,
0,48,5912,0.15426251691474965,ok,38.0,22.0,0.0,1.0,0.0,0.0,1.0,0.0,1.0,0.7389897110095303,0.8240161614512136,0.7791902458553415,1.0,1.0,1.0,3.0,failed,,,,,,,
0,49,5931,0.1569718428595515,ok,38.0,22.0,0.0,1.0,0.0,0.0,1.0,0.0,1.0,0.7405163081856881,0.8231935887936453,0.7796692704614304,1.0,1.0,1.0,3.0,failed,,,,,,,
0,50,5950,0.15966386554621848,ok,38.0,22.0,0.0,1.0,0.0,0.0,1.0,0.0,1.0,0.734369038929499,0.8188732994909761,0.774322439039032,1.0,1.0,1.0,3.0,failed,,,,,,,
0,51,5969,0.16233875020941532,ok,38.0,22.0,0.4846157256314583,0.7201852301199738,0.579370536216036,0.8488861312052288,0.850623474828434,0.849753915006886,2.0,0.728277979199019,0.8145087883886158,0.7689835392807227,1.0,1.0,1.0,3.0,failed,,,,,,,
0,52,5988,0.16499665998663995,ok,38.0,21.0,0.0,1.0,0.0,0.0,1.0,0.0,1.0,0.7297979651852953,0.8136926732266104,0.7694653176749493,1.0,1.0,1.0,3.0,failed,,,,,,,
0,53,6007,0.16763775595139005,ok,38.0,21.0,0.0,1.0,0.0,0.0,1.0,0.0,1.0,0.7312877545104739,0.8129337155414335,0.7699523454808176,1.0,1.0,1.0,3.0,failed,,,,,,,
0,54,6026,0.17026219714570195,ok,38.0,22.0,0.0,1.0,0.0,0.0,1.0,0.0,1.0,0.7254887823525809,0.8087381962312177,0.7648548714316092,1.0,1.0,1.0,3.0,failed,,,,,,,
0,55,6045,0.1728701406120761,ok,38.0,22.0,0.0,1.0,0.0,0.0,1.0,0.0,1.0,0.7197394066710916,0.804504077775014,0.7597648190868626,1.0,1.0,1.0,3.0,failed,,,,,,,
0,56,6064,0.17546174142480211,ok,38.0,22.0,0.0,1.0,0.0,0.0,1.0,0.0,1.0,0.7212208516917448,0.803751500331429,0.7602529197968593,1.0,1.0,1.0,3.0,failed,,,,,,,
0,57,6083,0.17803715272069703,ok,38.0,22.0,0.0,1.0,0.0,0.0,1.0,0.0,1.0,0.7157237911351763,0.7996953267734825,0.7553830676509906,1.0,1.0,1.0,3.0,failed,,,,,,,
0,58,6102,0.1805965257292691,ok,38.0,22.0,0.0,1.0,0.0,0.0,1.0,0.0,1.0,0.7171872158530446,0.7989716989747614,0.7558736524636198,1.0,1.0,1.0,3.0,failed,,,,,,,
0,59,6121,0.18314000980231987,ok,38.0,22.0,0.0,1.0,0.0,0.0,1.0,0.0,1.0,0.7117418916085754,0.7948595102542113,0.7510079450236995,1.0,1.0,1.0,3.0,failed,,,,,,,
0,60,6140,0.18566775244299674,ok,38.0,22.0,0.0,1.0,0.0,0.0,1.0,0.0,1.0,0.7131859099776375,0.7941637064884103,0.7514996647042407,1.0,1.0,1.0,3.0,failed,,,,,,,
0,61,6159,0.1881798993343075,ok,38.0,22.0,0.0,1.0,0.0,0.0,1.0,0.0,1.0,0.70796923297753,0.7902157993510585,0.7468349520002332,1.0,1.0,1.0,3.0,failed,,,,,,,
0,62,6178,0.1906765943671091,ok,38.0,22.0,0.0,1.0,0.0,0.0,1.0,0.0,1.0,0.7093947885845685,0.7895457522777107,0.7473273645566866,1.0,1.0,1.0,3.0,failed,,,,,,,
0,63,6197,0.19315797966758108,ok,38.0,21.0,0.0,1.0,0.0,0.0,1.0,0.0,1.0,0.7042247805830082,0.7855486178902377,0.7426670440457226,1.0,1.0,1.0,3.0,failed,,,,,,,
0,64,6216,0.1956241956241956,ok,114.0,30.0,0.0,1.0,0.0,0.0,1.0,0.0,1.0,0.7056325875045897,0.7849037726298856,0.743160240616971,1.0,1.0,1.0,3.0,failed,,,,,,,
0,65,6235,0.19807538091419408,ok,38.0,22.0,0.0,1.0,0.0,0.0,1.0,0.0,1.0,0.7006690231880812,0.7810585449871205,0.7386830609392028,1.0,1.0,1.0,3.0,failed,,,,,,,
0,66,6254,0.20051167252958108,ok,152.0,35.0,0.0,1.0,0.0,0.0,1.0,0.0,1.0,0.6957410894719949,0.777185652194037,0.7342116577608907,1.0,1.0,1.0,3.0,failed,,,,,,,
0,67,6273,0.20293320580264626,ok,76.0,27.0,0.0,1.0,0.0,0.0,1.0,0.0,1.0,0.6971369141987855,0.7765479765121892,0.7347028709941391,1.0,1.0,1.0,3.0,failed,,,,,,,
0,68,6292,0.2053401144310235,adp failed: ValueError: only 2 distinct segments; ADP is not defined here,,,,,,,,,,,,,,,,,,,,,,,,
0,69,6311,0.20773253050229756,ok,152.0,35.0,0.0,1.0,0.0,0.0,1.0,0.0,1.0,0.6937759274588219,0.7722013829675572,0.7308908901154597,1.0,1.0,1.0,3.0,failed,,,,,,,
0,70,6330,0.21011058451816747,ok,76.0,27.0,0.0,1.0,0.0,0.0,1.0,0.0,1.0,0.6890742001633724,0.7684291000205045,0.7265913804957939,1.0,1.0,1.0,3.0,failed,,,,,,,
0,71,6349,0.21247440541817608,adp failed: ValueError: only 2 distinct segments; ADP is not defined here,,,,,,,,,,,,,,,,,,,,,,,,
0,72,6368,0.21482412060301506,ok,126.0,32.0,0.0,1.0,0.0,0.0,1.0,0.0,1.0,0.6917739690237563,0.7672793847087619,0.7275729896405038,1.0,1.0,1.0,3.0,failed,,,,,,,
0,73,6387,0.2171598559574135,ok,76.0,27.0,0.0,1.0,0.0,0.0,1.0,0.0,1.0,0.6872505667970987,0.7636247860072,0.7234275032509278,1.0,1.0,1.0,3.0,failed,,,,,,,
0,74,6406,0.21948173587261943,adp failed: ValueError: only 2 distinct segments; ADP is not defined here,,,,,,,,,,,,,,,,,,,,,,,,
0,75,6425,0.22178988326848248,ok,76.0,27.0,0.0,1.0,0.0,0.0,1.0,0.0,1.0,0.6840810949166974,0.7593964208424425,0.7197739200981107,1.0,1.0,1.0,3.0,failed,,,,,,,
0,76,6444,0.22408441961514589,ok,77.0,27.0,0.0,1.0,0.0,0.0,1.0,0.0,1.0,0.679745969593038,0.7558430641301932,0.7157776556078144,1.0,1.0,1.0,3.0,failed,,,,,,,
0,77,6463,0.22636546495435556,ok,20.0,12.0,0.0,1.0,0.0,0.0,1.0,0.0,1.0,0.6754355634999989,0.7522687460980015,0.7117847316258502,1.0,1.0,1.0,3.0,failed,,,,,,,
0,78,6482,0.22863313792039494,adp failed: ValueError: only 2 distinct segments; ADP is not defined here,,,,,,,,,,,,,,,,,,,,,,,,
0,79,6501,0.2308875557606522,adp failed: ValueError: only 2 distinct segments; ADP is not defined here,,,,,,,,,,,,,,,,,,,,,,,,
0,80,6520,0.2331288343558282,ok,76.0,27.0,0.49867084280347,0.7745371936626408,0.606717997505609,1.0,1.0,1.0,2.0,0.6738844006564693,0.7477397267738763,0.7088936208966171,1.0,1.0,1.0,3.0,failed,,,,,,,
0,81,6539,0.235357088239792,ok,38.0,22.0,0.0,1.0,0.0,0.0,1.0,0.0,1.0,0.6751629485278556,0.7472427244589361,0.7093765311724374,1.0,1.0,1.0,3.0,failed,,,,,,,
0,82,6558,0.2375724306190912,ok,40.0,22.0,0.0,1.0,0.0,0.0,1.0,0.0,1.0,0.6710308589846498,0.7437430615836802,0.7055184411059636,1.0,1.0,1.0,3.0,failed,,,,,,,
0,83,6577,0.23977497339212406,ok,21.0,21.0,0.0,1.0,0.0,0.0,1.0,0.0,1.0,0.6670343276814006,0.7403635264194905,0.7017886031957152,1.0,1.0,1.0,3.0,failed,,,,,,,
0,84,6596,0.2419648271679806,adp failed: ValueError: only 2 distinct segments; ADP is not defined here,,,,,,,,,,,,,,,,,,,,,,,,
0,85,6615,0.24414210128495842,ok,78.0,27.0,0.0,1.0,0.0,0.0,1.0,0.0,1.0,0.6643243655045405,0.7364646424703226,0.6985369010468491,1.0,1.0,1.0,3.0,failed,,,,,,,
0,86,6634,0.24630690382876091,ok,20.0,12.0,0.0,1.0,0.0,0.0,1.0,0.0,1.0,0.6655747764302588,0.7359900494490337,0.699013564798356,1.0,1.0,1.0,3.0,failed,,,,,,,
0,87,6653,0.24845934165038328,ok,21.0,21.0,0.0,1.0,0.0,0.0,1.0,0.0,1.0,0.6668082593534786,0.735540773516842,0.6994901431470255,1.0,1.0,1.0,3.0,failed,,,,,,,
0,88,6672,0.25059952038369304,ok,38.0,22.0,0.0,1.0,0.0,0.0,1.0,0.0,1.0,0.6629632921783726,0.7322261910307939,0.6958754951455267,1.0,1.0,1.0,3.0,failed,,,,,,,
0,89,6691,0.2527275444627111,ok,152.0,35.0,0.0,1.0,0.0,0.0,1.0,0.0,1.0,0.6591386450538397,0.7288966376107642,0.6922647400961639,1.0,1.0,1.0,3.0,failed,,,,,,,
0,90,6710,0.2548435171385991,ok,153.0,34.0,0.0,1.0,0.0,0.0,1.0,0.0,1.0,0.6603595363005966,0.7284525735877163,0.6927367644425934,1.0,1.0,1.0,3.0,failed,,,,,,,
0,91,6729,0.25694754049635904,adp failed: ValueError: only 2 distinct segments; ADP is not defined here,,,,,,,,,,,,,,,,,,,,,,,,
0,92,6748,0.25903971547125076,ok,21.0,21.0,0.0,1.0,0.0,0.0,1.0,0.0,1.0,0.6529655479877892,0.7219736509562976,0.6857378435227732,1.0,1.0,1.0,3.0,failed,,,,,,,
0,93,6767,0.26112014186493276,adp failed: ValueError: only 2 distinct segments; ADP is not defined here,,,,,,,,,,,,,,,,,,,,,,,,
0,94,6786,0.2631889183613322,ok,77.0,26.0,0.0,1.0,0.0,0.0,1.0,0.0,1.0,0.6553659718694004,0.7211187975360714,0.6866719226899164,1.0,1.0,1.0,3.0,failed,,,,,,,
0,95,6805,0.2652461425422483,adp failed: ValueError: only 2 distinct segments; ADP is not defined here,,,,,,,,,,,,,,,,,,,,,,,,
0,96,6824,0.2672919109026964,ok,115.0,31.0,0.0,1.0,0.0,0.0,1.0,0.0,1.0,0.6529698352937546,0.7175526149925994,0.6837395662193272,1.0,1.0,1.0,3.0,failed,,,,,,,
0,97,6843,0.26932631886599445,adp failed: ValueError: only 2 distinct segments; ADP is not defined here,,,,,,,,,,,,,,,,,,,,,,,,
0,98,6862,0.271349460798601,ok,38.0,22.0,0.0,1.0,0.0,0.0,1.0,0.0,1.0,0.6459572591260074,0.7112802897656332,0.6770467952681775,1.0,1.0,1.0,3.0,failed,,,,,,,
0,99,6881,0.2733614300247057,adp failed: ValueError: only 2 distinct segments; ADP is not defined here,,,,,,,,,,,,,,,,,,,,,,,,
0,100,6900,0.2753623188405797,ok,76.0,27.0,0.0,1.0,0.0,0.0,1.0,0.0,1.0,0.6436858827573215,0.7077739317629373,0.6742103363556833,1.0,1.0,1.0,3.0,failed,,,,,,,
5,1,5019,0.003785614664275752,ok,38.0,38.0,0.8501829246732628,0.609069350083109,0.7097064302592275,0.8699147392526714,0.606097194919304,0.7144290246891319,3.0,1.0,0.9999999999999999,0.9999999999999999,1.0,1.0,1.0,3.0,,0.9688636864584054,0.9999999999999999,0.9841856428376701,1.0,1.0,1.0,2.0
5,2,5038,0.007542675664946407,ok,38.0,38.0,0.8833679413169295,0.6866423464499181,0.7726800782525396,0.9142183469643915,0.6805461625778644,0.7802628965745865,3.0,0.9474923770873604,0.7298607791842626,0.8245580509107118,1.0,0.7322185745577017,0.8454112954477049,3.0,,1.0,1.0000000000000002,1.0000000000000002,1.0,1.0,1.0,3.0
5,3,5057,0.011271504844769626,ok,38.0,38.0,0.890908942194695,0.7239789893321923,0.798816243486663,0.9289037711114801,0.7149923552996374,0.8080304886461114,3.0,0.966789987594561,0.9768198730172698,0.9717790509862969,1.0000000000000002,0.9863000422323186,0.9931027752724183,3.0,,1.0,1.0,1.0,1.0,1.0,1.0,3.0
5,4,5076,0.014972419227738377,ok,38.0,38.0,0.8338087882042428,0.6370677769079067,0.7222804736535468,0.8838609553805062,0.6255302471083197,0.7325890874637672,3.0,0.9546454469811101,0.9749686958239072,0.9647000462635538,1.0000000000000007,0.9914900989934721,0.9957268675295808,3.0,,1.0,1.0,1.0,1.0,1.0,1.0,3.0
5,5,5095,0.018645731108930325,ok,38.0,38.0,0.8508728131878344,0.6647336181712776,0.7463728736050831,0.909503454332391,0.6509713492993178,0.7588212119557947,3.0,0.9447535272875257,0.971188702445888,0.9577887454625545,0.9994490224995666,0.9928101227097528,0.9961185110440877,3.0,,1.0,1.0,1.0,1.0,1.0,1.0,3.0
5,6,5114,0.022291748142354323,ok,38.0,38.0,0.8518885234018159,0.6891475081223543,0.7619248883100309,0.9119796095755756,0.6721486378658458,0.7739093767536851,3.0,0.93956300871385,0.9696951600703081,0.9543913097002608,1.0,0.9953302076254943,0.9976596393135035,3.0,,1.0,1.0,1.0,1.0,1.0,1.0,3.0
5,7,5133,0.0259107734268459,ok,38.0,38.0,0.825491583936318,0.654586673767925,0.7301719180584937,0.8946371840343543,0.6354868561430177,0.7431164487876816,3.0,0.9215145620156043,0.9594037359082942,0.9400775296486982,0.999350977425526,0.9908460321531477,0.9950803321929211,3.0,,1.0,1.0000000000000002,1.0000000000000002,1.0,1.0,1.0,3.0
5,8,5152,0.029503105590062112,ok,38.0,38.0,0.8325520616955427,0.6789942715042961,0.7479732088974977,0.9025862119781257,0.6568969349513194,0.7603879751379925,3.0,0.9074852325311311,0.9547884763327495,0.9305360842917872,0.9994490224359761,0.9928100080608021,0.9961184533053388,3.0,,1.0,1.0,1.0,1.0,1.0,1.0,3.0
5,9,5171,0.03306903887062464,ok,38.0,38.0,0.8643341957181631,0.7387549145891597,0.7966258779112422,0.9317684783977771,0.7147303329479638,0.8089446408422802,3.0,0.9060704170839916,0.9554770180554207,0.9301180769522627,0.9999999999999993,0.9974605565901806,0.9987286640522429,3.0,,1.0,1.0,1.0,1.0,1.0,1.0,3.0
5,10,5190,0.036608863198458574,ok,38.0,38.0,0.8520883768229931,0.730614264883348,0.7866896871758498,0.9275261677037611,0.7074288673600733,0.8026627915670872,3.0,0.8984048042965569,0.9493775634274266,0.9231881188747947,0.9995999999538338,0.9949317324759668,0.9972604030976957,3.0,,1.0,1.0,1.0,1.0,1.0,1.0,3.0
5,11,5209,0.040122864273373006,ok,38.0,38.0,0.8643340760708631,0.7632291520310392,0.8106412734827326,0.9432276759998398,0.7432966411961593,0.8314116272211001,3.0,0.8899384967539489,0.9436444570110109,0.9160049484733859,1.0,0.9933576682208374,0.9966677672125489,3.0,,1.0,1.0,1.0,1.0,1.0,1.0,3.0
5,12,5228,0.04361132364192808,ok,38.0,38.0,0.7776737696823891,0.6290965550883871,0.6955391095124327,0.8918648467353025,0.6119677355594535,0.7258687131899167,3.0,0.8826535131037735,0.93751001293272,0.9092551242216667,0.9991999996306704,0.9906959962245667,0.9949298266075894,3.0,,1.0,1.0,1.0,1.0,1.0,1.0,3.0
5,13,5247,0.04707451877263198,ok,38.0,38.0,0.8056587518977743,0.6929733497573306,0.7450795207807418,0.9236918538616182,0.6833228127515891,0.7855307469304754,3.0,0.8753868597060913,0.9377758939192394,0.9055080061011098,1.0,0.9974604420064233,0.9987286066145942,3.0,,1.0,1.0,1.0,1.0,1.0,1.0,3.0
5,14,5266,0.050512723129510065,ok,38.0,38.0,0.8196373747663749,0.7387587062130379,0.7770992932242329,0.9382549443184521,0.7358694722682996,0.8248289839012267,3.0,0.867709842322785,0.9319165108126356,0.8986678009536605,1.0,0.9953302076254943,0.9976596393135035,3.0,,1.0,0.9999999999999999,0.9999999999999999,1.0,1.0,1.0,3.0
5,15,5285,0.05392620624408704,ok,38.0,38.0,0.7953310233723545,0.7116387136519886,0.751160866067318,0.9273284597133014,0.7114281107879502,0.8051562337558663,3.0,0.8595481654496202,0.9259353377510516,0.8915075602347255,1.0,0.9933573256602997,0.996667594788857,3.0,,1.0,1.0,1.0,1.0,1.0,1.0,3.0
5,16,5304,0.05731523378582202,ok,38.0,38.0,0.7833483161313447,0.7072509217669749,0.7433571741652716,0.9376121616910807,0.7177768907697191,0.8130974904854711,3.0,0.8622604010827164,0.9273018749309702,0.8935991748594706,1.0000000000000007,0.9974603268839217,0.9987285489068813,3.0,,1.0,1.0000000000000002,1.0000000000000002,1.0,1.0,1.0,3.0
5,17,5323,0.06068006763103513,ok,38.0,38.0,0.6671082739418183,0.5529763300037337,0.6047041063325057,0.8420930213866801,0.562205891621299,0.6742576719691331,3.0,0.8521630277080667,0.9206599791848565,0.8850882375752012,1.0,0.9953302076254943,0.9976596393135035,3.0,,1.0,1.0,1.0,1.0,1.0,1.0,3.0
5,18,5342,0.06402096593036316,ok,38.0,38.0,0.7580859131670635,0.6976327194680566,0.7266040639128443,0.9301929797425471,0.7172021975447641,0.8099288603122046,3.0,0.8503134863578335,0.9193002690719394,0.883462184226084,1.0000000000000007,0.9974603268839217,0.9987285489068813,3.0,,1.0,0.9999999999999999,0.9999999999999999,1.0,1.0,1.0,3.0
5,19,5361,0.06733818317478082,ok,38.0,38.0,0.7075746847391252,0.631044199727785,0.667121771342198,0.8980312652679537,0.6522099453077698,0.7556306959322314,3.0,0.838914232421781,0.9150945350516217,0.8753500480753312,1.0,1.0,1.0,3.0,,1.0,1.0,1.0,1.0,1.0,1.0,3.0
5,20,5380,0.07063197026022305,ok,38.0,38.0,0.6754118287418103,0.5928080126042254,0.6314197757083839,0.8759559403699284,0.6154406627660249,0.7229450615101903,3.0,0.8352456837814521,0.910317200627017,0.8711671398230849,0.9999999999999999,0.99746009502222,0.9987284326810284,3.0,,1.0,1.0,1.0,1.0,1.0,1.0,3.0
5,21,5399,0.07390257455084275,ok,38.0,38.0,0.6725010641929576,0.5882279834134656,0.6275479185391581,0.8961984565358054,0.6185210514529895,0.7319079324238468,3.0,0.8304054521352852,0.9038059206938709,0.8655523495869482,0.9994490224359761,0.9928100080608021,0.9961184533053388,3.0,,1.0,1.0,1.0,1.0,1.0,1.0,3.0
5,22,5418,0.07715023994093761,ok,38.0,38.0,0.7440066275080328,0.7295569557414755,0.7367109453387389,0.9532650627048725,0.7763939800332381,0.8557862998113795,3.0,0.8263790446499618,0.904641572752315,0.8637411144918391,1.0,1.0,1.0,3.0,,1.0,1.0,1.0,1.0,1.0,1.0,3.0
5,23,5437,0.08037520691557844,ok,38.0,38.0,0.7303659565088729,0.7171214483057955,0.7236831087894008,0.9501834587776306,0.7673297962011326,0.8490229436820758,3.0,0.8194004435517169,0.8961565528190084,0.8560614172832662,0.9994490224995667,0.9928101227097528,0.9961185110440878,3.0,,1.0,1.0,1.0,1.0,1.0,1.0,3.0
5,24,5456,0.08357771260997067,ok,38.0,38.0,0.7008699777708649,0.6732945821979629,0.6868056018982686,0.9331010199503388,0.7213375650773611,0.813666731172025,3.0,0.8148304318805544,0.8917269738746503,0.8515462448452183,1.0000000000000007,0.9914891905903477,0.9957264094377892,3.0,,1.0,1.0,1.0,1.0,1.0,1.0,3.0
5,25,5475,0.0867579908675799,ok,38.0,38.0,0.6623857211441673,0.6111912690334353,0.6357595537891659,0.9068376307909194,0.6546481934219294,0.7603778497618627,3.0,0.8143221032018458,0.8944172886224643,0.8524925112582934,1.0,1.0,1.0,3.0,,1.0,1.0000000000000002,1.0000000000000002,1.0,1.0,1.0,3.0
5,26,5494,0.08991627229705133,ok,38.0,38.0,0.6156280182514136,0.5583360111054408,0.5855840271759427,0.8686597800957844,0.6036506606198639,0.7123050079762338,3.0,0.8017109908220516,0.8854155120605454,0.8414868075991222,1.0,0.9953302076254943,0.9976596393135035,3.0,,1.0,0.9999999999999999,0.9999999999999999,1.0,1.0,1.0,3.0
5,27,5513,0.09305278432795211,ok,38.0,38.0,0.5110155832846399,0.7012916830460879,0.5912213651067844,0.752774757535453,0.758613211273134,0.7556827075042682,2.0,0.8025424765925367,0.8826628042151471,0.8406980454647381,1.0,0.9933576682208374,0.9966677672125489,3.0,,1.0,1.0,1.0,1.0,1.0,1.0,3.0
5,28,5532,0.09616775126536514,ok,38.0,38.0,0.6173084410057789,0.5716462137911855,0.5936004903442745,0.8807879458937384,0.6225746818108063,0.7295063280838135,3.0,0.8031806534298355,0.8832533040314102,0.8413160358131742,0.9999999999999993,0.9974605565901806,0.9987286640522429,3.0,,1.0,1.0,1.0,1.0,1.0,1.0,3.0
5,29,5551,0.09926139434336155,ok,38.0,38.0,0.44939598688848825,0.6296495039213873,0.5244671566093516,0.6752737622605987,0.6868256951441251,0.6810007428692716,2.0,0.8020778942156626,0.882319896602078,0.8402875954231777,1.0,1.0,1.0,3.0,,1.0,1.0,1.0,1.0,1.0,1.0,3.0
5,30,5570,0.10233393177737882,ok,38.0,38.0,0.6373836978894043,0.609229227042556,0.6229885312891037,0.9226917586798972,0.672566597717373,0.7780202553255339,3.0,0.7895851087338874,0.8723925058866864,0.8289258839102064,1.0000000000000002,0.9933573256602999,0.9966675947888572,3.0,,1.0,0.9999999999999999,0.9999999999999999,1.0,1.0,1.0,3.0
5,31,5589,0.10538557881553051,ok,38.0,38.0,0.5804953035073156,0.5375334524185679,0.5581889427318759,0.8592274632987574,0.5938178880343283,0.7022831560337187,3.0,0.7825169344500913,0.8690349156092237,0.8235097651559657,1.0000000000000009,0.9953297500818402,0.997659409469554,3.0,,1.0,1.0000000000000002,1.0000000000000002,1.0,1.0,1.0,3.0
5,32,5608,0.10841654778887304,ok,38.0,38.0,0.6307413583110969,0.6218030057814257,0.6262402893052793,0.9191498051991716,0.6931061958393592,0.7902819707015756,3.0,0.7843940682161773,0.8687720676739143,0.8244297311938498,0.9999999999999993,0.9974605565901806,0.9987286640522429,3.0,,1.0,1.0000000000000002,1.0000000000000002,1.0,1.0,1.0,3.0
5,33,5627,0.11142704816065399,ok,38.0,38.0,0.6455061846069126,0.6550210893749143,0.6502288305648756,0.9376018496216936,0.7356629962338279,0.8244468742357497,3.0,0.7816060985369396,0.8620222610275383,0.8198469591657038,1.0000000000000004,0.9897001551846162,0.9948234185997599,3.0,,1.0,1.0,1.0,1.0,1.0,1.0,3.0
5,34,5646,0.11441728657456607,ok,38.0,38.0,0.5306541628517927,0.7474148673452781,0.6206531906542417,0.8295585929760304,0.8318667228985882,0.8307110546561721,2.0,0.7778631752406818,0.8626597929319184,0.8180699675664543,1.0,0.9974604420064233,0.9987286066145942,3.0,,1.0,1.0,1.0,1.0,1.0,1.0,3.0
5,35,5665,0.11738746690203,ok,38.0,38.0,0.6389412386292413,0.6536501895483496,0.6462120243658002,0.942482722287666,0.7406709227132876,0.8294781045467079,3.0,0.7658461846189695,0.8517705439856726,0.8065263047136609,0.9990290494055448,0.9887385269093003,0.9938571515288481,3.0,,1.0,1.0,1.0,1.0,1.0,1.0,3.0
5,36,5684,0.1203377902885292,ok,38.0,38.0,0.5231645229332876,0.7427563079415987,0.6139147725871669,0.8303963775872866,0.8326473045482781,0.8315203177547635,2.0,0.7753322617202613,0.8593896891623687,0.8151998583460285,1.0,1.0,1.0,3.0,,1.0,1.0,1.0,1.0,1.0,1.0,3.0
5,37,5703,0.12326845519901806,ok,38.0,38.0,0.6042701198344702,0.6097686819367748,0.6070069489832827,0.9251303428836323,0.6971471602768877,0.7951191952928061,3.0,0.7725730871679674,0.8532298153288644,0.8109007450780584,0.9994490224359766,0.9928102358467883,0.996118567958659,3.0,,1.0,1.0,1.0,1.0,1.0,1.0,3.0
5,38,5722,0.12617965746242574,ok,38.0,38.0,0.4602940938674205,0.663127676056492,0.5434001030432307,0.7432714655759657,0.7497333216521317,0.7464884098732375,2.0,0.7595187375430668,0.8463317434189406,0.8005786652305203,1.0,0.9933580093953659,0.9966679389385508,3.0,,1.0,1.0,1.0,1.0,1.0,1.0,3.0
5,39,5741,0.1290715903152761,ok,38.0,38.0,0.5702997847867999,0.5684787900516869,0.569387831463758,0.899480302811102,0.6548579477669758,0.7579197448645787,3.0,0.7635512428641061,0.8469916697950846,0.8031099787335317,0.9995999999538338,0.9949317324759668,0.9972604030976957,3.0,,1.0,1.0,1.0,1.0,1.0,1.0,3.0
5,40,5760,0.13194444444444445,ok,38.0,38.0,0.6295206132908966,0.6748400503844638,0.6513930298913418,0.9563113916940555,0.7866679182583616,0.863233989543177,3.0,0.757270243907758,0.842728822082429,0.7977172914804347,0.9995999999538338,0.9949317324759668,0.9972604030976957,3.0,,1.0,1.0000000000000002,1.0000000000000002,1.0,1.0,1.0,3.0
5,41,5779,0.13479840802907078,ok,38.0,38.0,0.4376792759669504,0.6376712061008927,0.5190781544162693,0.7236527249912432,0.7313184535357684,0.7274653952572651,2.0,0.7519066284435593,0.8377806299558372,0.7925241968406705,0.9994490224359764,0.992810235846788,0.9961185679586588,3.0,,0.6873417233391399,1.0000000000000002,0.8147036416297881,1.0,1.0,1.0,2.0
5,42,5798,0.13763366678164884,ok,38.0,38.0,0.5672382306176313,0.5774281862958951,0.5722878523621008,0.9114192464837096,0.6740923465867847,0.7749936881845891,3.0,0.7584826671399622,0.8390555350030524,0.7967372288361597,0.9994490224359766,0.9928102358467882,0.9961185679586589,3.0,,1.0,1.0,1.0,1.0,1.0,1.0,3.0
5,43,5817,0.14045040398831013,ok,38.0,38.0,0.38906613830976605,0.5760364614374224,0.46444032299941646,0.6529892634585294,0.6666258828239069,0.6597371141940622,2.0,0.7493018809198221,0.8334347210122056,0.7891321946001882,0.9994490224995667,0.992810122709753,0.9961185110440879,3.0,,1.0,1.0,1.0,1.0,1.0,1.0,3.0
5,44,5836,0.14324880054832076,ok,38.0,38.0,0.5994272004446061,0.6541292785701868,0.6255847083816155,0.9537564075135462,0.7780550490845192,0.8569928159735629,3.0,0.7482017634705014,0.8334091569120103,0.7885102370729998,1.0000000000000007,0.9974603268839217,0.9987285489068813,3.0,,1.0,1.0,1.0,1.0,1.0,1.0,3.0
5,45,5855,0.14602903501280956,ok,39.0,39.0,0.4442473544243827,0.6541747328661061,0.5291506748993271,0.7520631611259315,0.7579876731622647,0.7550137950708302,2.0,0.7470982782311819,0.8312852521798414,0.7869466053802611,1.0000000000000007,0.9974603268839217,0.9987285489068813,3.0,,1.0,1.0,1.0,1.0,1.0,1.0,3.0
5,46,5874,0.1487912836227443,ok,38.0,38.0,0.48183390929311143,0.7070321191083558,0.5731041880367879,0.8214475600392314,0.8240387292330209,0.8227411044617915,2.0,0.7443657157634034,0.8284971772056499,0.7841813766163747,1.0,0.9974604420064233,0.9987286066145942,3.0,failed,,,,,,,
5,47,5893,0.15153572034617344,ok,40.0,40.0,0.5065261453960267,0.7409153103353663,0.6017003435067569,0.8711852073506706,0.8723382614196118,0.8717613531073123,2.0,0.742105008129182,0.8259260087854187,0.7817751318081069,1.0,0.9974604420064233,0.9987286066145942,3.0,,1.0,1.0,1.0,1.0,1.0,1.0,3.0
5,48,5912,0.15426251691474965,ok,38.0,38.0,0.49586474810150394,0.7310306955946106,0.5909099322000144,0.8532448459295273,0.8548368425635993,0.8540401023460734,2.0,0.7422712589379734,0.8236143328916561,0.7808300311908916,0.9999999999999993,0.9953299793443173,0.997659524638016,3.0,,1.0,1.0,1.0,1.0,1.0,1.0,3.0
5,49,5931,0.1569718428595515,ok,38.0,38.0,0.4377516595899443,0.6498174397366755,0.5231091299878674,0.7617762538468829,0.767055296927939,0.7644066611407048,2.0,0.7368947343900756,0.8204921504097918,0.7764497712757635,0.9999999999999993,0.9974605565901806,0.9987286640522429,3.0,,1.0,1.0,1.0,1.0,1.0,1.0,3.0
5,50,5950,0.15966386554621848,ok,38.0,38.0,0.5536846181764481,0.7001002441011512,0.6183433027516617,0.8693353364176333,0.8705513787408157,0.8699429326208296,3.0,0.7237839945045846,0.8078533082348553,0.7635114310185188,0.998791631064542,0.985108227900244,0.9919027407290618,3.0,failed,,,,,,,
5,51,5969,0.16233875020941532,ok,38.0,38.0,0.33295435286299924,0.5100102753943385,0.4028879397904294,0.5872493627467188,0.6081895116660604,0.5975360360111676,2.0,0.7343975671546263,0.8164463711190892,0.7732515359727405,1.0000000000000007,0.9974603268839217,0.9987285489068813,3.0,,1.0,1.0,1.0,1.0,1.0,1.0,3.0
5,52,5988,0.16499665998663995,ok,39.0,39.0,0.4223351471431348,0.6354708798907136,0.5074308156787124,0.7426319173524532,0.7490882997785097,0.7458461364836013,2.0,0.7253823100679936,0.8087694651357036,0.7648096784357564,0.9994490224995666,0.9928101227097528,0.9961185110440877,3.0,,1.0,1.0000000000000002,1.0000000000000002,1.0,1.0,1.0,3.0
5,53,6007,0.16763775595139005,ok,46.0,46.0,0.5401190308241169,0.6934287876210794,0.6072469654034405,0.871197287351564,0.8723287704238593,0.871762661742656,3.0,0.7235555563416618,0.8082807087163224,0.7635750781149364,1.0000000000000007,0.9974603268839217,0.9987285489068813,3.0,,1.0,1.0,1.0,1.0,1.0,1.0,3.0
5,54,6026,0.17026219714570195,ok,42.0,42.0,0.35489809409380785,0.545893788423924,0.4301474488153713,0.6326773746966728,0.6483947922086647,0.6404396653040164,2.0,0.7248100837845317,0.8084777485048701,0.7643611490176367,1.0,1.0,1.0,3.0,,1.0,1.0,1.0,1.0,1.0,1.0,3.0
5,55,6045,0.1728701406120761,ok,36.0,36.0,0.0,1.0,0.0,0.0,1.0,0.0,1.0,0.7160956668492399,0.8028750834165448,0.7570065034566458,1.0,1.0,1.0,3.0,,1.0,1.0,1.0,1.0,1.0,1.0,3.0
5,56,6064,0.17546174142480211,ok,42.0,42.0,0.290831139857029,0.4685642892122312,0.358898884853475,0.5201732936259488,0.5507426362923248,0.5350216633387446,2.0,0.7197410500006102,0.8030445051502924,0.7591142342781361,1.0,1.0,1.0,3.0,,1.0,1.0,1.0,1.0,1.0,1.0,3.0
5,57,6083,0.17803715272069703,ok,42.0,42.0,0.4699086130517759,0.7078689627978066,0.5648498143476254,0.8506175453047031,0.8523063386434367,0.8514611045840469,2.0,0.7178978809953459,0.8007237312114747,0.7570521389644461,1.0,1.0,1.0,3.0,failed,,,,,,,
5,58,6102,0.1805965257292691,ok,50.0,50.0,0.3976155828370655,0.6059833657090725,0.4801687556469225,0.7255519969652531,0.7331348186165549,0.7293236985621713,2.0,0.7106405418325101,0.7957861328084006,0.7508070563561456,1.0,1.0,1.0,3.0,,1.0,1.0,1.0,1.0,1.0,1.0,3.0
5,59,6121,0.18314000980231987,ok,39.0,39.0,0.42441289963958245,0.4620091831783527,0.44241374598767447,0.7566656370719004,0.5730071747834884,0.652152672580136,3.0,0.7083708697031683,0.7897558959204168,0.7468527813312078,0.9991999999999986,0.9906960001202472,0.9949298287552029,3.0,,1.0,1.0,1.0,1.0,1.0,1.0,3.0
5,60,6140,0.18566775244299674,ok,50.0,50.0,0.4431220564120487,0.6682726419419402,0.5328914161274979,0.8158873042871331,0.8186522113863131,0.8172674193459145,2.0,0.7043995557207039,0.7899074922277546,0.7447070364147508,1.0,1.0,1.0,3.0,,1.0,1.0,1.0,1.0,1.0,1.0,3.0
5,61,6159,0.1881798993343075,ok,48.0,48.0,0.35424060673911745,0.5471186122991574,0.4300430396349839,0.6580487944890842,0.6711940658156417,0.6645564314363986,2.0,0.7056166689324015,0.7873747512292278,0.7442571225274679,0.9999999999999993,0.9953299793443173,0.997659524638016,3.0,,1.0,1.0,1.0,1.0,1.0,1.0,3.0
5,62,6178,0.1906765943671091,ok,46.0,46.0,0.0,1.0,0.0,0.0,1.0,0.0,1.0,0.711151758208438,0.7887741648553297,0.747954449671062,1.0000000000000009,0.9953297500818402,0.997659409469554,3.0,,1.0,1.0,1.0,1.0,1.0,1.0,3.0
5,63,6197,0.19315797966758108,ok,46.0,46.0,0.2532499590771558,0.41226556342448906,0.31376048652843974,0.4750861826693044,0.5130728684376223,0.49334938585882393,2.0,0.7004905395945583,0.7797333126949871,0.7379908222729045,0.9990290494055448,0.9887385269093003,0.9938571515288481,3.0,,0.6422429457698136,1.0000000000000007,0.7821533926196986,1.0,1.0,1.0,2.0
5,64,6216,0.1956241956241956,ok,56.0,56.0,0.5312510284117548,0.8065030041525266,0.640559534777723,1.0,1.0,1.0,2.0,0.7027154378396584,0.7818768957439588,0.7401856424829542,0.9999999999999993,0.9953299793443173,0.997659524638016,3.0,,1.0,1.0,1.0,1.0,1.0,1.0,3.0
5,65,6235,0.19807538091419408,ok,55.0,55.0,0.33393600912335175,0.5269344555340775,0.4088010830309011,0.6273161059712178,0.6436119368308478,0.6353595488839184,2.0,0.7005700901646479,0.7785386806404186,0.7374993975541854,0.9994490224995667,0.9928101227097528,0.9961185110440878,3.0,,1.0,1.0,1.0,1.0,1.0,1.0,3.0
5,66,6254,0.20051167252958108,ok,52.0,52.0,0.23942436801843037,0.4030694111657793,0.30040645423357065,0.4540178016833884,0.4959025647563664,0.4740367724584813,2.0,0.6937097425549824,0.7729197211302711,0.7311757387086241,0.9991999999076684,0.990695999146329,0.9949298282183013,3.0,,1.0,1.0,1.0,1.0,1.0,1.0,3.0
5,67,6273,0.20293320580264626,ok,56.0,56.0,0.271538213731039,0.443718129708771,0.3369041867192787,0.5171544661544822,0.548117552902581,0.5321860245839262,2.0,0.6984139640542588,0.7756346062091678,0.7350016151549192,0.9999999999999993,0.9953299793443173,0.997659524638016,3.0,,1.0,1.0,1.0,1.0,1.0,1.0,3.0
5,68,6292,0.2053401144310235,ok,59.0,59.0,0.5244070705371486,0.8020897782735689,0.6341840183176393,1.0,1.0,1.0,2.0,0.69618658769666,0.7731782989570037,0.7326653393192983,1.0000000000000009,0.9953297500818402,0.997659409469554,3.0,,1.0,0.9999999999999998,0.9999999999999999,1.0,1.0,1.0,3.0
5,69,6311,0.20773253050229756,ok,55.0,55.0,0.4254592100462187,0.42145094298483204,0.4234455913270565,0.8054468151782374,0.5306493753558463,0.6397890397185206,3.0,0.6880961352543605,0.7641939630083672,0.7241513429855305,0.9987916306461478,0.9851085601761536,0.9919029089603523,3.0,,1.0,1.0000000000000002,1.0000000000000002,1.0,1.0,1.0,3.0
5,70,6330,0.21011058451816747,ok,46.0,46.0,0.4284495761324802,0.6585877428859342,0.519157225513332,0.8304135769773365,0.8326348360532249,0.8315227230972865,2.0,0.6949548736291709,0.7706870376527195,0.7308643519768642,1.0000000000000007,0.997460670635312,0.9987287212198878,3.0,,1.0,1.0,1.0,1.0,1.0,1.0,3.0
5,71,6349,0.21247440541817608,ok,50.0,50.0,0.4962956782289336,0.5564231294184014,0.5246422736839385,0.9355047573415468,0.7235906167902028,0.8160139253346916,3.0,0.685148283066075,0.7628731814983265,0.7219247273492142,1.0000000000000002,0.9933573256602997,0.9966675947888571,3.0,,1.0,1.0,1.0,1.0,1.0,1.0,3.0
5,72,6368,0.21482412060301506,ok,53.0,53.0,0.0,1.0,0.0,0.0,1.0,0.0,1.0,0.6883627646611231,0.7633186108139292,0.7239055596276665,1.0,0.9933576682208376,0.996667767212549,3.0,,0.6292892850688206,1.0000000000000002,0.7724709059781728,1.0,1.0,1.0,2.0
5,73,6387,0.2171598559574135,ok,54.0,54.0,0.4893302483727773,0.5286404912416185,0.5082263621391618,0.9148663796460434,0.6852757913090821,0.7836000995834006,3.0,0.6762656941429263,0.7557065106757092,0.7137825528885382,1.0000000000000002,0.9933573256602999,0.9966675947888572,3.0,,0.6280513149650064,0.9999999999999999,0.7715374929426052,1.0,1.0,1.0,2.0
5,74,6406,0.21948173587261943,ok,71.0,71.0,0.0,1.0,0.0,0.0,1.0,0.0,1.0,0.6883809818322296,0.7621811717088477,0.7234037121872531,1.0,0.9974604420064233,0.9987286066145942,3.0,,1.0,1.0,1.0,1.0,1.0,1.0,3.0
5,75,6425,0.22178988326848248,ok,57.0,57.0,0.0,1.0,0.0,0.0,1.0,0.0,1.0,0.6779047374142935,0.7562019820787875,0.7149159809731468,1.0,1.0,1.0,3.0,,1.0,1.0,1.0,1.0,1.0,1.0,3.0
5,76,6444,0.22408441961514589,ok,62.0,62.0,0.0,1.0,0.0,0.0,1.0,0.0,1.0,0.6792849264006435,0.7548215901954981,0.7150639403808774,1.0,0.9974604420064233,0.9987286066145942,3.0,,1.0,1.0,1.0,1.0,1.0,1.0,3.0
5,77,6463,0.22636546495435556,ok,57.0,57.0,0.0,1.0,0.0,0.0,1.0,0.0,1.0,0.6773080219533497,0.7524895602411734,0.7129221953295418,1.0000000000000007,0.9974603268839217,0.9987285489068813,3.0,,0.6229466195894471,1.0000000000000009,0.767673578502579,1.0,1.0,1.0,2.0
5,78,6482,0.22863313792039494,ok,54.0,54.0,0.4990304477057174,0.7721373991135502,0.6062457808921394,1.0,1.0,1.0,2.0,0.6763081584113744,0.7507437229561059,0.7115846471185112,1.0,0.9974604420064233,0.9987286066145942,3.0,,1.0,1.0,1.0,1.0,1.0,1.0,3.0
5,79,6501,0.2308875557606522,ok,76.0,76.0,0.32169467774946664,0.5155043493663409,0.39616626435690777,0.6425097600245165,0.6571352016504036,0.64974018776933,2.0,0.672154076950681,0.7464660058136576,0.7073636912499424,0.9995999999538338,0.9949317324759668,0.9972604030976957,3.0,,1.0,1.0,1.0,1.0,1.0,1.0,3.0
5,80,6520,0.2331288343558282,ok,58.0,58.0,0.0,1.0,0.0,0.0,1.0,0.0,1.0,0.6713953687531264,0.745622081317449,0.7065646399932044,1.0000000000000007,0.9974603268839217,0.9987285489068813,3.0,,1.0,1.0,1.0,1.0,1.0,1.0,3.0
5,81,6539,0.235357088239792,ok,66.0,66.0,0.40944748624417104,0.5447171912530355,0.4674939031647264,0.722944468827692,0.7307581567701114,0.7268303134149195,3.0,0.6743430488246754,0.7453951512622171,0.7080911661749042,1.0000000000000009,0.9953297500818402,0.997659409469554,3.0,,1.0,1.0,1.0,1.0,1.0,1.0,3.0
5,82,6558,0.2375724306190912,ok,74.0,74.0,0.520113381767909,0.5354033480495115,0.5276476214868921,0.9407117352286245,0.7392078822107458,0.8278747653760813,4.0,0.6730671231110146,0.744135931760292,0.7068195754614931,1.0000000000000007,0.9974603268839217,0.9987285489068813,3.0,,1.0,1.0,1.0,1.0,1.0,1.0,3.0
5,83,6577,0.23977497339212406,ok,71.0,71.0,0.5531451727714781,0.7033270556379221,0.6192607475267343,1.0,1.0,1.0,3.0,0.672015811138409,0.7431081591475635,0.705776232780798,1.0,1.0,1.0,3.0,,1.0,1.0,1.0,1.0,1.0,1.0,3.0
5,84,6596,0.2419648271679806,ok,59.0,59.0,0.46803241859398276,0.5169904786904144,0.49129478065660465,0.9229558102008032,0.6971675268426378,0.7943281907869755,3.0,0.666184879582816,0.7379934946966387,0.700253068132692,1.0,0.9974604420064233,0.9987286066145942,3.0,,1.0,1.0,1.0,1.0,1.0,1.0,3.0
5,85,6615,0.24414210128495842,ok,73.0,73.0,0.0,1.0,0.0,0.0,1.0,0.0,1.0,0.6601211390126712,0.7315180291050792,0.6939881050262169,0.9993509775004329,0.9908458061566462,0.9950802182639501,3.0,,1.0,1.0,1.0,1.0,1.0,1.0,3.0
5,86,6634,0.24630690382876091,ok,65.0,65.0,0.0,1.0,0.0,0.0,1.0,0.0,1.0,0.666756654441459,0.7348338454934873,0.6991419482571128,1.0000000000000002,0.9933576682208376,0.9966677672125491,3.0,,1.0,1.0,1.0,1.0,1.0,1.0,3.0
5,87,6653,0.24845934165038328,ok,62.0,62.0,0.3708491972996339,0.5841574094008198,0.45368127268019404,0.7687756468923634,0.7737144570280772,0.7712371453145003,2.0,0.6615241557983257,0.729427619081735,0.6938184323042191,0.9992780719051126,0.9889852105100206,0.9941049991132737,3.0,,1.0,1.0,1.0,1.0,1.0,1.0,3.0
5,88,6672,0.25059952038369304,ok,69.0,69.0,0.0,1.0,0.0,0.0,1.0,0.0,1.0,0.6589838581967955,0.7292594802205771,0.6923429237560125,0.9999999999999993,0.9974605565901806,0.9987286640522429,3.0,,1.0,1.0,1.0,1.0,1.0,1.0,3.0
5,89,6691,0.2527275444627111,ok,77.0,77.0,0.4076870225670082,0.6371602927560142,0.49722476928854503,0.8454633889364883,0.8472729785936941,0.8463672165102988,2.0,0.6588813378482016,0.7287552116865257,0.6920590395242407,1.0,1.0,1.0,3.0,,1.0,0.9999999999999998,0.9999999999999999,1.0,1.0,1.0,3.0
5,90,6710,0.2548435171385991,ok,66.0,66.0,0.0,1.0,0.0,0.0,1.0,0.0,1.0,0.6554730583779708,0.7239158614311426,0.6879964553670026,1.0,0.9933580093953659,0.9966679389385508,3.0,,0.0,1.0,0.0,0.0,1.0,0.0,1.0
5,91,6729,0.25694754049635904,ok,63.0,63.0,0.3948062711721194,0.6179412149787236,0.4817924906761632,0.820645658990002,0.8232658949597917,0.8219536887735818,2.0,0.6503000797004791,0.720992546996658,0.6838241548846752,1.0,0.9974604420064233,0.9987286066145942,3.0,,1.0,1.0,1.0,1.0,1.0,1.0,3.0
5,92,6748,0.25903971547125076,ok,70.0,70.0,0.47363523794714457,0.7420505375192877,0.578210735042789,1.0,1.0,1.0,2.0,0.6504848931344934,0.7199327674393058,0.6834491451251374,0.9999999999999993,0.9974605565901806,0.9987286640522429,3.0,failed,,,,,,,
5,93,6767,0.26112014186493276,ok,80.0,80.0,0.38512294978130834,0.6070664008454175,0.4712713412193557,0.8158489075156148,0.8186790159909028,0.817261511653182,2.0,0.6541455015810987,0.7201710287517731,0.6855722512671818,0.9995999999538338,0.9949317324759668,0.9972604030976957,3.0,,1.0,1.0,1.0,1.0,1.0,1.0,3.0
5,94,6786,0.2631889183613322,ok,78.0,78.0,0.4709958056672867,0.7391690117517201,0.5753687418492381,1.0,1.0,1.0,2.0,0.6510807859882615,0.7179841477428541,0.682897752651577,1.0,0.9974604420064233,0.9987286066145942,3.0,,1.0,1.0,1.0,1.0,1.0,1.0,3.0
5,95,6805,0.2652461425422483,ok,71.0,71.0,0.4587051082811044,0.4844505219378793,0.4712264275425192,0.9091489289163226,0.6582504281577005,0.7636186259964396,3.0,0.6455467633609688,0.713703003529257,0.677916119836308,1.0,0.9974604420064233,0.9987286066145942,3.0,,1.0,1.0,1.0,1.0,1.0,1.0,3.0
5,96,6824,0.2672919109026964,ok,68.0,68.0,0.4535576790310359,0.510458932646134,0.4803290024823198,0.9289168188978325,0.7104755740969921,0.8051430676571069,3.0,0.6532152906755326,0.7176959647335318,0.683939206670505,1.0,1.0,1.0,3.0,,1.0,1.0000000000000002,1.0000000000000002,1.0,1.0,1.0,3.0
5,97,6843,0.26932631886599445,ok,67.0,67.0,0.3453398186247527,0.5560690760941808,0.42607255154959517,0.7301225195559761,0.7373452476393692,0.7337161088287364,2.0,0.6492768144735244,0.7130857130714403,0.6796869568395046,1.0000000000000009,0.9953297500818402,0.997659409469554,3.0,,1.0,1.0,1.0,1.0,1.0,1.0,3.0
5,98,6862,0.271349460798601,ok,84.0,84.0,0.4713433835424723,0.7443261508982625,0.5771851584401704,1.0,1.0,1.0,2.0,0.6527705740806509,0.7146641157357145,0.6823166160371309,1.0,0.9974604420064233,0.9987286066145942,3.0,,1.0,1.0,1.0,1.0,1.0,1.0,3.0
5,99,6881,0.2733614300247057,ok,76.0,76.0,0.5600734259711903,0.6723582495584025,0.6111007949359136,1.0,1.0,1.0,3.0,0.6472036762586968,0.7097430142027109,0.677032179996296,1.0000000000000009,0.9953297500818402,0.997659409469554,3.0,,1.0,1.0,1.0,1.0,1.0,1.0,3.0
5,100,6900,0.2753623188405797,ok,73.0,73.0,0.24593410946246638,0.42335505635388404,0.31112844518805205,0.520615982953807,0.5511161493797199,0.5354320677244554,2.0,0.6451319029760348,0.7086295578813901,0.6753915640227174,1.0,1.0,1.0,3.0,,1.0,1.0,1.0,1.0,1.0,1.0,3.0
20,1,5019,0.003785614664275752,ok,38.0,38.0,0.779467751002057,0.8080832651351145,0.7935176115850159,0.8041671449030469,0.8074289481208211,0.805794745635158,2.0,0.8760070290525177,0.6109298216478822,0.7198406815585445,0.9038311528447164,0.6114337861268965,0.7294208287804059,3.0,,1.0,1.0,1.0,1.0,1.0,1.0,3.0
20,2,5038,0.007542675664946407,ok,38.0,38.0,0.8891844605317231,0.6938245449781829,0.7794497713945358,0.9201463213678824,0.6877831501650209,0.7871752421078843,3.0,0.8283913914445269,0.5993905835125147,0.6955263593513544,0.8727158894546475,0.5997829719852538,0.7109548857158506,3.0,,1.0,1.0,1.0,1.0,1.0,1.0,3.0
20,3,5057,0.011271504844769626,ok,38.0,38.0,0.8545943364506361,0.6465745871999203,0.7361716214724748,0.9006170112195246,0.6399387400666402,0.7482231200801875,3.0,0.8060918755669946,0.5973717797266339,0.6862116258078521,0.8683371088582044,0.6000486670193003,0.7096834268670075,3.0,,0.9938651204595854,0.9968797435152482,0.9953701494367163,1.0,1.0,1.0,3.0
20,4,5076,0.014972419227738377,ok,39.0,39.0,0.6892600670348927,0.7636289296319658,0.7245411431092276,0.7548302465488823,0.7605480219049262,0.7576783471661079,2.0,0.80911991970036,0.6325653661897772,0.7100318541167443,0.8844724921404276,0.6368658602439056,0.7405194691716828,3.0,,1.0,1.0,1.0,1.0,1.0,1.0,3.0
20,5,5095,0.018645731108930325,ok,38.0,38.0,0.8526804644032355,0.6818052359341598,0.7577288013580965,0.9068593770718868,0.6672775392476634,0.768836417344216,3.0,0.787141960555669,0.6253060000599598,0.6969525314332827,0.8758002290813582,0.6314569920422208,0.7338232261025072,3.0,,1.0,1.0,1.0,1.0,1.0,1.0,3.0
20,6,5114,0.022291748142354323,ok,38.0,38.0,0.44561742975003377,0.540460736093795,0.48847795730845006,0.5066102461119407,0.5393413505798963,0.5224636689113058,2.0,0.7902615059393372,0.6089047732811056,0.6878296171844256,0.8948730528343162,0.6149674015421097,0.7289747130783555,3.0,,1.0,1.0,1.0,1.0,1.0,1.0,3.0
20,7,5133,0.0259107734268459,ok,38.0,38.0,0.7994665457784245,0.6204378566860212,0.6986657824203244,0.8869161467369461,0.6115478396872734,0.7239301824197295,3.0,0.7674662923887678,0.6267080992027368,0.6899816037448259,0.8823226766978165,0.6380170323993332,0.7405409362617726,3.0,,1.0,1.0,1.0,1.0,1.0,1.0,3.0
20,8,5152,0.029503105590062112,ok,40.0,40.0,0.8287728947592459,0.6731086378072286,0.7428737648696784,0.9161629247111956,0.6609403800730113,0.7679003269228112,3.0,0.7696106252211206,0.605758779380488,0.6779246235555747,0.9016030068816101,0.6163033952670998,0.7321413145600848,3.0,,1.0,1.0,1.0,1.0,1.0,1.0,3.0
20,9,5171,0.03306903887062464,ok,38.0,38.0,0.7759724701257342,0.6273951654371931,0.6938187313603789,0.8778860345808696,0.6206477688964612,0.7271881454307423,3.0,0.7389941087125812,0.5921089574818932,0.6574472592059057,0.877151654448458,0.6051861801525531,0.7162200772039748,3.0,,1.0,1.0,1.0,1.0,1.0,1.0,3.0
20,10,5190,0.036608863198458574,ok,36.0,36.0,0.724476905191979,0.5675454287861963,0.6364805700174897,0.8356145182030181,0.5606791470145013,0.6710789384352257,3.0,0.7461106239701972,0.6156581323789786,0.6746359411756436,0.8868626617813046,0.6272907128721975,0.7348274232203685,3.0,,0.8395849667463847,0.9999999999999996,0.912798247347424,1.0,1.0,1.0,2.0
20,11,5209,0.040122864273373006,ok,40.0,40.0,0.8148892008329558,0.7183339587125853,0.7635712804129282,0.9314837689858001,0.720625057018627,0.8125984603093198,3.0,0.7274870085610101,0.6282093924595937,0.6742131517444572,0.8805032956401051,0.6484290221746745,0.7468530612650152,3.0,,1.0,1.0,1.0,1.0,1.0,1.0,3.0
20,12,5228,0.04361132364192808,ok,36.0,36.0,0.5399296374320838,0.6729629101143718,0.5991505526162462,0.6683156285041844,0.6804965009965253,0.6743510631487865,2.0,0.7261614881141751,0.6151318715365287,0.66605127358231,0.8834515394006818,0.6312594166201837,0.7363610874503972,3.0,,1.0,1.0,1.0,1.0,1.0,1.0,3.0
20,13,5247,0.04707451877263198,ok,38.0,38.0,0.7853115955325357,0.7018331082166562,0.7412293862482587,0.9295481522125055,0.7143729601499705,0.8078782614376021,3.0,0.7149260870627553,0.6142187046965443,0.660757169379898,0.8812267912704134,0.6342664260233674,0.7376246373615739,3.0,,1.0,1.0,1.0,1.0,1.0,1.0,3.0
20,14,5266,0.050512723129510065,ok,38.0,38.0,0.8211341173221239,0.770936523260747,0.7952439614203781,0.9562006537120196,0.7865744814955313,0.8631326190107113,3.0,0.7116520372077411,0.6288948701382692,0.6677189930033209,0.880919634332034,0.651594494581562,0.7490989780387449,3.0,,1.0,1.0000000000000002,1.0000000000000002,1.0,1.0,1.0,3.0
20,15,5285,0.05392620624408704,ok,36.0,36.0,0.6527776499856681,0.533719145128244,0.5872749606133172,0.8211883355883152,0.5471752877563312,0.6567464322522499,3.0,0.7082229838372764,0.6095083479212047,0.6551681825193213,0.9029348860357126,0.6361198516061403,0.7463994511268709,3.0,,1.0,1.0,1.0,1.0,1.0,1.0,3.0
20,16,5304,0.05731523378582202,ok,38.0,38.0,0.6200860533030746,0.7855704300309522,0.6930872134479209,0.820645658990002,0.8232658949597917,0.8219536887735818,2.0,0.694288496601875,0.6086368297077075,0.6486473797714646,0.8739285871382566,0.6304032853856861,0.7324546698596381,3.0,,1.0,1.0,1.0,1.0,1.0,1.0,3.0
20,17,5323,0.06068006763103513,ok,38.0,38.0,0.705724291014811,0.6262279236734706,0.6636037728298924,0.9064222169839864,0.6559340600091568,0.7610981101097677,3.0,0.6954561570929615,0.6236689473977757,0.6576092108002408,0.8852846456935134,0.6510207026697926,0.7502917733329101,3.0,,1.0,1.0,1.0,1.0,1.0,1.0,3.0
20,18,5342,0.06402096593036316,ok,38.0,38.0,0.6897696266623494,0.6134679406543537,0.6493851359207216,0.8961762252635559,0.6449446723719832,0.7500827259911085,3.0,0.6845553815411243,0.6095918345376636,0.6449024742960602,0.8807472313123776,0.6365496815037583,0.7389975750186588,3.0,,0.7794360445075466,1.0,0.876048393999182,1.0,1.0,1.0,2.0
20,19,5361,0.06733818317478082,ok,38.0,38.0,0.7458423622696363,0.7096088408251389,0.7272745839957591,0.9430100132099267,0.7465468098266912,0.8333559515698381,3.0,0.6865723625133666,0.6251789387130562,0.6544389634597851,0.8860465246222715,0.655809112283803,0.7537377311415289,3.0,,1.0,1.0,1.0,1.0,1.0,1.0,3.0
20,20,5380,0.07063197026022305,ok,37.0,37.0,0.5865150964177842,0.7661805863684032,0.6644162263632045,0.8119498239518379,0.814865377832321,0.8134049882860439,2.0,0.6708328237333309,0.6034970634154191,0.6353859283196452,0.897346860188757,0.6411768166339931,0.7479351951482796,3.0,,1.0,1.0,1.0,1.0,1.0,1.0,3.0
20,21,5399,0.07390257455084275,ok,39.0,39.0,0.5371333273126176,0.44586215372946847,0.48726047428335184,0.7427769307200955,0.4745049508847072,0.5790792360516834,3.0,0.6573570616593795,0.5895064313176752,0.6215856309900398,0.8782610201247143,0.6231975143845129,0.7290645357734521,3.0,,1.0,1.0,1.0,1.0,1.0,1.0,3.0
20,22,5418,0.07715023994093761,ok,39.0,39.0,0.6774021865002108,0.6323986674240573,0.6541272877772076,0.9152252487408005,0.6788481507981415,0.779511116428091,3.0,0.6735780449126504,0.6260038399572431,0.648920160453646,0.8885408302213383,0.6625631898757373,0.7590908658330229,3.0,,1.0,1.0000000000000002,1.0000000000000002,1.0,1.0,1.0,3.0
20,23,5437,0.08037520691557844,ok,34.0,34.0,0.5097373106012021,0.426046755591436,0.464149658519276,0.7134009060896607,0.4521811522085124,0.5535199197784788,3.0,0.6540997068309601,0.602302241933898,0.627133251838541,0.8772332466426693,0.6399817571244252,0.740057636129891,3.0,,1.0,1.0,1.0,1.0,1.0,1.0,3.0
20,24,5456,0.08357771260997067,ok,36.0,36.0,0.7107254981134502,0.6015309365138907,0.651585106695849,0.8908683360119011,0.6364336093791846,0.7424577075680999,4.0,0.6551037773172002,0.6054948716745977,0.6293231837071455,0.8812337554881837,0.6426439180839437,0.743261120227902,3.0,,1.0,1.0,1.0,1.0,1.0,1.0,3.0
20,25,5475,0.0867579908675799,ok,40.0,40.0,0.7672757523857576,0.8823645003294066,0.8208054874442082,1.0,1.0,1.0,3.0,0.6630046599894295,0.6165597048805197,0.6389392651444139,0.8938442816706564,0.6555782591988525,0.7563913170433846,3.0,,0.742912905319397,0.9999999999999993,0.8524957306266024,1.0,1.0,1.0,2.0
20,26,5494,0.08991627229705133,ok,37.0,37.0,0.6696935368926005,0.6594374813326676,0.6645259393959522,0.933151882273491,0.7231876483902628,0.8148618116502714,3.0,0.6449327552277453,0.6036937064986614,0.6236322188903639,0.8774187917134014,0.644611752728037,0.7432104004331351,3.0,,1.0,1.0,1.0,1.0,1.0,1.0,3.0
20,27,5513,0.09305278432795211,ok,42.0,42.0,0.7502659638756732,0.8734603573723522,0.8071896949080202,1.0,1.0,1.0,3.0,0.6421577337493456,0.5976642073651199,0.6191126003137104,0.8821081098583404,0.639167414609314,0.7412395071318353,3.0,,0.734262115275495,1.0,0.8467717870419539,1.0,1.0,1.0,2.0
20,28,5532,0.09616775126536514,ok,39.0,39.0,0.6582317954870449,0.6602348407900476,0.6592317966019463,0.9386919104220544,0.7326880584352089,0.8229946105985764,3.0,0.6342498853792755,0.5950604199212033,0.614030487666847,0.8808857094180113,0.6401573272556434,0.7414720395971457,3.0,,1.0,1.0,1.0,1.0,1.0,1.0,3.0
20,29,5551,0.09926139434336155,ok,36.0,36.0,0.4505130207971077,0.6315259087720597,0.5258787592528157,0.6758578325219844,0.6873578719792152,0.6815593452875853,2.0,0.6336993379228922,0.5949203998844729,0.6136978788838611,0.8818199928913875,0.6401874916882657,0.7418230660352017,3.0,,0.7261147636348119,1.0000000000000007,0.8413284897764001,1.0,1.0,1.0,2.0
20,30,5570,0.10233393177737882,ok,37.0,37.0,0.2254517099416992,0.37018248120102093,0.2802333197733896,0.34455124384709496,0.40904816783393116,0.37403971615681325,2.0,0.6430380708363945,0.6165861367159793,0.6295343602974114,0.8903860143324708,0.6651712500314848,0.7614752497154095,3.0,,0.722246993685129,1.0,0.8387263805172585,1.0,1.0,1.0,2.0
20,31,5589,0.10538557881553051,ok,40.0,40.0,0.719043778448309,0.8571036974389128,0.782027177731673,1.0,1.0,1.0,3.0,0.6292635405721689,0.5981064135018826,0.6132895108762111,0.8821753972326648,0.6462980474284956,0.7460361692411634,3.0,,1.0,1.0,1.0,1.0,1.0,1.0,3.0
20,32,5608,0.10841654778887304,ok,39.0,39.0,0.5666198486306064,0.5201976262560587,0.5424173001597093,0.8433656559424642,0.5738086617587547,0.682951295920487,3.0,0.6143156877189901,0.5821242485882603,0.5977868963704708,0.8662056333828443,0.6289492989050333,0.7287531399706936,3.0,,1.0,1.0,1.0,1.0,1.0,1.0,3.0
20,33,5627,0.11142704816065399,ok,41.0,41.0,0.615210567206656,0.7422648148130261,0.6727918071843815,0.8603352617308332,0.8595171688228913,0.85992602070319,3.0,0.6238618534956958,0.5982381113822864,0.6107813562305123,0.8826450399589479,0.6498692515159875,0.7485788219571743,3.0,,1.0,1.0,1.0,1.0,1.0,1.0,3.0
20,34,5646,0.11441728657456607,ok,39.0,39.0,0.44280341169538867,0.39204418519836964,0.41588070298600577,0.6957720633021512,0.44063435746667934,0.5395623791864765,3.0,0.6232783104133297,0.60298588121106,0.6129641945207188,0.8910370334367492,0.6604060253065642,0.7585792109309688,3.0,,1.0,1.0,1.0,1.0,1.0,1.0,3.0
20,35,5665,0.11738746690203,ok,39.0,39.0,0.510549500928892,0.46302017387338945,0.4856246549361272,0.7994569237623701,0.5218056455612906,0.6314583427816427,3.0,0.6198374608882076,0.5955399546212837,0.6074458330710228,0.8818864971292595,0.6475527267958998,0.7467678309896422,3.0,,1.0,1.0,1.0,1.0,1.0,1.0,3.0
20,36,5684,0.1203377902885292,ok,35.0,35.0,0.538972088903059,0.45129619935890675,0.49125284161000143,0.7698452507876086,0.497269071705781,0.6042394540422463,4.0,0.6069810214691256,0.583173303369228,0.5948390389131344,0.8880800150677545,0.6405343693344463,0.7442632729017654,3.0,,1.0,1.0,1.0,1.0,1.0,1.0,3.0
20,37,5703,0.12326845519901806,ok,50.0,50.0,0.6000899734050605,0.7172956206218809,0.6534789993972684,0.8370245126117822,0.8390616370315107,0.8380418368554767,3.0,0.6045824077648646,0.5884490676495004,0.5964066522938293,0.893529086135268,0.6544281331238161,0.7555125741927398,3.0,,0.698787089912872,1.0000000000000007,0.8226894283128934,1.0,1.0,1.0,2.0
20,38,5722,0.12617965746242574,ok,42.0,42.0,0.5334923297156962,0.4958351003411618,0.5139748832326573,0.8449717552912595,0.5632104029809293,0.6759024462985802,3.0,0.6127098812144866,0.597455766115584,0.6049866847488613,0.8903145708171007,0.659009704837451,0.7573959199455286,3.0,,1.0,1.0,1.0,1.0,1.0,1.0,3.0
20,39,5741,0.1290715903152761,ok,45.0,45.0,0.612154417104041,0.6521642820380527,0.6315262855765318,0.9471799585495793,0.7590477211872125,0.842741912617623,3.0,0.6046352489956052,0.5944888915465008,0.5995191437024,0.8836623897699339,0.6592910419438167,0.7551630343514675,3.0,,1.0,1.0,1.0,1.0,1.0,1.0,3.0
20,40,5760,0.13194444444444445,ok,41.0,41.0,0.5621714839506158,0.5626947952326673,0.5624330178639736,0.9026318928989197,0.6528180292629615,0.7576642167343829,3.0,0.6040606939819082,0.5953422361536013,0.5996697778403043,0.8849151588319442,0.6611965858086168,0.7568701082288146,3.0,,0.6901058747259047,1.0000000000000007,0.8166421820619063,1.0,1.0,1.0,2.0
20,41,5779,0.13479840802907078,ok,47.0,47.0,0.6742842640573922,0.8214717883114584,0.7406361476502447,1.0,1.0,1.0,3.0,0.5982485770824024,0.5884835489922897,0.5933258872590447,0.892261976500246,0.6586476359239924,0.7578600799670578,3.0,,1.0,1.0,1.0,1.0,1.0,1.0,3.0
20,42,5798,0.13763366678164884,ok,42.0,42.0,0.5761492050073767,0.5812059044815022,0.5786665079147492,0.9169515456263759,0.6754190794241475,0.7778673621335683,3.0,0.5860931010651053,0.5761417722977448,0.5810748338708805,0.8797488368611024,0.6456011715511321,0.7447036766853017,3.0,,1.0,1.0,1.0,1.0,1.0,1.0,3.0
20,43,5817,0.14045040398831013,ok,42.0,42.0,0.5081787036884073,0.48532115133752546,0.4964869844954962,0.8345568299113921,0.563161886514559,0.6725109898196157,3.0,0.5841047394343692,0.5768023650498858,0.5804305854296044,0.8787200973583565,0.6481793978252093,0.7460455195109937,3.0,,1.0,1.0,1.0,1.0,1.0,1.0,3.0
20,44,5836,0.14324880054832076,ok,41.0,41.0,0.3778158598542886,0.34717012966894467,0.3618452851560761,0.6338757234395296,0.40081530861035664,0.4910975080313224,3.0,0.5832052595656712,0.5757957353715073,0.5794768128259428,0.8817299042471662,0.6479241754142808,0.746958582000318,3.0,,1.0,1.0000000000000002,1.0000000000000002,1.0,1.0,1.0,3.0
20,45,5855,0.14602903501280956,ok,51.0,51.0,0.5817595647190508,0.623325825742702,0.6018258356335561,0.9421697784964181,0.7414145274043571,0.8298228471366603,3.0,0.5809476523336853,0.573371461298839,0.5771346942501316,0.8855884943618291,0.6476059246865453,0.7481273720509971,3.0,,1.0,1.0,1.0,1.0,1.0,1.0,3.0
20,46,5874,0.1487912836227443,ok,42.0,42.0,0.46552757043199366,0.44109724236361075,0.4529832509847221,0.7887376653366933,0.5144298627025219,0.622713811013948,3.0,0.5821540955277763,0.5753371374172468,0.5787255424898505,0.8870126896471676,0.650009263104794,0.7502384253261226,3.0,,1.0,1.0,1.0,1.0,1.0,1.0,3.0
20,47,5893,0.15153572034617344,ok,45.0,45.0,0.4210532175697779,0.38982150987527686,0.40483590240396583,0.7183769006718276,0.45647143151757524,0.5582312597026572,3.0,0.5728076008170341,0.5712782033412274,0.5720418798408378,0.8852750212651869,0.6525864731205504,0.7513270941215999,3.0,,0.6725078449457437,0.9999999999999997,0.8041909602732653,1.0,1.0,1.0,2.0
20,48,5912,0.15426251691474965,ok,46.0,46.0,0.3052682913670023,0.47964148446560856,0.37308577607211285,0.5242387800956356,0.5540966263852168,0.5387543388179588,2.0,0.5740069173858248,0.5681780327021239,0.5710776018412355,0.8804299670948145,0.6435384074132572,0.7435725154677117,3.0,,1.0,1.0,1.0,1.0,1.0,1.0,3.0
20,49,5931,0.1569718428595515,ok,40.0,40.0,0.5460548399126288,0.572212803788585,0.558827884771058,0.9160297449911816,0.6864416978407015,0.7847890409992158,3.0,0.5728015185666999,0.5696759724633943,0.5712344701404682,0.8906549368401094,0.6503352457997956,0.751755986245716,3.0,,0.6681107554501836,1.0000000000000004,0.8010388438145121,1.0,1.0,1.0,2.0
20,50,5950,0.15966386554621848,ok,45.0,45.0,0.2891260613967172,0.4653566597307646,0.3566595613260028,0.4973173669601913,0.531411869830409,0.5137996324473971,2.0,0.566638062761609,0.5654251918004373,0.5660309775576254,0.8909853915811583,0.6489333451075581,0.7509358991812898,3.0,,0.6659157929703325,1.0,0.7994591272623723,1.0,1.0,1.0,2.0
20,51,5969,0.16233875020941532,ok,54.0,54.0,0.5373331185816027,0.5472627138523479,0.5422524629433723,0.8998904792147691,0.6530833331478297,0.7568749311226097,3.0,0.5703056557528471,0.5739784956138069,0.5721361812764927,0.8886009887505145,0.6608715994335519,0.7580013498425656,3.0,,1.0,1.0,1.0,1.0,1.0,1.0,3.0
20,52,5988,0.16499665998663995,ok,49.0,49.0,0.490327069800315,0.7310932826010268,0.5869802747329123,0.8594175895427275,0.8608488570635924,0.8601326278934428,2.0,0.5613805889263106,0.5631365918277855,0.5622572193236561,0.8802858415312718,0.6486873452369106,0.7469461080603478,3.0,,0.6618390259701812,0.9999999999999997,0.7965140012087509,1.0,1.0,1.0,2.0
20,53,6007,0.16763775595139005,ok,52.0,52.0,0.3518444707338088,0.5404519436947978,0.426214932642361,0.624605140986369,0.6412639009818928,0.6328249068473648,2.0,0.566595509366755,0.568635374637937,0.5676136093133383,0.8863695403160294,0.6547001696446246,0.7531213995861986,3.0,,0.6599022063385351,0.9999999999999993,0.7951097405842579,1.0,1.0,1.0,2.0
20,54,6026,0.17026219714570195,ok,41.0,41.0,0.41238788434479773,0.621455973546807,0.49578263136767525,0.7379421257396431,0.7447434987181574,0.741327212605612,2.0,0.5662998872486936,0.5699378435237589,0.5681130414615752,0.8998131831951776,0.6611859224995215,0.7622602824533505,3.0,,0.657847099631221,1.0,0.7936161299525819,1.0,1.0,1.0,2.0
20,55,6045,0.1728701406120761,ok,54.0,54.0,0.35012514949826673,0.334396564762924,0.34208015550154336,0.6274583878502471,0.4019927162807537,0.49003532207191847,3.0,0.5657538399186489,0.5710933798160537,0.5684110705015416,0.8974050987352423,0.664667903523983,0.7636984503610306,3.0,,1.0,1.0,1.0,1.0,1.0,1.0,3.0
20,56,6064,0.17546174142480211,ok,54.0,54.0,0.5531523751029913,0.8271186167797239,0.6629460882019057,1.0,1.0,1.0,2.0,0.5618259112656057,0.5683645378576743,0.5650763102106366,0.8876692564726363,0.6606484005640139,0.7575154515009358,3.0,,0.6541454603142693,0.9999999999999996,0.7909164895208053,1.0,1.0,1.0,2.0
20,57,6083,0.17803715272069703,ok,47.0,47.0,0.0,1.0,0.0,0.0,1.0,0.0,1.0,0.5582132733026357,0.5653321653170494,0.5617501663174265,0.8922842433562409,0.6604619544327156,0.7590677679529928,3.0,,1.0,1.0000000000000002,1.0000000000000002,1.0,1.0,1.0,3.0
20,58,6102,0.1805965257292691,ok,55.0,55.0,0.41095414453865237,0.6247573679084439,0.49578792277091577,0.7493979993273816,0.7553935889208296,0.75238384991374,2.0,0.546792119885529,0.5506633734863654,0.5487209187988336,0.875090008977509,0.6414919669101664,0.740300517885087,3.0,,0.0,1.0,0.0,0.0,1.0,0.0,1.0
20,59,6121,0.18314000980231987,ok,53.0,53.0,0.1967905031436887,0.34600828991251376,0.2508890820496743,0.3622364661578556,0.4226396408258924,0.3901137735975614,2.0,0.5556225010976596,0.5607118299031764,0.5581555644652392,0.8904972420797264,0.6546129657958528,0.7545494654032835,3.0,,0.0,1.0,0.0,0.0,1.0,0.0,1.0
20,60,6140,0.18566775244299674,ok,54.0,54.0,0.3972309565662983,0.6089580974042269,0.4808182052589893,0.7294396606086888,0.736756479718387,0.733079813451352,2.0,0.5543826839699788,0.5616676711267393,0.5580014012744517,0.8852588859212348,0.6555015859395471,0.7532495988654608,3.0,,0.6471223223546465,0.9999999999999996,0.7857610980944651,1.0,1.0,1.0,2.0
20,61,6159,0.1881798993343075,ok,55.0,55.0,0.4860973914152548,0.49596249979227064,0.49098039650591163,0.8735405433358634,0.6130195631813911,0.7204517865766775,3.0,0.5424906502453105,0.548951086940641,0.5457017483592187,0.8794322562140093,0.6458133465484406,0.7447313238203389,3.0,,1.0,1.0,1.0,1.0,1.0,1.0,3.0
20,62,6178,0.1906765943671091,ok,67.0,67.0,0.0,1.0,0.0,0.0,1.0,0.0,1.0,0.5499568065620309,0.5556407158161715,0.5527841506171004,0.8828243112369177,0.650124554357174,0.748812664010353,3.0,,0.6438348529694766,1.0000000000000007,0.7833327682600629,1.0,1.0,1.0,2.0
20,63,6197,0.19315797966758108,ok,61.0,61.0,0.0,1.0,0.0,0.0,1.0,0.0,1.0,0.5426579554768334,0.5501953352256734,0.5464006527985652,0.8777242321300127,0.6476579409905387,0.745341172797225,3.0,,0.6422429457698136,1.0000000000000007,0.7821533926196986,1.0,1.0,1.0,2.0
20,64,6216,0.1956241956241956,ok,60.0,60.0,0.4434491898623177,0.6777593272352723,0.536121194230905,0.8311843079908521,0.8334670200143808,0.8323240988778078,2.0,0.5497482870301024,0.5603363362983447,0.554991816960959,0.8958768229430588,0.665586201345043,0.7637494352164913,3.0,,0.6406234965069179,0.9999999999999999,0.7809512637980393,1.0,1.0,1.0,2.0
20,65,6235,0.19807538091419408,ok,54.0,54.0,0.3992493415434721,0.6157926962967369,0.4844229487221587,0.7514095075328306,0.7573289577036785,0.7543576203040158,2.0,0.5290980888131155,0.5420351435903022,0.5354884898859319,0.875747253732825,0.6499547146506621,0.7461431763230854,3.0,,0.6391573716940678,0.9999999999999996,0.7798609001568886,1.0,1.0,1.0,2.0
20,66,6254,0.20051167252958108,ok,50.0,50.0,0.27005883792183594,0.4427191948298207,0.33547675654333464,0.5110239973852247,0.5429615940407164,0.526508913348531,2.0,0.5336705769636797,0.5437880605628767,0.5386818164876386,0.8763934356044527,0.647550519673718,0.7447898890228007,3.0,,0.0,1.0,0.0,0.0,1.0,0.0,1.0
20,67,6273,0.20293320580264626,ok,65.0,65.0,0.3316612529809767,0.5189360516361833,0.4046826392898617,0.6343442187960531,0.6498200383868918,0.6419888768946321,2.0,0.5392692289111177,0.551446584585058,0.545289929375167,0.8872763570232471,0.6596705226910755,0.7567293562362646,3.0,,0.6361340071149771,1.0,0.7776062405018804,1.0,1.0,1.0,2.0
20,68,6292,0.2053401144310235,ok,74.0,74.0,0.4229024014529583,0.6581168963789243,0.5149199768655718,0.7898067691985717,0.7936985383087343,0.7917478713677857,2.0,0.5326760714601169,0.540855946984588,0.5367348455670323,0.8793633547178094,0.6428518231823294,0.74273380534793,3.0,,0.0,1.0,0.0,0.0,1.0,0.0,1.0
20,69,6311,0.20773253050229756,ok,61.0,61.0,0.0,1.0,0.0,0.0,1.0,0.0,1.0,0.5290743144455632,0.5389911426199967,0.5339866903988854,0.882201195672884,0.6472121055280033,0.7466540181158954,3.0,,0.6333516703974299,1.0000000000000002,0.7755239509974257,1.0,1.0,1.0,2.0
20,70,6330,0.21011058451816747,ok,61.0,61.0,0.2818333134568738,0.4576297087034207,0.34883501480140505,0.5441694337842311,0.5710380581479044,0.5572800739227849,2.0,0.5250117281786288,0.5372063621354933,0.5310390458326766,0.8860148308836668,0.6514219512785633,0.7508204782043281,3.0,,1.0,1.0,1.0,1.0,1.0,1.0,3.0
20,71,6349,0.21247440541817608,ok,55.0,55.0,0.22309564088156505,0.3761430400307921,0.28007495260835147,0.4341914480991117,0.479752198731706,0.45583620525918916,2.0,0.5331334366603868,0.5416451863991485,0.5373556069686325,0.8911382948436667,0.650402853612095,0.7519732969956078,3.0,,0.6306172424145763,0.9999999999999992,0.7734705926214471,1.0,1.0,1.0,2.0
20,72,6368,0.21482412060301506,ok,43.0,43.0,0.0,1.0,0.0,0.0,1.0,0.0,1.0,0.5397632730339251,0.5561296365586219,0.5478242449285584,0.9012146382594364,0.6765435324699922,0.7728826206614717,3.0,,1.0,1.0,1.0,1.0,1.0,1.0,3.0
20,73,6387,0.2171598559574135,ok,65.0,65.0,0.24395936570838836,0.4124388069694481,0.30657705621363746,0.4750861826693044,0.5130728684376223,0.49334938585882393,2.0,0.5341028393354452,0.5465054641945829,0.5402329765283932,0.8875398098329941,0.6587933636626258,0.7562475496565704,3.0,,0.6279864985216002,1.0000000000000002,0.7714885830956024,1.0,1.0,1.0,2.0
20,74,6406,0.21948173587261943,ok,71.0,71.0,0.45032798637149013,0.6991480151041074,0.5478077270221996,0.8739609836793968,0.8750536592175684,0.8745069801306335,2.0,0.5196193604893061,0.5299855019524126,0.5247512420101962,0.8820525437562148,0.6439566610169642,0.7444301241986256,3.0,,1.0,1.0,1.0,1.0,1.0,1.0,3.0
20,75,6425,0.22178988326848248,ok,51.0,51.0,0.3646224505780112,0.5625109545495334,0.4424479186932353,0.7195923157484027,0.7195952225896918,0.7195937691661116,2.0,0.5207760837003356,0.533167372170101,0.5268988853035355,0.8763939431789364,0.6466176979733884,0.7441726888278017,3.0,,1.0,1.0,1.0,1.0,1.0,1.0,3.0
20,76,6444,0.22408441961514589,ok,64.0,64.0,0.0,1.0,0.0,0.0,1.0,0.0,1.0,0.5278050466560439,0.5434157678708459,0.5354966610527936,0.8887239447289019,0.6642765891140742,0.760281143249383,3.0,,1.0,1.0,1.0,1.0,1.0,1.0,3.0
20,77,6463,0.22636546495435556,ok,67.0,67.0,0.4348942312072679,0.6761347094620631,0.5293238976959627,0.8620970815972344,0.8634617841858409,0.862778893236475,2.0,0.51046453632724,0.52503703244876,0.5176482458455124,0.8768199747021653,0.646034671442353,0.7439398181631173,3.0,,0.6230131837882977,1.0000000000000004,0.7677241195713691,1.0,1.0,1.0,2.0
20,78,6482,0.22863313792039494,ok,68.0,68.0,0.45694063650066463,0.4713010747623176,0.46400977347230543,0.8815321056790044,0.6101286908562882,0.7211398607980949,3.0,0.5245636863493117,0.538366244815078,0.5313753497878629,0.889507234234649,0.6583404295779224,0.7566617676784743,3.0,,0.6218260694220122,1.0000000000000002,0.7668221409754735,1.0,1.0,1.0,2.0
20,79,6501,0.2308875557606522,ok,63.0,63.0,0.5631445055320672,0.7126027973824199,0.6291188686911763,1.0,0.9974604420064233,0.9987286066145942,3.0,0.5148588263887613,0.5288124946736057,0.5217423817111785,0.8866436080078267,0.6529483003330171,0.7520595993177652,3.0,,0.620660226802249,1.0000000000000009,0.7659350387426783,1.0,1.0,1.0,2.0
20,80,6520,0.2331288343558282,ok,77.0,77.0,0.40199201778617294,0.6345896338086198,0.4921946418180207,0.7935162002932609,0.79727490594387,0.7953911126021102,2.0,0.5250473454232554,0.5379922505303899,0.5314409812662924,0.8946397585717866,0.6604328885762834,0.7598995726306987,3.0,,1.0,1.0,1.0,1.0,1.0,1.0,3.0
20,81,6539,0.235357088239792,ok,78.0,78.0,0.0,1.0,0.0,0.0,1.0,0.0,1.0,0.5257344022685841,0.5417720700544344,0.5336327653284615,0.9075641742465236,0.6740354307761686,0.7735591324158131,3.0,,0.6183901037325514,0.999999999999999,0.7642040102770473,1.0,1.0,1.0,2.0
20,82,6558,0.2375724306190912,ok,74.0,74.0,0.2911955631245402,0.47514589768158394,0.3610932836549415,0.5881862134622953,0.6090794176942662,0.5984505143530058,2.0,0.5272307705523033,0.5422722828233618,0.5346457546235611,0.8929561934342451,0.6672240148293719,0.7637602544811671,3.0,,1.0,1.0,1.0,1.0,1.0,1.0,3.0
20,83,6577,0.23977497339212406,ok,60.0,60.0,0.2962396363412171,0.4883476730873959,0.368774603782073,0.5917340338091164,0.6121122285736695,0.6017506545077672,2.0,0.5155126566300585,0.5313676845675478,0.523320108209146,0.891559732232893,0.6619175981936762,0.7597652891963959,3.0,,1.0,1.0,1.0,1.0,1.0,1.0,3.0
20,84,6596,0.2419648271679806,ok,55.0,55.0,0.31688765852737305,0.5061618799802033,0.38976135816462365,0.6496427849361237,0.6636102674398064,0.6565522485888619,2.0,0.5089717306754582,0.5221210880358597,0.5154625635583389,0.8727087823398464,0.6439801229576524,0.7410974089603425,3.0,,0.6151308929067796,0.999999999999998,0.7617102683234759,1.0,1.0,1.0,2.0
20,85,6615,0.24414210128495842,ok,66.0,66.0,0.4196785320521648,0.659214286868621,0.5128555485197835,0.8549974004848321,0.8565427071335001,0.8557693561998527,2.0,0.5139260016099839,0.5315734563342275,0.5226007893165766,0.8982138259960069,0.6689026524969728,0.7667810516496651,3.0,,0.6140814287310422,0.9999999999999994,0.7609051412156081,1.0,1.0,1.0,2.0
20,86,6634,0.24630690382876091,ok,72.0,72.0,0.3717447762199087,0.5887623617425908,0.4557370242494742,0.7617493005788354,0.76707197739175,0.7644013733867355,2.0,0.5112536734559662,0.528156907965568,0.5195678477493457,0.8850870176622613,0.6608822542414975,0.7567269467292924,3.0,,0.6130496560670734,1.0000000000000002,0.7601125653649211,1.0,1.0,1.0,2.0
20,87,6653,0.24845934165038328,ok,74.0,74.0,0.4197343226125445,0.6639482630037885,0.5143238031515904,0.8497655428631149,0.8514527429299086,0.8506083062478321,2.0,0.5130887024955831,0.5267837826101234,0.5198460607170848,0.8934859476490845,0.6574978067788392,0.7575386257784121,3.0,,0.6120351317674965,1.0000000000000004,0.7593322499075289,1.0,1.0,1.0,2.0
20,88,6672,0.25059952038369304,ok,70.0,70.0,0.36226089206130707,0.5802585586777987,0.44604911427130534,0.7380033884648838,0.7447077645077699,0.7413404188954384,2.0,0.5095848231936306,0.5254411818747428,0.5173915446628902,0.8902664088388499,0.6606221360324952,0.7584422473039653,3.0,,0.6109665083676425,0.999999999999999,0.7585092616068368,1.0,1.0,1.0,2.0
20,89,6691,0.2527275444627111,ok,71.0,71.0,0.2918970305046529,0.4848766497697651,0.3644151644758045,0.5937387037359066,0.6138685586416044,0.6036358568339844,2.0,0.5181142019675838,0.5322383286047445,0.5250813014776065,0.8857263755158904,0.6601323793536705,0.7564684132800268,3.0,,1.0,1.0,1.0,1.0,1.0,1.0,3.0
20,90,6710,0.2548435171385991,ok,70.0,70.0,0.30812071293527704,0.5036145668649863,0.3823268083782503,0.6348367540692005,0.6503246648861696,0.6424873844766633,2.0,0.5073515082628351,0.5228340752556007,0.5149764487019473,0.8826307307540104,0.656467907337454,0.752932572909443,3.0,,1.0,1.0,1.0,1.0,1.0,1.0,3.0
20,91,6729,0.25694754049635904,ok,68.0,68.0,0.4789291314739249,0.7512835452476003,0.5849583289532829,1.0,1.0,1.0,2.0,0.5048381318159183,0.5202073313487308,0.5124075111834409,0.8891795013040042,0.65768024861445,0.7561070685449263,3.0,,0.60814116365649,0.9999999999999997,0.7563280853699894,1.0,1.0,1.0,2.0
20,92,6748,0.25903971547125076,ok,80.0,80.0,0.48174283886463665,0.7580894829502751,0.5891186625870357,1.0,1.0,1.0,2.0,0.5019713340378252,0.5173042488100623,0.5095224652651654,0.8890081459630917,0.656279827274532,0.7551189455722149,3.0,,1.0,1.0,1.0,1.0,1.0,1.0,3.0
20,93,6767,0.26112014186493276,ok,74.0,74.0,0.0,1.0,0.0,0.0,1.0,0.0,1.0,0.496732885420811,0.5116735579706252,0.5040925402846146,0.8803388467982839,0.6486443546403485,0.7469366865627011,3.0,,0.6062871855434568,0.9999999999999997,0.7548926381285062,1.0,1.0,1.0,2.0
20,94,6786,0.2631889183613322,ok,64.0,64.0,0.4749139283151025,0.7469073735014851,0.5806359969493373,1.0,1.0,1.0,2.0,0.4894450306646851,0.5039977903215015,0.4966148201543465,0.8737852180936049,0.6416339728735799,0.7399276507324469,3.0,,0.6054552312145782,1.000000000000001,0.7542474177327664,1.0,1.0,1.0,2.0
20,95,6805,0.2652461425422483,ok,79.0,79.0,0.4816547448761007,0.7075462186604685,0.5731461777889452,1.0,1.0,1.0,3.0,0.5038991794697991,0.5221790160220677,0.5128762678437653,0.8929882091329676,0.6693750619813297,0.76517932658601,3.0,,1.0,1.0,1.0,1.0,1.0,1.0,3.0
20,96,6824,0.2672919109026964,ok,74.0,74.0,0.0,1.0,0.0,0.0,1.0,0.0,1.0,0.5023846670061208,0.5186506264428828,0.5103880814498752,0.9001476883163557,0.6664842801862523,0.765890516944148,3.0,,1.0,1.0,1.0,1.0,1.0,1.0,3.0
20,97,6843,0.26932631886599445,ok,71.0,71.0,0.0,1.0,0.0,0.0,1.0,0.0,1.0,0.4946733939754772,0.5096000974407786,0.5020258165248699,0.8871206508659089,0.6533293062960173,0.7524839307326777,3.0,,1.0,1.0,1.0,1.0,1.0,1.0,3.0
20,98,6862,0.271349460798601,ok,78.0,78.0,0.0,1.0,0.0,0.0,1.0,0.0,1.0,0.49558708595259904,0.5116346549882879,0.5034830314547196,0.8827757065705264,0.6559415683092402,0.7526389556891339,3.0,,1.0,1.0,1.0,1.0,1.0,1.0,3.0
20,99,6881,0.2733614300247057,ok,78.0,78.0,0.2674445926631185,0.43865184433498067,0.3322919014514455,0.5784434591663156,0.6004402450558641,0.5892366331451573,2.0,0.4984071934128933,0.5177655091913833,0.5079019611936364,0.8964632696158527,0.6737100202646734,0.7692861564157498,3.0,,0.6009138979984529,1.0,0.750713575226934,1.0,1.0,1.0,2.0
20,100,6900,0.2753623188405797,ok,74.0,74.0,0.3187783947763852,0.5152625404962816,0.39387650797765295,0.686485757569204,0.6970656976048598,0.6917352754843148,2.0,0.49396579665398394,0.5074088267351898,0.5005970782027731,0.8879065924398106,0.6515046762868565,0.7515539334189152,3.0,,0.6002388768948413,1.0000000000000004,0.750186594715866,1.0,1.0,1.0,2.0
