block_length,cutoff_obs_quantile,cutoff_obs_quantile,n_segments,n_segments
,circular,moving,circular,moving
1.0,0.1414,0.1414,467.0,467.0
5.0,0.4317,0.4315,494.0,494.0
10.0,0.5786,0.5787,412.0,412.0
25.0,0.7541,0.7537,263.0,266.0
40.0,0.8163,0.8164,176.0,176.0
50.0,0.8398,0.8404,172.0,172.0
60.0,0.861,0.8611,156.0,156.0
75.0,0.8807,0.8807,134.0,134.0
100.0,0.9064,0.9063,112.0,112.0
200.0,0.9202,0.9213,98.0,98.0
400.0,0.8284,0.8273,172.0,174.0
800.0,0.6676,0.656,320.0,342.0
1600.0,0.5758,0.5717,412.0,419.0
