segment,start,end,length,cluster,mean,std
0,0,422,422,1,-0.8252664519169355,0.39827716235319655
1,422,575,153,1,-0.49911225533563325,0.3355847444656571
2,575,713,138,2,0.04759189837521103,0.22826251766737818
3,713,762,49,2,-0.22896773542980758,0.19035759203283517
4,762,927,165,1,-0.8540028069958541,0.2060027694538394
5,927,991,64,2,-0.12205086334142833,0.475795971312767
6,991,1249,258,0,0.3494610652894273,0.2707287870021801
7,1249,1332,83,0,0.6394668120935739,0.3701180652432549
8,1332,2462,1130,0,1.0814679576759845,0.21644904401181575
9,2462,2838,376,2,0.13849251078035524,0.30934091540572967
10,2838,2942,104,1,-0.5281555741452254,0.1965119339826638
11,2942,4082,1140,1,-0.93504125207924,0.28804915132360526
12,4082,4108,26,1,-0.838872118638112,0.04876337990149499
13,4108,8148,4040,1,-0.950341394191405,0.2718696361657705
14,8148,8363,215,2,-0.24693286740329373,0.40241900411580106
15,8363,10393,2030,0,0.8689150094692343,0.27621284385300043
16,10393,10541,148,0,0.4920970024289312,0.12418727143999886
17,10541,10736,195,2,-0.07304379534071836,0.2638026895444722
18,10736,10949,213,0,0.5378170880956897,0.6193236077819061
19,10949,11084,135,0,1.222366400118227,0.1486938846342919
20,11084,11427,343,0,0.21830035632058065,0.5120825008683704
21,11427,11879,452,1,-0.9539698885869136,0.22741886582562187
22,11879,12095,216,2,-0.3289655123975266,0.4325744679449074
23,12095,16012,3917,0,0.8326003116745485,0.3091306333198405
24,16012,16160,148,2,0.0838639687973301,0.32074570759337795
25,16160,16612,452,2,-0.1230054673454436,0.3350648713779979
26,16612,16802,190,1,-0.4559431907622829,0.42374293618366154
27,16802,17840,1038,1,-0.8996021455021033,0.22949351088992204
28,17840,17866,26,1,-0.37490582638061964,0.11080170530242879
29,17866,18102,236,2,-0.05817607608505414,0.1525438412074457
30,18102,18214,112,1,-0.5142357991343098,0.2899960383492708
31,18214,18341,127,1,-0.9654214630915421,0.14577111876796417
32,18341,18564,223,2,-0.19988892701425226,0.598272878530185
33,18564,20230,1666,0,0.8378868701935958,0.27182918813749174
34,20230,20339,109,0,0.448169748444076,0.2327662542970303
35,20339,20496,157,2,-0.13746155031428786,0.20125955136958074
36,20496,20597,101,0,0.4773427642476145,0.3029533094784397
37,20597,21271,674,0,1.0830506647906601,0.3214289831780466
38,21271,21428,157,0,0.8795511889609562,0.1431737761892528
39,21428,21913,485,0,0.5362022202346742,0.287320694625784
40,21913,22130,217,2,-0.11104149410870216,0.42323879416989485
41,22130,22896,766,1,-0.8926319941761599,0.23862737437739176
42,22896,22932,36,1,-0.8943700724177892,0.1371589751956643
43,22932,23136,204,1,-1.3689052699243318,0.13913381044073744
44,23136,23195,59,1,-1.1473883885448262,0.18760589344599563
45,23195,24143,948,1,-0.7695847305150915,0.31442809619024714
46,24143,24395,252,0,0.31508659715172904,0.5242689709818885
47,24395,25288,893,0,0.9485179359408269,0.21769174398703797
48,25288,25497,209,2,0.15753047892814903,0.23553226924445816
49,25497,26767,1270,1,-0.6071499010327999,0.32724444815292125
50,26767,26968,201,1,-0.7196655270981773,0.5432386000452669
51,26968,27564,596,1,-1.0707137049644586,0.15899184121405685
52,27564,27779,215,2,-0.10584271912311392,0.6140253697858832
53,27779,27877,98,0,1.0403421642828958,0.175760337210457
54,27877,28001,124,2,0.12119128344760786,0.20464942061103178
55,28001,28464,463,2,-0.2712123594400181,0.28043803215508234
56,28464,28709,245,0,0.46972583064011164,0.5866556441440876
57,28709,29458,749,0,0.6830499828339259,0.3851959798407679
58,29458,29694,236,2,-0.18812945855670934,0.6560593062664102
59,29694,29809,115,1,-1.1057985621949904,0.13539576699295153
60,29809,29911,102,1,-0.7592014979534581,0.46112449694593
61,29911,30070,159,2,-0.08899799674023058,0.1451321326877301
62,30070,30168,98,1,-0.7589373366565122,0.24247624515489252
63,30168,32054,1886,1,-0.9724127015697425,0.27242928267544103
64,32054,32268,214,2,-0.29866925913570697,0.5797836035286561
65,32268,33561,1293,0,0.7301309528628801,0.3360065306340589
66,33561,33620,59,0,0.5549782767134198,0.17364754498858437
67,33620,33794,174,0,1.1292408728736567,0.18844956783907219
68,33794,34149,355,2,-0.1350194371082413,0.7788149278745252
69,34149,35758,1609,1,-0.9699880332125129,0.276982848630829
70,35758,35842,84,1,-0.5484844247500101,0.239068086801559
71,35842,36107,265,2,-0.0906003006022283,0.13989392418156543
72,36107,36304,197,0,0.47982737000294146,0.3749140384328081
73,36304,39501,3197,0,0.9191415684695612,0.2742109977918712
74,39501,39617,116,0,0.6627196020221916,0.3096327765482959
75,39617,39779,162,2,0.13114424740728914,0.21447553439623415
76,39779,39869,90,0,0.7641626947455936,0.20211377592851654
77,39869,41153,1284,0,1.1663671903242574,0.18656367712084146
78,41153,41289,136,0,0.7737120221204618,0.137318090604122
79,41289,41449,160,2,0.15187929404783063,0.1498115720607592
80,41449,41566,117,0,0.9934903420189506,0.33959740493134893
81,41566,42952,1386,0,0.985941852003465,0.2325461326824167
82,42952,43171,219,0,0.2821686331556949,0.38345095349339925
83,43171,44976,1805,1,-0.9865227812792786,0.27057512819853924
84,44976,44999,23,1,-1.0038661257080408,0.027308735295390296
85,44999,45210,211,1,-0.4714068844119943,0.24603465725054427
86,45210,45256,46,1,-1.0090723102507384,0.13680276879437087
87,45256,50615,5359,1,-1.0055006504792912,0.24731308028422555
88,50615,50824,209,2,-0.09154612414146727,0.4956735411541296
89,50824,51496,672,0,0.6925091085223748,0.2916209159790065
90,51496,51568,72,2,0.21838782361656842,0.21117206312263279
91,51568,52173,605,2,-0.2580840669445355,0.34190568781654146
92,52173,52265,92,1,-0.6205582435688247,0.18631437230765086
93,52265,53697,1432,1,-0.955242390947302,0.22944312921731172
94,53697,53832,135,1,-0.461890033804984,0.2989495722954702
95,53832,54091,259,2,-0.1025654576812299,0.27091345955010826
96,54091,54262,171,0,0.4923398015470577,0.3228601438039178
97,54262,54973,711,0,0.9469944554709852,0.19685755298281526
98,54973,55029,56,0,0.5077591056802443,0.13552133457414947
99,55029,56399,1370,0,0.690724424916204,0.35187065092991415
100,56399,56427,28,0,0.7755682681288036,0.10058489501364484
101,56427,56614,187,2,0.24285518628032132,0.2218385276513045
102,56614,56701,87,0,0.9446134608367394,0.15092410592729955
103,56701,57750,1049,0,0.922351257987427,0.21572533827779783
104,57750,58023,273,2,-0.14166994577771808,0.5116595725527854
105,58023,58437,414,1,-0.914443610874927,0.24014328287519407
106,58437,58653,216,2,-0.09800567034700955,0.5340788977345892
107,58653,59353,700,0,0.8591165654999869,0.15708978642857185
108,59353,59717,364,2,-0.0857239477899294,0.4001172065325726
109,59717,60020,303,1,-1.0209350644952,0.18297690115927076
110,60020,60085,65,1,-0.7197959120456989,0.27573789407751587
111,60085,62583,2498,1,-0.7725898418832776,0.3699869205178794
112,62583,62782,199,0,0.40804174333698484,0.4291149913608744
113,62782,63403,621,0,0.8148750339105317,0.269046450625642
114,63403,63613,210,2,-0.039714716037824074,0.37413975497513063
115,63613,63750,137,1,-0.8287048840174709,0.12384081490109466
116,63750,63926,176,2,-0.17226192882729016,0.2971007903480846
117,63926,71198,7272,0,0.9166232875137968,0.28753564691123673
118,71198,71413,215,2,-0.38491175754732193,0.5733761199398305
119,71413,71917,504,1,-0.9225741879097997,0.2983417104919742
120,71917,72204,287,0,0.3903957011651909,0.5346095856330173
121,72204,73457,1253,0,0.9890690856663018,0.23268080774256372
122,73457,73526,69,0,0.5784432633199553,0.18998017009542484
123,73526,73795,269,2,0.1964411868274101,0.1555514724266566
124,73795,73931,136,0,0.5726365657961544,0.3704282925304674
125,73931,78712,4781,0,1.0032364173241612,0.2815161522445058
126,78712,78797,85,0,0.8942231679663939,0.20668786982789256
127,78797,80168,1371,0,0.7320381856939866,0.28930220888124664
128,80168,80301,133,0,0.4622826910388649,0.21277107116431546
129,80301,83738,3437,1,-0.7413175706522676,0.31537030513292263
130,83738,83749,11,1,-0.7099139636213129,0.1061754896647048
131,83749,83910,161,2,-0.18399204268635064,0.16152758380430943
132,83910,84002,92,1,-0.7558192176663358,0.21596999230339828
133,84002,84912,910,1,-1.0395767467035042,0.22431349466455985
134,84912,84949,37,1,-0.651264941370165,0.0919326565206448
135,84949,85092,143,1,-0.47116960856047546,0.1340048478427763
136,85092,85110,18,1,-0.5273324582311842,0.1525763888498189
137,85110,85186,76,2,-0.11583431685147312,0.1706336391636665
138,85186,85302,116,2,0.24444044496992537,0.11477419417143622
139,85302,85728,426,0,0.6093027577626173,0.32054680866185065
140,85728,85946,218,2,-0.3352536362160099,0.4191504497590659
141,85946,87740,1794,1,-0.9273473763861252,0.3103959452620185
142,87740,87955,215,2,0.16432196387024814,0.6005382011975349
143,87955,89262,1307,0,0.8878818094821586,0.22338077878838028
144,89262,89379,117,0,0.5432754383446314,0.28557342789142476
145,89379,89546,167,2,0.04619976860599335,0.135610166768934
146,89546,89694,148,0,0.562375305484779,0.3262730782428989
147,89694,90003,309,0,0.9630350231352748,0.1657436045643318
148,90003,90322,319,2,0.0032989198172634297,0.4971862319901844
149,90322,91370,1048,1,-1.0719930860889322,0.2818994701899011
150,91370,91510,140,1,-0.4685025663514221,0.3736896092605179
151,91510,96938,5428,1,-0.9531024781408511,0.3589860888008376
152,96938,97234,296,0,0.2346529730570478,0.4874999417316034
153,97234,99563,2329,0,0.9534161678451794,0.24440589791857412
154,99563,99618,55,0,0.8184661269187927,0.1274015570284702
155,99618,99999,381,0,0.8501411796965468,0.4594386046878974
156,99999,100000,1,2,0.13853631913662,0.0
