w,,25,25,50,50,100,100
detector,,mean,w2,mean,w2,mean,w2
kind,separation,,,,,,
both,5.000,0.035,0.018,0.034,0.048,0.056,0.046
both,10.000,0.040,0.051,0.057,0.037,0.040,0.051
both,20.000,0.067,0.050,0.098,0.058,0.074,0.058
both,40.000,0.072,0.094,0.108,0.098,0.085,0.099
both,80.000,0.067,0.093,0.066,0.061,0.068,0.053
mean,5.000,0.079,0.051,0.098,0.034,0.072,0.051
mean,10.000,0.046,0.052,0.083,0.069,0.085,0.101
mean,20.000,0.096,0.086,0.072,0.058,0.063,0.075
mean,40.000,0.052,0.083,0.043,0.073,0.055,0.074
mean,80.000,0.017,0.033,0.025,0.019,0.028,0.016
variance,5.000,0.019,0.060,0.047,0.042,0.041,0.044
variance,10.000,0.044,0.039,0.049,0.060,0.038,0.094
variance,20.000,0.031,0.045,0.017,0.069,0.023,0.070
variance,40.000,0.026,0.044,0.020,0.031,0.041,0.083
variance,80.000,0.033,0.078,0.044,0.048,0.055,0.068
