transition_length,,10,10,25,25,50,50
detector,,mean,w2,mean,w2,mean,w2
kind,separation,,,,,,
both,5.000,0.148,0.156,0.144,0.152,0.124,0.133
both,10.000,0.215,0.191,0.166,0.196,0.127,0.138
both,20.000,0.341,0.340,0.277,0.258,0.161,0.174
both,40.000,0.542,0.522,0.413,0.419,0.218,0.223
both,80.000,0.639,0.717,0.496,0.581,0.283,0.291
mean,5.000,0.180,0.163,0.155,0.161,0.131,0.138
mean,10.000,0.298,0.251,0.254,0.206,0.183,0.170
mean,20.000,0.541,0.476,0.469,0.382,0.262,0.206
mean,40.000,0.795,0.767,0.718,0.691,0.510,0.441
mean,80.000,0.933,0.927,0.884,0.854,0.748,0.751
variance,5.000,0.145,0.152,0.135,0.151,0.129,0.130
variance,10.000,0.149,0.191,0.141,0.185,0.129,0.156
variance,20.000,0.149,0.267,0.134,0.222,0.139,0.161
variance,40.000,0.146,0.435,0.155,0.329,0.140,0.203
variance,80.000,0.183,0.506,0.167,0.411,0.160,0.238
