start,end,cluster
0,171,0
171,174,2
174,177,2
177,179,2
179,429,2
429,442,2
442,965,0
965,972,0
972,1001,2
1001,1009,2
1009,1201,2
1201,1206,2
1206,1630,0
1630,1646,1
1646,1653,2
1653,1654,2
1654,1674,2
1674,1678,2
1678,2088,2
2088,2089,2
2089,2097,1
2097,2099,2
2099,2396,0
2396,2407,2
2407,2408,2
2408,2418,2
2418,2419,2
2419,2423,2
2423,2425,2
2425,2646,2
2646,2647,1
2647,2813,0
2813,2819,1
2819,2827,1
2827,2828,1
2828,2834,1
2834,2863,2
2863,3118,2
3118,3311,0
3311,3314,1
3314,3333,2
3333,3335,2
3335,3579,2
3579,3581,2
3581,3875,0
3875,3877,1
3877,4336,2
4336,4343,2
4343,4359,2
4359,4364,2
4364,4951,0
4951,4954,2
4954,4962,2
4962,4964,2
4964,5377,2
5377,5380,2
5380,5381,2
5381,5393,2
5393,5395,2
5395,5398,1
5398,5401,2
5401,5582,0
5582,5583,1
5583,5594,2
5594,5596,2
5596,5600,2
5600,5605,2
5605,5608,2
5608,5610,2
5610,5839,2
5839,5841,2
5841,5853,2
5853,5861,2
5861,5872,1
5872,5878,0
5878,6282,0
6282,6286,0
6286,6804,2
6804,6805,2
