dataset,rule,cluster,n_segments,n_points,mean_x,std_x,frac_core
toy_s5_tl6,fixed,1,9,2190,100.1063639975369,5.170162892486641,0.0
toy_s5_tl6,fixed,2,19,588,137.67522343363214,44.08626945342318,0.19387755102040816
toy_s5_tl6,fixed,0,10,2336,200.12575565268543,5.04446800812119,0.0
toy_s5_tl6,shuffle,0,9,1922,100.10297716997232,5.137025669789571,0.0
toy_s5_tl6,shuffle,2,19,1148,144.80623584277657,47.758611061453564,0.09930313588850175
toy_s5_tl6,shuffle,1,10,2044,200.1194974902448,5.017371404085061,0.0
toy_s5_tl6,auto,1,9,1923,100.10464040116082,5.136207432313498,0.0
toy_s5_tl6,auto,0,19,1147,144.84242142699395,47.76369237291642,0.0993897122929381
toy_s5_tl6,auto,2,10,2044,200.1194974902448,5.017371404085061,0.0
toy_s5_tl48,fixed,1,28,3214,110.10367883646718,24.482473198499175,0.18263845675171125
toy_s5_tl48,fixed,0,10,2698,197.69631478945362,9.237645981859858,0.12045959970348406
toy_s5_tl48,shuffle,0,9,2328,100.0051231756164,5.117371797395937,0.003436426116838488
toy_s5_tl48,shuffle,1,19,1219,148.68901715240958,35.478085754934625,0.7251845775225595
toy_s5_tl48,shuffle,2,10,2365,200.08204753519203,5.124268041482412,0.008456659619450317
toy_s5_tl48,auto,0,9,2328,100.0051231756164,5.117371797395937,0.003436426116838488
toy_s5_tl48,auto,1,19,1219,148.68901715240958,35.478085754934625,0.7251845775225595
toy_s5_tl48,auto,2,10,2365,200.08204753519203,5.124268041482412,0.008456659619450317
toy_s20_tl48,fixed,0,7,2063,102.07918090432335,21.725470611962102,0.11730489578284052
toy_s20_tl48,fixed,1,39,3849,175.06850575136875,43.78044362646146,0.1740711873213822
toy_s20_tl48,shuffle,0,20,2466,100.58675826137399,20.951653318528784,0.05271695052716951
toy_s20_tl48,shuffle,3,6,8,108.09808935533832,8.992916953128477,0.0
toy_s20_tl48,shuffle,2,17,909,149.41593715868882,41.0660040286714,0.6468646864686468
toy_s20_tl48,shuffle,1,31,2529,197.586876780545,21.12830220751343,0.07671016211941478
toy_s20_tl48,auto,0,20,2466,100.58675826137399,20.951653318528784,0.05271695052716951
toy_s20_tl48,auto,3,6,8,108.09808935533832,8.992916953128477,0.0
toy_s20_tl48,auto,2,17,909,149.41593715868882,41.0660040286714,0.6468646864686468
toy_s20_tl48,auto,1,31,2529,197.586876780545,21.12830220751343,0.07671016211941478
toy_s20_tl95,fixed,0,13,3257,105.14217062347458,23.9913560159909,0.23211544365980963
toy_s20_tl95,fixed,1,12,66,132.38873806522219,15.063530332126023,1.0
toy_s20_tl95,fixed,2,54,3482,192.26212655775922,25.07114004107192,0.2823090178058587
toy_s20_tl95,shuffle,0,68,3541,108.92627778466284,27.324796917432895,0.29313753177068624
toy_s20_tl95,shuffle,1,39,3264,194.52649554889337,23.370963151369637,0.2349877450980392
toy_s20_tl95,auto,1,65,3541,108.92627778466284,27.324796917432895,0.29313753177068624
toy_s20_tl95,auto,0,47,3264,194.52649554889337,23.370963151369637,0.2349877450980392
langevin,fixed,1,52,42051,-0.9041937403171577,0.32302624777656136,0.07008156762027062
langevin,fixed,2,44,9576,-0.08713724502192988,0.4344989813628805,0.6753341687552213
langevin,fixed,0,61,48373,0.8609482337260701,0.3397795383331822,0.098236619601844
langevin,shuffle,0,211,50060,-0.7443417716417444,0.5188473235801477,0.14368757491010786
langevin,shuffle,1,255,49940,0.801996811493995,0.4187022450331293,0.1396275530636764
langevin,auto,2,59,41990,-0.9049019570297611,0.32065323884115576,0.06825434627292212
langevin,auto,0,39,9013,-0.1075824675818819,0.4359915471926819,0.6865638522134694
langevin,auto,1,74,48997,0.8522245368822491,0.34946968806695283,0.1043329183419393
prinz,fixed,1,72,1511,-0.6335799382248842,0.21272298589740182,
prinz,fixed,0,86,2142,-0.26449832554407093,0.11322878112036516,
prinz,fixed,2,27,634,-0.0033489108123028414,0.3316631519398873,
prinz,fixed,3,7,7,0.3553304938428571,0.01526223883442258,
prinz,fixed,5,210,3653,0.3611082047328224,0.17679975656551652,
prinz,fixed,4,130,2053,0.6917265751089625,0.1351418072190494,
prinz,shuffle,4,68,1633,-0.6132844631132884,0.2453877429316246,
prinz,shuffle,1,50,2206,-0.25735572073970986,0.10597080379904171,
prinz,shuffle,2,23,392,0.052096928853061227,0.26950820744210846,
prinz,shuffle,0,167,3671,0.3590573785411877,0.17296135387934414,
prinz,shuffle,3,82,2098,0.6894237131063394,0.1380789762633003,
prinz,auto,2,68,1581,-0.6347128764824161,0.20315305320562704,
prinz,auto,0,41,2307,-0.24912201546012136,0.13138047138726805,
prinz,auto,1,24,363,0.09453501491267217,0.29503988592596897,
prinz,auto,3,131,3779,0.3675185301395872,0.17305834252457636,
prinz,auto,4,65,1970,0.6958117493354313,0.13486313803588845,
