dataset,rule,w,q,block_length,cutoff,n_segments,k,tau_within,tau_global,v3,v2
toy_s5_tl6,fixed,25,0.95,,81.00349313513254,38,3,,,0.7619248883100305,0.7739093767536847
toy_s5_tl6,shuffle,25,0.95,1.0,25.586077533485934,38,3,,,0.6182665833563998,0.6292379574901137
toy_s5_tl6,auto,25,0.95,1.0,25.687188047208743,38,3,0.7753713278615303,66.289364879509,0.6184446950041137,0.6294150084326513
toy_s5_tl48,fixed,25,0.95,,47.92887884633215,38,2,,,0.5909099322000153,0.8540401023460744
toy_s5_tl48,shuffle,25,0.95,1.0,19.804821000952998,38,3,,,0.7973256740555867,0.8159347893903441
toy_s5_tl48,auto,25,0.95,1.0,19.742889164775825,38,3,0.9187153621797811,143.17823334457705,0.7973256740555867,0.8159347893903441
toy_s20_tl48,fixed,25,0.95,,47.62894502597555,46,2,,,0.3730857760721134,0.5387543388179582
toy_s20_tl48,shuffle,25,0.95,1.0,18.65055223275968,74,4,,,0.6632901550139758,0.8155046311940312
toy_s20_tl48,auto,25,0.95,1.0,18.654669348065035,74,4,0.9144862209022125,67.41389000624258,0.6632901550139758,0.8155046311940312
toy_s20_tl95,fixed,25,0.95,,31.40585366698254,79,3,,,0.5731461777889446,1.0
toy_s20_tl95,shuffle,25,0.95,1.0,17.99765000872302,107,2,,,0.5719677173785664,0.9953078345241306
toy_s20_tl95,auto,25,0.95,1.0,17.765694044881453,112,2,1.4547245187601934,71.68449612066138,0.5719677173785664,0.9953078345241306
langevin,fixed,215,0.86,,0.6599319629092446,157,3,,,0.6845381247991975,0.6845836181215436
langevin,shuffle,215,0.86,1.0,0.10646285850706366,466,2,,,0.6207026800512994,0.6207518581631742
langevin,auto,215,0.86,51.0,0.6232309847342432,172,3,50.62817532837311,1675.7441614766465,0.6867942619093684,0.6868401933616699
prinz,fixed,16,0.5,,0.13183611986884097,532,6,,,,
prinz,shuffle,16,0.5,1.0,0.21440170761743044,390,5,,,,
prinz,auto,16,0.5,2.0,0.2755757597620183,329,5,2.1187523158955406,114.72583841971338,,
