sigma,eigengap_k,ari_vs_code_default,v3,v2,fidelity_norm
0.001,9,0.526,0.685,0.685,0.082
0.001778,9,0.526,0.685,0.685,0.082
0.003162,9,0.624,0.691,0.691,0.099
0.005623,9,0.594,0.687,0.687,0.092
0.01,3,0.624,0.686,0.687,0.093
0.01778,9,0.654,0.682,0.683,0.096
0.03162,3,0.704,0.676,0.676,0.099
0.05623,3,0.72,0.678,0.678,0.101
0.1,3,0.754,0.677,0.677,0.104
0.1778,2,0.754,0.677,0.677,0.104
0.3162,2,0.939,0.669,0.669,0.117
0.5,1,1,0.66,0.66,0.122
0.5623,1,0.92,0.656,0.656,0.124
1,1,0.9,0.645,0.645,0.132
1.778,1,0.919,0.646,0.646,0.132
3.162,1,0.789,0.664,0.664,0.121
5.623,1,0.422,0.686,0.686,0.078
10,1,0.368,0.687,0.687,0.065
17.78,1,0.349,0.679,0.679,0.068
31.62,1,0.342,0.681,0.682,0.064
56.23,1,0.329,0.683,0.683,0.061
100,1,0.329,0.683,0.683,0.061
177.8,1,0.329,0.683,0.683,0.061
316.2,1,0.329,0.683,0.683,0.061
562.3,1,0.329,0.683,0.683,0.061
1000,1,0.329,0.683,0.683,0.061
