sigma,eigengap_k_median,eigengap_k_mean,frac_k_eq_3,v3,ari_vs_code_default
0.001,1,1.005,0,0.054,-0.014
0.001778,1,1.01,0,0.044,-0.013
0.003162,1,1.01,0,0.057,-0.013
0.005623,1,1.065,0.005,0.057,-0.018
0.01,1,1.175,0.005,0.042,-0.013
0.01778,1,1.325,0.035,0.021,-0.021
0.03162,1,1.53,0.11,0.016,0.004
0.05623,1,1.655,0.07,0.009,0.064
0.1,1,2.085,0.125,0.009,0.081
0.1778,2,2.985,0.09,0.033,0.22
0.3162,2,4.255,0.095,0.079,0.525
0.5,6,5.655,0.015,0.112,1
0.5623,6,5.69,0.04,0.125,0.808
1,8,5.92,0.065,0.043,0.416
1.778,10,8.53,0.015,0.055,0.298
3.162,10,9.185,0,0.109,0.162
5.623,9,8.755,0,0.315,0.153
10,9,8.08,0,0.506,0.169
17.78,8,7.51,0,0.53,0.163
31.62,7,6.75,0,0.55,0.161
56.23,5,5.905,0.01,0.563,0.168
100,4,4.725,0.12,0.562,0.161
177.8,4,3.86,0.39,0.562,0.158
316.2,3,2.855,0.825,0.562,0.158
562.3,3,2.195,0.58,0.562,0.158
1000,1,1.335,0.16,0.562,0.158
