noise_sigma,rule,mean_sigma,v3,v2,fidelity_norm
0,fixed sigma = 0.5 (code),0.5,0.502,0.659,0.136
0,fixed sigma = 1.0 (manuscript),1,0.365,0.517,0.176
0,median heuristic,1105,0.607,0.801,0.088
0,best sigma per trajectory (ceiling),12.77,0.613,0.81,0.106
5,fixed sigma = 0.5 (code),0.5,0.216,0.234,0.215
5,fixed sigma = 1.0 (manuscript),1,0.076,0.106,0.234
5,median heuristic,885.7,0.58,0.775,0.074
5,best sigma per trajectory (ceiling),18.7,0.596,0.789,0.107
20,fixed sigma = 0.5 (code),0.5,0.008,0.009,0.202
20,fixed sigma = 1.0 (manuscript),1,0.009,0.009,0.202
20,median heuristic,807.7,0.544,0.727,0.058
20,best sigma per trajectory (ceiling),83.9,0.546,0.729,0.063
